keyword,primary_niche,city_or_null,intent,h1,meta_title,meta_description,outline_bullets,cta_variant,slug,intro,faq_1_q,faq_1_a,faq_2_q,faq_2_a,faq_3_q,faq_3_a
how to automate inventory in pet supplies Shopify store,pet supplies,,informational,How To Automate Inventory In Pet Supplies Shopify Store,How To Automate Inventory In Pet Supplies Shopify Store (2026),Practical guide for how to automate inventory in pet supplies Shopify store. Get a free AI mockup for your pet supplies store or lead system — reply in und,supplier sync|low-stock alerts|SKU naming|bundles|returns workflow,whatsapp_mockup,how-to-automate-inventory-in-pet-supplies-shopify-store,Searching for “how to automate inventory in pet supplies Shopify store”? This page breaks down a practical setup for pet supplies — plus how to get a ready system without waiting weeks.,How fast can I launch a pet supplies solution?,Most turnkey Shopify transfers happen the same day after payment. WordPress lead automation usually goes live within 48–72 hours.,Is this DIY or done-for-you?,"Both paths exist: buy a prebuilt store, or get the same automation wired on your site. Start with a free WhatsApp mockup.",What do I need before we start?,"A WhatsApp number, niche preference, and budget range. Domain and Shopify/WordPress access come after the mockup call."
pet supplies Shopify inventory automation with AutoDS,pet supplies,,informational,Pet Supplies Shopify Inventory Automation With AutoDS,Pet Supplies Shopify Inventory Automation With AutoDS (2026),Practical guide for pet supplies Shopify inventory automation with AutoDS. Get a free AI mockup for your pet supplies store or lead system — reply in under,supplier sync|low-stock alerts|SKU naming|bundles|returns workflow,whatsapp_mockup,pet-supplies-shopify-inventory-automation-with-autods,Searching for “pet supplies Shopify inventory automation with AutoDS”? This page breaks down a practical setup for pet supplies — plus how to get a ready system without waiting weeks.,How fast can I launch a pet supplies solution?,Most turnkey Shopify transfers happen the same day after payment. WordPress lead automation usually goes live within 48–72 hours.,Is this DIY or done-for-you?,"Both paths exist: buy a prebuilt store, or get the same automation wired on your site. Start with a free WhatsApp mockup.",What do I need before we start?,"A WhatsApp number, niche preference, and budget range. Domain and Shopify/WordPress access come after the mockup call."
Pet Supplies Shopify Flow order to supplier automation,pet supplies,,informational,Pet Supplies Shopify Flow Order To Supplier Automation,Pet Supplies Shopify Flow Order To Supplier Automation (2026),Practical guide for Pet Supplies Shopify Flow order to supplier automation. Get a free AI mockup for your pet supplies store or lead system — reply in unde,Flow trigger|supplier notify|SKU map|exceptions|refund alert,whatsapp_mockup,pet-supplies-shopify-flow-order-to-supplier-automation,Searching for “Pet Supplies Shopify Flow order to supplier automation”? This page breaks down a practical setup for pet supplies — plus how to get a ready system without waiting weeks.,How fast can I launch a pet supplies solution?,Most turnkey Shopify transfers happen the same day after payment. WordPress lead automation usually goes live within 48–72 hours.,Is this DIY or done-for-you?,"Both paths exist: buy a prebuilt store, or get the same automation wired on your site. Start with a free WhatsApp mockup.",What do I need before we start?,"A WhatsApp number, niche preference, and budget range. Domain and Shopify/WordPress access come after the mockup call."
how to automate inventory in home fitness Shopify store,home fitness,,informational,How To Automate Inventory In Home Fitness Shopify Store,How To Automate Inventory In Home Fitness Shopify Store (2026),Practical guide for how to automate inventory in home fitness Shopify store. Get a free AI mockup for your home fitness store or lead system — reply in und,supplier sync|low-stock alerts|SKU naming|bundles|returns workflow,whatsapp_mockup,how-to-automate-inventory-in-home-fitness-shopify-store,Searching for “how to automate inventory in home fitness Shopify store”? This page breaks down a practical setup for home fitness — plus how to get a ready system without waiting weeks.,How fast can I launch a home fitness solution?,Most turnkey Shopify transfers happen the same day after payment. WordPress lead automation usually goes live within 48–72 hours.,Is this DIY or done-for-you?,"Both paths exist: buy a prebuilt store, or get the same automation wired on your site. Start with a free WhatsApp mockup.",What do I need before we start?,"A WhatsApp number, niche preference, and budget range. Domain and Shopify/WordPress access come after the mockup call."
home fitness Shopify inventory automation with AutoDS,home fitness,,informational,Home Fitness Shopify Inventory Automation With AutoDS,Home Fitness Shopify Inventory Automation With AutoDS (2026),Practical guide for home fitness Shopify inventory automation with AutoDS. Get a free AI mockup for your home fitness store or lead system — reply in under,supplier sync|low-stock alerts|SKU naming|bundles|returns workflow,whatsapp_mockup,home-fitness-shopify-inventory-automation-with-autods,Searching for “home fitness Shopify inventory automation with AutoDS”? This page breaks down a practical setup for home fitness — plus how to get a ready system without waiting weeks.,How fast can I launch a home fitness solution?,Most turnkey Shopify transfers happen the same day after payment. WordPress lead automation usually goes live within 48–72 hours.,Is this DIY or done-for-you?,"Both paths exist: buy a prebuilt store, or get the same automation wired on your site. Start with a free WhatsApp mockup.",What do I need before we start?,"A WhatsApp number, niche preference, and budget range. Domain and Shopify/WordPress access come after the mockup call."
Home Fitness Shopify Flow order to supplier automation,home fitness,,informational,Home Fitness Shopify Flow Order To Supplier Automation,Home Fitness Shopify Flow Order To Supplier Automation (2026),Practical guide for Home Fitness Shopify Flow order to supplier automation. Get a free AI mockup for your home fitness store or lead system — reply in unde,Flow trigger|supplier notify|SKU map|exceptions|refund alert,whatsapp_mockup,home-fitness-shopify-flow-order-to-supplier-automation,Searching for “Home Fitness Shopify Flow order to supplier automation”? This page breaks down a practical setup for home fitness — plus how to get a ready system without waiting weeks.,How fast can I launch a home fitness solution?,Most turnkey Shopify transfers happen the same day after payment. WordPress lead automation usually goes live within 48–72 hours.,Is this DIY or done-for-you?,"Both paths exist: buy a prebuilt store, or get the same automation wired on your site. Start with a free WhatsApp mockup.",What do I need before we start?,"A WhatsApp number, niche preference, and budget range. Domain and Shopify/WordPress access come after the mockup call."
how to automate inventory in eco kitchen gadgets Shopify store,eco kitchen gadgets,,informational,How To Automate Inventory In Eco Kitchen Gadgets Shopify Store,How To Automate Inventory In Eco Kitchen Gadgets Shopif...,Practical guide for how to automate inventory in eco kitchen gadgets Shopify store. Get a free AI mockup for your eco kitchen gadgets store or lead system ,supplier sync|low-stock alerts|SKU naming|bundles|returns workflow,whatsapp_mockup,how-to-automate-inventory-in-eco-kitchen-gadgets-shopify-store,Searching for “how to automate inventory in eco kitchen gadgets Shopify store”? This page breaks down a practical setup for eco kitchen gadgets — plus how to get a ready system without waiting weeks.,How fast can I launch a eco kitchen gadgets solution?,Most turnkey Shopify transfers happen the same day after payment. WordPress lead automation usually goes live within 48–72 hours.,Is this DIY or done-for-you?,"Both paths exist: buy a prebuilt store, or get the same automation wired on your site. Start with a free WhatsApp mockup.",What do I need before we start?,"A WhatsApp number, niche preference, and budget range. Domain and Shopify/WordPress access come after the mockup call."
eco kitchen gadgets Shopify inventory automation with AutoDS,eco kitchen gadgets,,informational,Eco Kitchen Gadgets Shopify Inventory Automation With AutoDS,Eco Kitchen Gadgets Shopify Inventory Automation With A...,Practical guide for eco kitchen gadgets Shopify inventory automation with AutoDS. Get a free AI mockup for your eco kitchen gadgets store or lead system — ,supplier sync|low-stock alerts|SKU naming|bundles|returns workflow,whatsapp_mockup,eco-kitchen-gadgets-shopify-inventory-automation-with-autods,Searching for “eco kitchen gadgets Shopify inventory automation with AutoDS”? This page breaks down a practical setup for eco kitchen gadgets — plus how to get a ready system without waiting weeks.,How fast can I launch a eco kitchen gadgets solution?,Most turnkey Shopify transfers happen the same day after payment. WordPress lead automation usually goes live within 48–72 hours.,Is this DIY or done-for-you?,"Both paths exist: buy a prebuilt store, or get the same automation wired on your site. Start with a free WhatsApp mockup.",What do I need before we start?,"A WhatsApp number, niche preference, and budget range. Domain and Shopify/WordPress access come after the mockup call."
Eco Kitchen Gadgets Shopify Flow order to supplier automation,eco kitchen gadgets,,informational,Eco Kitchen Gadgets Shopify Flow Order To Supplier Automation,Eco Kitchen Gadgets Shopify Flow Order To Supplier Auto...,Practical guide for Eco Kitchen Gadgets Shopify Flow order to supplier automation. Get a free AI mockup for your eco kitchen gadgets store or lead system —,Flow trigger|supplier notify|SKU map|exceptions|refund alert,whatsapp_mockup,eco-kitchen-gadgets-shopify-flow-order-to-supplier-automation,Searching for “Eco Kitchen Gadgets Shopify Flow order to supplier automation”? This page breaks down a practical setup for eco kitchen gadgets — plus how to get a ready system without waiting weeks.,How fast can I launch a eco kitchen gadgets solution?,Most turnkey Shopify transfers happen the same day after payment. WordPress lead automation usually goes live within 48–72 hours.,Is this DIY or done-for-you?,"Both paths exist: buy a prebuilt store, or get the same automation wired on your site. Start with a free WhatsApp mockup.",What do I need before we start?,"A WhatsApp number, niche preference, and budget range. Domain and Shopify/WordPress access come after the mockup call."
how to automate inventory in beauty Shopify store,beauty,,informational,How To Automate Inventory In Beauty Shopify Store,How To Automate Inventory In Beauty Shopify Store (2026),Practical guide for how to automate inventory in beauty Shopify store. Get a free AI mockup for your beauty store or lead system — reply in under 60 second,supplier sync|low-stock alerts|SKU naming|bundles|returns workflow,whatsapp_mockup,how-to-automate-inventory-in-beauty-shopify-store,Searching for “how to automate inventory in beauty Shopify store”? This page breaks down a practical setup for beauty — plus how to get a ready system without waiting weeks.,How fast can I launch a beauty solution?,Most turnkey Shopify transfers happen the same day after payment. WordPress lead automation usually goes live within 48–72 hours.,Is this DIY or done-for-you?,"Both paths exist: buy a prebuilt store, or get the same automation wired on your site. Start with a free WhatsApp mockup.",What do I need before we start?,"A WhatsApp number, niche preference, and budget range. Domain and Shopify/WordPress access come after the mockup call."
beauty Shopify inventory automation with AutoDS,beauty,,informational,Beauty Shopify Inventory Automation With AutoDS,Beauty Shopify Inventory Automation With AutoDS (2026),Practical guide for beauty Shopify inventory automation with AutoDS. Get a free AI mockup for your beauty store or lead system — reply in under 60 seconds.,supplier sync|low-stock alerts|SKU naming|bundles|returns workflow,whatsapp_mockup,beauty-shopify-inventory-automation-with-autods,Searching for “beauty Shopify inventory automation with AutoDS”? This page breaks down a practical setup for beauty — plus how to get a ready system without waiting weeks.,How fast can I launch a beauty solution?,Most turnkey Shopify transfers happen the same day after payment. WordPress lead automation usually goes live within 48–72 hours.,Is this DIY or done-for-you?,"Both paths exist: buy a prebuilt store, or get the same automation wired on your site. Start with a free WhatsApp mockup.",What do I need before we start?,"A WhatsApp number, niche preference, and budget range. Domain and Shopify/WordPress access come after the mockup call."
Beauty Shopify Flow order to supplier automation,beauty,,informational,Beauty Shopify Flow Order To Supplier Automation,Beauty Shopify Flow Order To Supplier Automation (2026),Practical guide for Beauty Shopify Flow order to supplier automation. Get a free AI mockup for your beauty store or lead system — reply in under 60 seconds,Flow trigger|supplier notify|SKU map|exceptions|refund alert,whatsapp_mockup,beauty-shopify-flow-order-to-supplier-automation,Searching for “Beauty Shopify Flow order to supplier automation”? This page breaks down a practical setup for beauty — plus how to get a ready system without waiting weeks.,How fast can I launch a beauty solution?,Most turnkey Shopify transfers happen the same day after payment. WordPress lead automation usually goes live within 48–72 hours.,Is this DIY or done-for-you?,"Both paths exist: buy a prebuilt store, or get the same automation wired on your site. Start with a free WhatsApp mockup.",What do I need before we start?,"A WhatsApp number, niche preference, and budget range. Domain and Shopify/WordPress access come after the mockup call."
how to automate inventory in baby products Shopify store,baby products,,informational,How To Automate Inventory In Baby Products Shopify Store,How To Automate Inventory In Baby Products Shopify Store (2026),Practical guide for how to automate inventory in baby products Shopify store. Get a free AI mockup for your baby products store or lead system — reply in u,supplier sync|low-stock alerts|SKU naming|bundles|returns workflow,whatsapp_mockup,how-to-automate-inventory-in-baby-products-shopify-store,Searching for “how to automate inventory in baby products Shopify store”? This page breaks down a practical setup for baby products — plus how to get a ready system without waiting weeks.,How fast can I launch a baby products solution?,Most turnkey Shopify transfers happen the same day after payment. WordPress lead automation usually goes live within 48–72 hours.,Is this DIY or done-for-you?,"Both paths exist: buy a prebuilt store, or get the same automation wired on your site. Start with a free WhatsApp mockup.",What do I need before we start?,"A WhatsApp number, niche preference, and budget range. Domain and Shopify/WordPress access come after the mockup call."
baby products Shopify inventory automation with AutoDS,baby products,,informational,Baby Products Shopify Inventory Automation With AutoDS,Baby Products Shopify Inventory Automation With AutoDS (2026),Practical guide for baby products Shopify inventory automation with AutoDS. Get a free AI mockup for your baby products store or lead system — reply in und,supplier sync|low-stock alerts|SKU naming|bundles|returns workflow,whatsapp_mockup,baby-products-shopify-inventory-automation-with-autods,Searching for “baby products Shopify inventory automation with AutoDS”? This page breaks down a practical setup for baby products — plus how to get a ready system without waiting weeks.,How fast can I launch a baby products solution?,Most turnkey Shopify transfers happen the same day after payment. WordPress lead automation usually goes live within 48–72 hours.,Is this DIY or done-for-you?,"Both paths exist: buy a prebuilt store, or get the same automation wired on your site. Start with a free WhatsApp mockup.",What do I need before we start?,"A WhatsApp number, niche preference, and budget range. Domain and Shopify/WordPress access come after the mockup call."
Baby Products Shopify Flow order to supplier automation,baby products,,informational,Baby Products Shopify Flow Order To Supplier Automation,Baby Products Shopify Flow Order To Supplier Automation (2026),Practical guide for Baby Products Shopify Flow order to supplier automation. Get a free AI mockup for your baby products store or lead system — reply in un,Flow trigger|supplier notify|SKU map|exceptions|refund alert,whatsapp_mockup,baby-products-shopify-flow-order-to-supplier-automation,Searching for “Baby Products Shopify Flow order to supplier automation”? This page breaks down a practical setup for baby products — plus how to get a ready system without waiting weeks.,How fast can I launch a baby products solution?,Most turnkey Shopify transfers happen the same day after payment. WordPress lead automation usually goes live within 48–72 hours.,Is this DIY or done-for-you?,"Both paths exist: buy a prebuilt store, or get the same automation wired on your site. Start with a free WhatsApp mockup.",What do I need before we start?,"A WhatsApp number, niche preference, and budget range. Domain and Shopify/WordPress access come after the mockup call."
buy ready made Shopify store for pet supplies,pet supplies,,transactional,Buy Ready Made Shopify Store For Pet Supplies,Buy Ready Made Shopify Store For Pet Supplies (2026),Practical guide for buy ready made Shopify store for pet supplies. Get a free AI mockup for your pet supplies store or lead system — reply in under 60 seco,preloaded products|shipping policy|tracking page|supplier connected|same-day transfer,store_transfer,buy-ready-made-shopify-store-for-pet-supplies,Searching for “buy ready made Shopify store for pet supplies”? This page breaks down a practical setup for pet supplies — plus how to get a ready system without waiting weeks.,How fast can I launch a pet supplies solution?,Most turnkey Shopify transfers happen the same day after payment. WordPress lead automation usually goes live within 48–72 hours.,Is this DIY or done-for-you?,"Both paths exist: buy a prebuilt store, or get the same automation wired on your site. Start with a free WhatsApp mockup.",What do I need before we start?,"A WhatsApp number, niche preference, and budget range. Domain and Shopify/WordPress access come after the mockup call."
ready made pet supplies Shopify store for sale,pet supplies,,transactional,Ready Made Pet Supplies Shopify Store For Sale,Ready Made Pet Supplies Shopify Store For Sale (2026),Practical guide for ready made pet supplies Shopify store for sale. Get a free AI mockup for your pet supplies store or lead system — reply in under 60 sec,preloaded products|shipping policy|tracking page|supplier connected|same-day transfer,store_transfer,ready-made-pet-supplies-shopify-store-for-sale,Searching for “ready made pet supplies Shopify store for sale”? This page breaks down a practical setup for pet supplies — plus how to get a ready system without waiting weeks.,How fast can I launch a pet supplies solution?,Most turnkey Shopify transfers happen the same day after payment. WordPress lead automation usually goes live within 48–72 hours.,Is this DIY or done-for-you?,"Both paths exist: buy a prebuilt store, or get the same automation wired on your site. Start with a free WhatsApp mockup.",What do I need before we start?,"A WhatsApp number, niche preference, and budget range. Domain and Shopify/WordPress access come after the mockup call."
turnkey pet supplies ecommerce store transfer,pet supplies,,transactional,Turnkey Pet Supplies Ecommerce Store Transfer,Turnkey Pet Supplies Ecommerce Store Transfer (2026),Practical guide for turnkey pet supplies ecommerce store transfer. Get a free AI mockup for your pet supplies store or lead system — reply in under 60 seco,preloaded products|shipping policy|tracking page|supplier connected|same-day transfer,store_transfer,turnkey-pet-supplies-ecommerce-store-transfer,Searching for “turnkey pet supplies ecommerce store transfer”? This page breaks down a practical setup for pet supplies — plus how to get a ready system without waiting weeks.,How fast can I launch a pet supplies solution?,Most turnkey Shopify transfers happen the same day after payment. WordPress lead automation usually goes live within 48–72 hours.,Is this DIY or done-for-you?,"Both paths exist: buy a prebuilt store, or get the same automation wired on your site. Start with a free WhatsApp mockup.",What do I need before we start?,"A WhatsApp number, niche preference, and budget range. Domain and Shopify/WordPress access come after the mockup call."
pet supplies dropshipping store setup cost,pet supplies,,commercial,Pet Supplies Dropshipping Store Setup Cost,Pet Supplies Dropshipping Store Setup Cost (2026),Practical guide for pet supplies dropshipping store setup cost. Get a free AI mockup for your pet supplies store or lead system — reply in under 60 seconds,theme cost|apps|products|transfer fee|ads buffer,store_transfer,pet-supplies-dropshipping-store-setup-cost,Searching for “pet supplies dropshipping store setup cost”? This page breaks down a practical setup for pet supplies — plus how to get a ready system without waiting weeks.,How fast can I launch a pet supplies solution?,Most turnkey Shopify transfers happen the same day after payment. WordPress lead automation usually goes live within 48–72 hours.,Is this DIY or done-for-you?,"Both paths exist: buy a prebuilt store, or get the same automation wired on your site. Start with a free WhatsApp mockup.",What do I need before we start?,"A WhatsApp number, niche preference, and budget range. Domain and Shopify/WordPress access come after the mockup call."
best automated Shopify store for pet supplies niche,pet supplies,,commercial,Best Automated Shopify Store For Pet Supplies Niche,Best Automated Shopify Store For Pet Supplies Niche (2026),Practical guide for best automated Shopify store for pet supplies niche. Get a free AI mockup for your pet supplies store or lead system — reply in under 6,preloaded products|shipping policy|tracking page|supplier connected|same-day transfer,store_transfer,best-automated-shopify-store-for-pet-supplies-niche,Searching for “best automated Shopify store for pet supplies niche”? This page breaks down a practical setup for pet supplies — plus how to get a ready system without waiting weeks.,How fast can I launch a pet supplies solution?,Most turnkey Shopify transfers happen the same day after payment. WordPress lead automation usually goes live within 48–72 hours.,Is this DIY or done-for-you?,"Both paths exist: buy a prebuilt store, or get the same automation wired on your site. Start with a free WhatsApp mockup.",What do I need before we start?,"A WhatsApp number, niche preference, and budget range. Domain and Shopify/WordPress access come after the mockup call."
buy ready made Shopify store for home fitness,home fitness,,transactional,Buy Ready Made Shopify Store For Home Fitness,Buy Ready Made Shopify Store For Home Fitness (2026),Practical guide for buy ready made Shopify store for home fitness. Get a free AI mockup for your home fitness store or lead system — reply in under 60 seco,preloaded products|shipping policy|tracking page|supplier connected|same-day transfer,store_transfer,buy-ready-made-shopify-store-for-home-fitness,Searching for “buy ready made Shopify store for home fitness”? This page breaks down a practical setup for home fitness — plus how to get a ready system without waiting weeks.,How fast can I launch a home fitness solution?,Most turnkey Shopify transfers happen the same day after payment. WordPress lead automation usually goes live within 48–72 hours.,Is this DIY or done-for-you?,"Both paths exist: buy a prebuilt store, or get the same automation wired on your site. Start with a free WhatsApp mockup.",What do I need before we start?,"A WhatsApp number, niche preference, and budget range. Domain and Shopify/WordPress access come after the mockup call."
ready made home fitness Shopify store for sale,home fitness,,transactional,Ready Made Home Fitness Shopify Store For Sale,Ready Made Home Fitness Shopify Store For Sale (2026),Practical guide for ready made home fitness Shopify store for sale. Get a free AI mockup for your home fitness store or lead system — reply in under 60 sec,preloaded products|shipping policy|tracking page|supplier connected|same-day transfer,store_transfer,ready-made-home-fitness-shopify-store-for-sale,Searching for “ready made home fitness Shopify store for sale”? This page breaks down a practical setup for home fitness — plus how to get a ready system without waiting weeks.,How fast can I launch a home fitness solution?,Most turnkey Shopify transfers happen the same day after payment. WordPress lead automation usually goes live within 48–72 hours.,Is this DIY or done-for-you?,"Both paths exist: buy a prebuilt store, or get the same automation wired on your site. Start with a free WhatsApp mockup.",What do I need before we start?,"A WhatsApp number, niche preference, and budget range. Domain and Shopify/WordPress access come after the mockup call."
turnkey home fitness ecommerce store transfer,home fitness,,transactional,Turnkey Home Fitness Ecommerce Store Transfer,Turnkey Home Fitness Ecommerce Store Transfer (2026),Practical guide for turnkey home fitness ecommerce store transfer. Get a free AI mockup for your home fitness store or lead system — reply in under 60 seco,preloaded products|shipping policy|tracking page|supplier connected|same-day transfer,store_transfer,turnkey-home-fitness-ecommerce-store-transfer,Searching for “turnkey home fitness ecommerce store transfer”? This page breaks down a practical setup for home fitness — plus how to get a ready system without waiting weeks.,How fast can I launch a home fitness solution?,Most turnkey Shopify transfers happen the same day after payment. WordPress lead automation usually goes live within 48–72 hours.,Is this DIY or done-for-you?,"Both paths exist: buy a prebuilt store, or get the same automation wired on your site. Start with a free WhatsApp mockup.",What do I need before we start?,"A WhatsApp number, niche preference, and budget range. Domain and Shopify/WordPress access come after the mockup call."
home fitness dropshipping store setup cost,home fitness,,commercial,Home Fitness Dropshipping Store Setup Cost,Home Fitness Dropshipping Store Setup Cost (2026),Practical guide for home fitness dropshipping store setup cost. Get a free AI mockup for your home fitness store or lead system — reply in under 60 seconds,theme cost|apps|products|transfer fee|ads buffer,store_transfer,home-fitness-dropshipping-store-setup-cost,Searching for “home fitness dropshipping store setup cost”? This page breaks down a practical setup for home fitness — plus how to get a ready system without waiting weeks.,How fast can I launch a home fitness solution?,Most turnkey Shopify transfers happen the same day after payment. WordPress lead automation usually goes live within 48–72 hours.,Is this DIY or done-for-you?,"Both paths exist: buy a prebuilt store, or get the same automation wired on your site. Start with a free WhatsApp mockup.",What do I need before we start?,"A WhatsApp number, niche preference, and budget range. Domain and Shopify/WordPress access come after the mockup call."
best automated Shopify store for home fitness niche,home fitness,,commercial,Best Automated Shopify Store For Home Fitness Niche,Best Automated Shopify Store For Home Fitness Niche (2026),Practical guide for best automated Shopify store for home fitness niche. Get a free AI mockup for your home fitness store or lead system — reply in under 6,preloaded products|shipping policy|tracking page|supplier connected|same-day transfer,store_transfer,best-automated-shopify-store-for-home-fitness-niche,Searching for “best automated Shopify store for home fitness niche”? This page breaks down a practical setup for home fitness — plus how to get a ready system without waiting weeks.,How fast can I launch a home fitness solution?,Most turnkey Shopify transfers happen the same day after payment. WordPress lead automation usually goes live within 48–72 hours.,Is this DIY or done-for-you?,"Both paths exist: buy a prebuilt store, or get the same automation wired on your site. Start with a free WhatsApp mockup.",What do I need before we start?,"A WhatsApp number, niche preference, and budget range. Domain and Shopify/WordPress access come after the mockup call."
buy ready made Shopify store for eco kitchen gadgets,eco kitchen gadgets,,transactional,Buy Ready Made Shopify Store For Eco Kitchen Gadgets,Buy Ready Made Shopify Store For Eco Kitchen Gadgets (2026),Practical guide for buy ready made Shopify store for eco kitchen gadgets. Get a free AI mockup for your eco kitchen gadgets store or lead system — reply in,preloaded products|shipping policy|tracking page|supplier connected|same-day transfer,store_transfer,buy-ready-made-shopify-store-for-eco-kitchen-gadgets,Searching for “buy ready made Shopify store for eco kitchen gadgets”? This page breaks down a practical setup for eco kitchen gadgets — plus how to get a ready system without waiting weeks.,How fast can I launch a eco kitchen gadgets solution?,Most turnkey Shopify transfers happen the same day after payment. WordPress lead automation usually goes live within 48–72 hours.,Is this DIY or done-for-you?,"Both paths exist: buy a prebuilt store, or get the same automation wired on your site. Start with a free WhatsApp mockup.",What do I need before we start?,"A WhatsApp number, niche preference, and budget range. Domain and Shopify/WordPress access come after the mockup call."
ready made eco kitchen gadgets Shopify store for sale,eco kitchen gadgets,,transactional,Ready Made Eco Kitchen Gadgets Shopify Store For Sale,Ready Made Eco Kitchen Gadgets Shopify Store For Sale (2026),Practical guide for ready made eco kitchen gadgets Shopify store for sale. Get a free AI mockup for your eco kitchen gadgets store or lead system — reply i,preloaded products|shipping policy|tracking page|supplier connected|same-day transfer,store_transfer,ready-made-eco-kitchen-gadgets-shopify-store-for-sale,Searching for “ready made eco kitchen gadgets Shopify store for sale”? This page breaks down a practical setup for eco kitchen gadgets — plus how to get a ready system without waiting weeks.,How fast can I launch a eco kitchen gadgets solution?,Most turnkey Shopify transfers happen the same day after payment. WordPress lead automation usually goes live within 48–72 hours.,Is this DIY or done-for-you?,"Both paths exist: buy a prebuilt store, or get the same automation wired on your site. Start with a free WhatsApp mockup.",What do I need before we start?,"A WhatsApp number, niche preference, and budget range. Domain and Shopify/WordPress access come after the mockup call."
turnkey eco kitchen gadgets ecommerce store transfer,eco kitchen gadgets,,transactional,Turnkey Eco Kitchen Gadgets Ecommerce Store Transfer,Turnkey Eco Kitchen Gadgets Ecommerce Store Transfer (2026),Practical guide for turnkey eco kitchen gadgets ecommerce store transfer. Get a free AI mockup for your eco kitchen gadgets store or lead system — reply in,preloaded products|shipping policy|tracking page|supplier connected|same-day transfer,store_transfer,turnkey-eco-kitchen-gadgets-ecommerce-store-transfer,Searching for “turnkey eco kitchen gadgets ecommerce store transfer”? This page breaks down a practical setup for eco kitchen gadgets — plus how to get a ready system without waiting weeks.,How fast can I launch a eco kitchen gadgets solution?,Most turnkey Shopify transfers happen the same day after payment. WordPress lead automation usually goes live within 48–72 hours.,Is this DIY or done-for-you?,"Both paths exist: buy a prebuilt store, or get the same automation wired on your site. Start with a free WhatsApp mockup.",What do I need before we start?,"A WhatsApp number, niche preference, and budget range. Domain and Shopify/WordPress access come after the mockup call."
eco kitchen gadgets dropshipping store setup cost,eco kitchen gadgets,,commercial,Eco Kitchen Gadgets Dropshipping Store Setup Cost,Eco Kitchen Gadgets Dropshipping Store Setup Cost (2026),Practical guide for eco kitchen gadgets dropshipping store setup cost. Get a free AI mockup for your eco kitchen gadgets store or lead system — reply in un,theme cost|apps|products|transfer fee|ads buffer,store_transfer,eco-kitchen-gadgets-dropshipping-store-setup-cost,Searching for “eco kitchen gadgets dropshipping store setup cost”? This page breaks down a practical setup for eco kitchen gadgets — plus how to get a ready system without waiting weeks.,How fast can I launch a eco kitchen gadgets solution?,Most turnkey Shopify transfers happen the same day after payment. WordPress lead automation usually goes live within 48–72 hours.,Is this DIY or done-for-you?,"Both paths exist: buy a prebuilt store, or get the same automation wired on your site. Start with a free WhatsApp mockup.",What do I need before we start?,"A WhatsApp number, niche preference, and budget range. Domain and Shopify/WordPress access come after the mockup call."
best automated Shopify store for eco kitchen gadgets niche,eco kitchen gadgets,,commercial,Best Automated Shopify Store For Eco Kitchen Gadgets Niche,Best Automated Shopify Store For Eco Kitchen Gadgets Niche (2026),Practical guide for best automated Shopify store for eco kitchen gadgets niche. Get a free AI mockup for your eco kitchen gadgets store or lead system — re,preloaded products|shipping policy|tracking page|supplier connected|same-day transfer,store_transfer,best-automated-shopify-store-for-eco-kitchen-gadgets-niche,Searching for “best automated Shopify store for eco kitchen gadgets niche”? This page breaks down a practical setup for eco kitchen gadgets — plus how to get a ready system without waiting weeks.,How fast can I launch a eco kitchen gadgets solution?,Most turnkey Shopify transfers happen the same day after payment. WordPress lead automation usually goes live within 48–72 hours.,Is this DIY or done-for-you?,"Both paths exist: buy a prebuilt store, or get the same automation wired on your site. Start with a free WhatsApp mockup.",What do I need before we start?,"A WhatsApp number, niche preference, and budget range. Domain and Shopify/WordPress access come after the mockup call."
buy ready made Shopify store for beauty,beauty,,transactional,Buy Ready Made Shopify Store For Beauty,Buy Ready Made Shopify Store For Beauty (2026),Practical guide for buy ready made Shopify store for beauty. Get a free AI mockup for your beauty store or lead system — reply in under 60 seconds.,preloaded products|shipping policy|tracking page|supplier connected|same-day transfer,store_transfer,buy-ready-made-shopify-store-for-beauty,Searching for “buy ready made Shopify store for beauty”? This page breaks down a practical setup for beauty — plus how to get a ready system without waiting weeks.,How fast can I launch a beauty solution?,Most turnkey Shopify transfers happen the same day after payment. WordPress lead automation usually goes live within 48–72 hours.,Is this DIY or done-for-you?,"Both paths exist: buy a prebuilt store, or get the same automation wired on your site. Start with a free WhatsApp mockup.",What do I need before we start?,"A WhatsApp number, niche preference, and budget range. Domain and Shopify/WordPress access come after the mockup call."
ready made beauty Shopify store for sale,beauty,,transactional,Ready Made Beauty Shopify Store For Sale,Ready Made Beauty Shopify Store For Sale (2026),Practical guide for ready made beauty Shopify store for sale. Get a free AI mockup for your beauty store or lead system — reply in under 60 seconds.,preloaded products|shipping policy|tracking page|supplier connected|same-day transfer,store_transfer,ready-made-beauty-shopify-store-for-sale,Searching for “ready made beauty Shopify store for sale”? This page breaks down a practical setup for beauty — plus how to get a ready system without waiting weeks.,How fast can I launch a beauty solution?,Most turnkey Shopify transfers happen the same day after payment. WordPress lead automation usually goes live within 48–72 hours.,Is this DIY or done-for-you?,"Both paths exist: buy a prebuilt store, or get the same automation wired on your site. Start with a free WhatsApp mockup.",What do I need before we start?,"A WhatsApp number, niche preference, and budget range. Domain and Shopify/WordPress access come after the mockup call."
turnkey beauty ecommerce store transfer,beauty,,transactional,Turnkey Beauty Ecommerce Store Transfer,Turnkey Beauty Ecommerce Store Transfer (2026),Practical guide for turnkey beauty ecommerce store transfer. Get a free AI mockup for your beauty store or lead system — reply in under 60 seconds.,preloaded products|shipping policy|tracking page|supplier connected|same-day transfer,store_transfer,turnkey-beauty-ecommerce-store-transfer,Searching for “turnkey beauty ecommerce store transfer”? This page breaks down a practical setup for beauty — plus how to get a ready system without waiting weeks.,How fast can I launch a beauty solution?,Most turnkey Shopify transfers happen the same day after payment. WordPress lead automation usually goes live within 48–72 hours.,Is this DIY or done-for-you?,"Both paths exist: buy a prebuilt store, or get the same automation wired on your site. Start with a free WhatsApp mockup.",What do I need before we start?,"A WhatsApp number, niche preference, and budget range. Domain and Shopify/WordPress access come after the mockup call."
beauty dropshipping store setup cost,beauty,,commercial,Beauty Dropshipping Store Setup Cost,Beauty Dropshipping Store Setup Cost (2026),Practical guide for beauty dropshipping store setup cost. Get a free AI mockup for your beauty store or lead system — reply in under 60 seconds.,theme cost|apps|products|transfer fee|ads buffer,store_transfer,beauty-dropshipping-store-setup-cost,Searching for “beauty dropshipping store setup cost”? This page breaks down a practical setup for beauty — plus how to get a ready system without waiting weeks.,How fast can I launch a beauty solution?,Most turnkey Shopify transfers happen the same day after payment. WordPress lead automation usually goes live within 48–72 hours.,Is this DIY or done-for-you?,"Both paths exist: buy a prebuilt store, or get the same automation wired on your site. Start with a free WhatsApp mockup.",What do I need before we start?,"A WhatsApp number, niche preference, and budget range. Domain and Shopify/WordPress access come after the mockup call."
best automated Shopify store for beauty niche,beauty,,commercial,Best Automated Shopify Store For Beauty Niche,Best Automated Shopify Store For Beauty Niche (2026),Practical guide for best automated Shopify store for beauty niche. Get a free AI mockup for your beauty store or lead system — reply in under 60 seconds.,preloaded products|shipping policy|tracking page|supplier connected|same-day transfer,store_transfer,best-automated-shopify-store-for-beauty-niche,Searching for “best automated Shopify store for beauty niche”? This page breaks down a practical setup for beauty — plus how to get a ready system without waiting weeks.,How fast can I launch a beauty solution?,Most turnkey Shopify transfers happen the same day after payment. WordPress lead automation usually goes live within 48–72 hours.,Is this DIY or done-for-you?,"Both paths exist: buy a prebuilt store, or get the same automation wired on your site. Start with a free WhatsApp mockup.",What do I need before we start?,"A WhatsApp number, niche preference, and budget range. Domain and Shopify/WordPress access come after the mockup call."
buy ready made Shopify store for baby products,baby products,,transactional,Buy Ready Made Shopify Store For Baby Products,Buy Ready Made Shopify Store For Baby Products (2026),Practical guide for buy ready made Shopify store for baby products. Get a free AI mockup for your baby products store or lead system — reply in under 60 se,preloaded products|shipping policy|tracking page|supplier connected|same-day transfer,store_transfer,buy-ready-made-shopify-store-for-baby-products,Searching for “buy ready made Shopify store for baby products”? This page breaks down a practical setup for baby products — plus how to get a ready system without waiting weeks.,How fast can I launch a baby products solution?,Most turnkey Shopify transfers happen the same day after payment. WordPress lead automation usually goes live within 48–72 hours.,Is this DIY or done-for-you?,"Both paths exist: buy a prebuilt store, or get the same automation wired on your site. Start with a free WhatsApp mockup.",What do I need before we start?,"A WhatsApp number, niche preference, and budget range. Domain and Shopify/WordPress access come after the mockup call."
ready made baby products Shopify store for sale,baby products,,transactional,Ready Made Baby Products Shopify Store For Sale,Ready Made Baby Products Shopify Store For Sale (2026),Practical guide for ready made baby products Shopify store for sale. Get a free AI mockup for your baby products store or lead system — reply in under 60 s,preloaded products|shipping policy|tracking page|supplier connected|same-day transfer,store_transfer,ready-made-baby-products-shopify-store-for-sale,Searching for “ready made baby products Shopify store for sale”? This page breaks down a practical setup for baby products — plus how to get a ready system without waiting weeks.,How fast can I launch a baby products solution?,Most turnkey Shopify transfers happen the same day after payment. WordPress lead automation usually goes live within 48–72 hours.,Is this DIY or done-for-you?,"Both paths exist: buy a prebuilt store, or get the same automation wired on your site. Start with a free WhatsApp mockup.",What do I need before we start?,"A WhatsApp number, niche preference, and budget range. Domain and Shopify/WordPress access come after the mockup call."
turnkey baby products ecommerce store transfer,baby products,,transactional,Turnkey Baby Products Ecommerce Store Transfer,Turnkey Baby Products Ecommerce Store Transfer (2026),Practical guide for turnkey baby products ecommerce store transfer. Get a free AI mockup for your baby products store or lead system — reply in under 60 se,preloaded products|shipping policy|tracking page|supplier connected|same-day transfer,store_transfer,turnkey-baby-products-ecommerce-store-transfer,Searching for “turnkey baby products ecommerce store transfer”? This page breaks down a practical setup for baby products — plus how to get a ready system without waiting weeks.,How fast can I launch a baby products solution?,Most turnkey Shopify transfers happen the same day after payment. WordPress lead automation usually goes live within 48–72 hours.,Is this DIY or done-for-you?,"Both paths exist: buy a prebuilt store, or get the same automation wired on your site. Start with a free WhatsApp mockup.",What do I need before we start?,"A WhatsApp number, niche preference, and budget range. Domain and Shopify/WordPress access come after the mockup call."
baby products dropshipping store setup cost,baby products,,commercial,Baby Products Dropshipping Store Setup Cost,Baby Products Dropshipping Store Setup Cost (2026),Practical guide for baby products dropshipping store setup cost. Get a free AI mockup for your baby products store or lead system — reply in under 60 secon,theme cost|apps|products|transfer fee|ads buffer,store_transfer,baby-products-dropshipping-store-setup-cost,Searching for “baby products dropshipping store setup cost”? This page breaks down a practical setup for baby products — plus how to get a ready system without waiting weeks.,How fast can I launch a baby products solution?,Most turnkey Shopify transfers happen the same day after payment. WordPress lead automation usually goes live within 48–72 hours.,Is this DIY or done-for-you?,"Both paths exist: buy a prebuilt store, or get the same automation wired on your site. Start with a free WhatsApp mockup.",What do I need before we start?,"A WhatsApp number, niche preference, and budget range. Domain and Shopify/WordPress access come after the mockup call."
best automated Shopify store for baby products niche,baby products,,commercial,Best Automated Shopify Store For Baby Products Niche,Best Automated Shopify Store For Baby Products Niche (2026),Practical guide for best automated Shopify store for baby products niche. Get a free AI mockup for your baby products store or lead system — reply in under,preloaded products|shipping policy|tracking page|supplier connected|same-day transfer,store_transfer,best-automated-shopify-store-for-baby-products-niche,Searching for “best automated Shopify store for baby products niche”? This page breaks down a practical setup for baby products — plus how to get a ready system without waiting weeks.,How fast can I launch a baby products solution?,Most turnkey Shopify transfers happen the same day after payment. WordPress lead automation usually goes live within 48–72 hours.,Is this DIY or done-for-you?,"Both paths exist: buy a prebuilt store, or get the same automation wired on your site. Start with a free WhatsApp mockup.",What do I need before we start?,"A WhatsApp number, niche preference, and budget range. Domain and Shopify/WordPress access come after the mockup call."
best automated WordPress setup for Austin realtors,wordpress automation,Austin,commercial,Best Automated WordPress Setup For Austin Realtors,Best Automated WordPress Setup For Austin Realtors (2026),Practical guide for best automated WordPress setup for Austin realtors. Get a free AI mockup for your wordpress automation store or lead system — reply in ,Fluent Forms|Make.com|WhatsApp reply|CRM sheet|follow-up sequence,automation_demo,best-automated-wordpress-setup-for-austin-realtors,Searching for “best automated WordPress setup for Austin realtors”? This page breaks down a practical setup for wordpress automation in Austin — plus how to get a ready system without waiting weeks.,How fast can I launch a wordpress automation solution?,Most turnkey Shopify transfers happen the same day after payment. WordPress lead automation usually goes live within 48–72 hours.,Is this DIY or done-for-you?,"Both paths exist: buy a prebuilt store, or get the same automation wired on your site. Start with a free WhatsApp mockup.",What do I need before we start?,"A WhatsApp number, niche preference, and budget range. Domain and Shopify/WordPress access come after the mockup call."
Austin realtors WhatsApp lead automation,wordpress automation,Austin,commercial,Austin Realtors WhatsApp Lead Automation,Austin Realtors WhatsApp Lead Automation (2026),Practical guide for Austin realtors WhatsApp lead automation. Get a free AI mockup for your wordpress automation store or lead system — reply in under 60 s,form fields|AI proposal|Whapi/Twilio|speed reply|CTA,automation_demo,austin-realtors-whatsapp-lead-automation,Searching for “Austin realtors WhatsApp lead automation”? This page breaks down a practical setup for wordpress automation in Austin — plus how to get a ready system without waiting weeks.,How fast can I launch a wordpress automation solution?,Most turnkey Shopify transfers happen the same day after payment. WordPress lead automation usually goes live within 48–72 hours.,Is this DIY or done-for-you?,"Both paths exist: buy a prebuilt store, or get the same automation wired on your site. Start with a free WhatsApp mockup.",What do I need before we start?,"A WhatsApp number, niche preference, and budget range. Domain and Shopify/WordPress access come after the mockup call."
best automated WordPress setup for Austin dentists,wordpress automation,Austin,commercial,Best Automated WordPress Setup For Austin Dentists,Best Automated WordPress Setup For Austin Dentists (2026),Practical guide for best automated WordPress setup for Austin dentists. Get a free AI mockup for your wordpress automation store or lead system — reply in ,Fluent Forms|Make.com|WhatsApp reply|CRM sheet|follow-up sequence,automation_demo,best-automated-wordpress-setup-for-austin-dentists,Searching for “best automated WordPress setup for Austin dentists”? This page breaks down a practical setup for wordpress automation in Austin — plus how to get a ready system without waiting weeks.,How fast can I launch a wordpress automation solution?,Most turnkey Shopify transfers happen the same day after payment. WordPress lead automation usually goes live within 48–72 hours.,Is this DIY or done-for-you?,"Both paths exist: buy a prebuilt store, or get the same automation wired on your site. Start with a free WhatsApp mockup.",What do I need before we start?,"A WhatsApp number, niche preference, and budget range. Domain and Shopify/WordPress access come after the mockup call."
Austin dentists WhatsApp lead automation,wordpress automation,Austin,commercial,Austin Dentists WhatsApp Lead Automation,Austin Dentists WhatsApp Lead Automation (2026),Practical guide for Austin dentists WhatsApp lead automation. Get a free AI mockup for your wordpress automation store or lead system — reply in under 60 s,form fields|AI proposal|Whapi/Twilio|speed reply|CTA,automation_demo,austin-dentists-whatsapp-lead-automation,Searching for “Austin dentists WhatsApp lead automation”? This page breaks down a practical setup for wordpress automation in Austin — plus how to get a ready system without waiting weeks.,How fast can I launch a wordpress automation solution?,Most turnkey Shopify transfers happen the same day after payment. WordPress lead automation usually goes live within 48–72 hours.,Is this DIY or done-for-you?,"Both paths exist: buy a prebuilt store, or get the same automation wired on your site. Start with a free WhatsApp mockup.",What do I need before we start?,"A WhatsApp number, niche preference, and budget range. Domain and Shopify/WordPress access come after the mockup call."
best automated WordPress setup for Austin gym owners,wordpress automation,Austin,commercial,Best Automated WordPress Setup For Austin Gym Owners,Best Automated WordPress Setup For Austin Gym Owners (2026),Practical guide for best automated WordPress setup for Austin gym owners. Get a free AI mockup for your wordpress automation store or lead system — reply i,Fluent Forms|Make.com|WhatsApp reply|CRM sheet|follow-up sequence,automation_demo,best-automated-wordpress-setup-for-austin-gym-owners,Searching for “best automated WordPress setup for Austin gym owners”? This page breaks down a practical setup for wordpress automation in Austin — plus how to get a ready system without waiting weeks.,How fast can I launch a wordpress automation solution?,Most turnkey Shopify transfers happen the same day after payment. WordPress lead automation usually goes live within 48–72 hours.,Is this DIY or done-for-you?,"Both paths exist: buy a prebuilt store, or get the same automation wired on your site. Start with a free WhatsApp mockup.",What do I need before we start?,"A WhatsApp number, niche preference, and budget range. Domain and Shopify/WordPress access come after the mockup call."
Austin gym owners WhatsApp lead automation,wordpress automation,Austin,commercial,Austin Gym Owners WhatsApp Lead Automation,Austin Gym Owners WhatsApp Lead Automation (2026),Practical guide for Austin gym owners WhatsApp lead automation. Get a free AI mockup for your wordpress automation store or lead system — reply in under 60,form fields|AI proposal|Whapi/Twilio|speed reply|CTA,automation_demo,austin-gym-owners-whatsapp-lead-automation,Searching for “Austin gym owners WhatsApp lead automation”? This page breaks down a practical setup for wordpress automation in Austin — plus how to get a ready system without waiting weeks.,How fast can I launch a wordpress automation solution?,Most turnkey Shopify transfers happen the same day after payment. WordPress lead automation usually goes live within 48–72 hours.,Is this DIY or done-for-you?,"Both paths exist: buy a prebuilt store, or get the same automation wired on your site. Start with a free WhatsApp mockup.",What do I need before we start?,"A WhatsApp number, niche preference, and budget range. Domain and Shopify/WordPress access come after the mockup call."
best automated WordPress setup for Austin salon owners,wordpress automation,Austin,commercial,Best Automated WordPress Setup For Austin Salon Owners,Best Automated WordPress Setup For Austin Salon Owners (2026),Practical guide for best automated WordPress setup for Austin salon owners. Get a free AI mockup for your wordpress automation store or lead system — reply,Fluent Forms|Make.com|WhatsApp reply|CRM sheet|follow-up sequence,automation_demo,best-automated-wordpress-setup-for-austin-salon-owners,Searching for “best automated WordPress setup for Austin salon owners”? This page breaks down a practical setup for wordpress automation in Austin — plus how to get a ready system without waiting weeks.,How fast can I launch a wordpress automation solution?,Most turnkey Shopify transfers happen the same day after payment. WordPress lead automation usually goes live within 48–72 hours.,Is this DIY or done-for-you?,"Both paths exist: buy a prebuilt store, or get the same automation wired on your site. Start with a free WhatsApp mockup.",What do I need before we start?,"A WhatsApp number, niche preference, and budget range. Domain and Shopify/WordPress access come after the mockup call."
Austin salon owners WhatsApp lead automation,wordpress automation,Austin,commercial,Austin Salon Owners WhatsApp Lead Automation,Austin Salon Owners WhatsApp Lead Automation (2026),Practical guide for Austin salon owners WhatsApp lead automation. Get a free AI mockup for your wordpress automation store or lead system — reply in under ,form fields|AI proposal|Whapi/Twilio|speed reply|CTA,automation_demo,austin-salon-owners-whatsapp-lead-automation,Searching for “Austin salon owners WhatsApp lead automation”? This page breaks down a practical setup for wordpress automation in Austin — plus how to get a ready system without waiting weeks.,How fast can I launch a wordpress automation solution?,Most turnkey Shopify transfers happen the same day after payment. WordPress lead automation usually goes live within 48–72 hours.,Is this DIY or done-for-you?,"Both paths exist: buy a prebuilt store, or get the same automation wired on your site. Start with a free WhatsApp mockup.",What do I need before we start?,"A WhatsApp number, niche preference, and budget range. Domain and Shopify/WordPress access come after the mockup call."
best automated WordPress setup for Austin restaurant owners,wordpress automation,Austin,commercial,Best Automated WordPress Setup For Austin Restaurant Owners,Best Automated WordPress Setup For Austin Restaurant Ow...,Practical guide for best automated WordPress setup for Austin restaurant owners. Get a free AI mockup for your wordpress automation store or lead system — ,Fluent Forms|Make.com|WhatsApp reply|CRM sheet|follow-up sequence,automation_demo,best-automated-wordpress-setup-for-austin-restaurant-owners,Searching for “best automated WordPress setup for Austin restaurant owners”? This page breaks down a practical setup for wordpress automation in Austin — plus how to get a ready system without waiting weeks.,How fast can I launch a wordpress automation solution?,Most turnkey Shopify transfers happen the same day after payment. WordPress lead automation usually goes live within 48–72 hours.,Is this DIY or done-for-you?,"Both paths exist: buy a prebuilt store, or get the same automation wired on your site. Start with a free WhatsApp mockup.",What do I need before we start?,"A WhatsApp number, niche preference, and budget range. Domain and Shopify/WordPress access come after the mockup call."
Austin restaurant owners WhatsApp lead automation,wordpress automation,Austin,commercial,Austin Restaurant Owners WhatsApp Lead Automation,Austin Restaurant Owners WhatsApp Lead Automation (2026),Practical guide for Austin restaurant owners WhatsApp lead automation. Get a free AI mockup for your wordpress automation store or lead system — reply in u,form fields|AI proposal|Whapi/Twilio|speed reply|CTA,automation_demo,austin-restaurant-owners-whatsapp-lead-automation,Searching for “Austin restaurant owners WhatsApp lead automation”? This page breaks down a practical setup for wordpress automation in Austin — plus how to get a ready system without waiting weeks.,How fast can I launch a wordpress automation solution?,Most turnkey Shopify transfers happen the same day after payment. WordPress lead automation usually goes live within 48–72 hours.,Is this DIY or done-for-you?,"Both paths exist: buy a prebuilt store, or get the same automation wired on your site. Start with a free WhatsApp mockup.",What do I need before we start?,"A WhatsApp number, niche preference, and budget range. Domain and Shopify/WordPress access come after the mockup call."
best automated WordPress setup for Austin chiropractors,wordpress automation,Austin,commercial,Best Automated WordPress Setup For Austin Chiropractors,Best Automated WordPress Setup For Austin Chiropractors (2026),Practical guide for best automated WordPress setup for Austin chiropractors. Get a free AI mockup for your wordpress automation store or lead system — repl,Fluent Forms|Make.com|WhatsApp reply|CRM sheet|follow-up sequence,automation_demo,best-automated-wordpress-setup-for-austin-chiropractors,Searching for “best automated WordPress setup for Austin chiropractors”? This page breaks down a practical setup for wordpress automation in Austin — plus how to get a ready system without waiting weeks.,How fast can I launch a wordpress automation solution?,Most turnkey Shopify transfers happen the same day after payment. WordPress lead automation usually goes live within 48–72 hours.,Is this DIY or done-for-you?,"Both paths exist: buy a prebuilt store, or get the same automation wired on your site. Start with a free WhatsApp mockup.",What do I need before we start?,"A WhatsApp number, niche preference, and budget range. Domain and Shopify/WordPress access come after the mockup call."
Austin chiropractors WhatsApp lead automation,wordpress automation,Austin,commercial,Austin Chiropractors WhatsApp Lead Automation,Austin Chiropractors WhatsApp Lead Automation (2026),Practical guide for Austin chiropractors WhatsApp lead automation. Get a free AI mockup for your wordpress automation store or lead system — reply in under,form fields|AI proposal|Whapi/Twilio|speed reply|CTA,automation_demo,austin-chiropractors-whatsapp-lead-automation,Searching for “Austin chiropractors WhatsApp lead automation”? This page breaks down a practical setup for wordpress automation in Austin — plus how to get a ready system without waiting weeks.,How fast can I launch a wordpress automation solution?,Most turnkey Shopify transfers happen the same day after payment. WordPress lead automation usually goes live within 48–72 hours.,Is this DIY or done-for-you?,"Both paths exist: buy a prebuilt store, or get the same automation wired on your site. Start with a free WhatsApp mockup.",What do I need before we start?,"A WhatsApp number, niche preference, and budget range. Domain and Shopify/WordPress access come after the mockup call."
best automated WordPress setup for Austin tutors,wordpress automation,Austin,commercial,Best Automated WordPress Setup For Austin Tutors,Best Automated WordPress Setup For Austin Tutors (2026),Practical guide for best automated WordPress setup for Austin tutors. Get a free AI mockup for your wordpress automation store or lead system — reply in un,Fluent Forms|Make.com|WhatsApp reply|CRM sheet|follow-up sequence,automation_demo,best-automated-wordpress-setup-for-austin-tutors,Searching for “best automated WordPress setup for Austin tutors”? This page breaks down a practical setup for wordpress automation in Austin — plus how to get a ready system without waiting weeks.,How fast can I launch a wordpress automation solution?,Most turnkey Shopify transfers happen the same day after payment. WordPress lead automation usually goes live within 48–72 hours.,Is this DIY or done-for-you?,"Both paths exist: buy a prebuilt store, or get the same automation wired on your site. Start with a free WhatsApp mockup.",What do I need before we start?,"A WhatsApp number, niche preference, and budget range. Domain and Shopify/WordPress access come after the mockup call."
Austin tutors WhatsApp lead automation,wordpress automation,Austin,commercial,Austin Tutors WhatsApp Lead Automation,Austin Tutors WhatsApp Lead Automation (2026),Practical guide for Austin tutors WhatsApp lead automation. Get a free AI mockup for your wordpress automation store or lead system — reply in under 60 sec,form fields|AI proposal|Whapi/Twilio|speed reply|CTA,automation_demo,austin-tutors-whatsapp-lead-automation,Searching for “Austin tutors WhatsApp lead automation”? This page breaks down a practical setup for wordpress automation in Austin — plus how to get a ready system without waiting weeks.,How fast can I launch a wordpress automation solution?,Most turnkey Shopify transfers happen the same day after payment. WordPress lead automation usually goes live within 48–72 hours.,Is this DIY or done-for-you?,"Both paths exist: buy a prebuilt store, or get the same automation wired on your site. Start with a free WhatsApp mockup.",What do I need before we start?,"A WhatsApp number, niche preference, and budget range. Domain and Shopify/WordPress access come after the mockup call."
best automated WordPress setup for Austin clinic managers,wordpress automation,Austin,commercial,Best Automated WordPress Setup For Austin Clinic Managers,Best Automated WordPress Setup For Austin Clinic Managers (2026),Practical guide for best automated WordPress setup for Austin clinic managers. Get a free AI mockup for your wordpress automation store or lead system — re,Fluent Forms|Make.com|WhatsApp reply|CRM sheet|follow-up sequence,automation_demo,best-automated-wordpress-setup-for-austin-clinic-managers,Searching for “best automated WordPress setup for Austin clinic managers”? This page breaks down a practical setup for wordpress automation in Austin — plus how to get a ready system without waiting weeks.,How fast can I launch a wordpress automation solution?,Most turnkey Shopify transfers happen the same day after payment. WordPress lead automation usually goes live within 48–72 hours.,Is this DIY or done-for-you?,"Both paths exist: buy a prebuilt store, or get the same automation wired on your site. Start with a free WhatsApp mockup.",What do I need before we start?,"A WhatsApp number, niche preference, and budget range. Domain and Shopify/WordPress access come after the mockup call."
Austin clinic managers WhatsApp lead automation,wordpress automation,Austin,commercial,Austin Clinic Managers WhatsApp Lead Automation,Austin Clinic Managers WhatsApp Lead Automation (2026),Practical guide for Austin clinic managers WhatsApp lead automation. Get a free AI mockup for your wordpress automation store or lead system — reply in und,form fields|AI proposal|Whapi/Twilio|speed reply|CTA,automation_demo,austin-clinic-managers-whatsapp-lead-automation,Searching for “Austin clinic managers WhatsApp lead automation”? This page breaks down a practical setup for wordpress automation in Austin — plus how to get a ready system without waiting weeks.,How fast can I launch a wordpress automation solution?,Most turnkey Shopify transfers happen the same day after payment. WordPress lead automation usually goes live within 48–72 hours.,Is this DIY or done-for-you?,"Both paths exist: buy a prebuilt store, or get the same automation wired on your site. Start with a free WhatsApp mockup.",What do I need before we start?,"A WhatsApp number, niche preference, and budget range. Domain and Shopify/WordPress access come after the mockup call."
best automated WordPress setup for Austin spa owners,wordpress automation,Austin,commercial,Best Automated WordPress Setup For Austin Spa Owners,Best Automated WordPress Setup For Austin Spa Owners (2026),Practical guide for best automated WordPress setup for Austin spa owners. Get a free AI mockup for your wordpress automation store or lead system — reply i,Fluent Forms|Make.com|WhatsApp reply|CRM sheet|follow-up sequence,automation_demo,best-automated-wordpress-setup-for-austin-spa-owners,Searching for “best automated WordPress setup for Austin spa owners”? This page breaks down a practical setup for wordpress automation in Austin — plus how to get a ready system without waiting weeks.,How fast can I launch a wordpress automation solution?,Most turnkey Shopify transfers happen the same day after payment. WordPress lead automation usually goes live within 48–72 hours.,Is this DIY or done-for-you?,"Both paths exist: buy a prebuilt store, or get the same automation wired on your site. Start with a free WhatsApp mockup.",What do I need before we start?,"A WhatsApp number, niche preference, and budget range. Domain and Shopify/WordPress access come after the mockup call."
Austin spa owners WhatsApp lead automation,wordpress automation,Austin,commercial,Austin Spa Owners WhatsApp Lead Automation,Austin Spa Owners WhatsApp Lead Automation (2026),Practical guide for Austin spa owners WhatsApp lead automation. Get a free AI mockup for your wordpress automation store or lead system — reply in under 60,form fields|AI proposal|Whapi/Twilio|speed reply|CTA,automation_demo,austin-spa-owners-whatsapp-lead-automation,Searching for “Austin spa owners WhatsApp lead automation”? This page breaks down a practical setup for wordpress automation in Austin — plus how to get a ready system without waiting weeks.,How fast can I launch a wordpress automation solution?,Most turnkey Shopify transfers happen the same day after payment. WordPress lead automation usually goes live within 48–72 hours.,Is this DIY or done-for-you?,"Both paths exist: buy a prebuilt store, or get the same automation wired on your site. Start with a free WhatsApp mockup.",What do I need before we start?,"A WhatsApp number, niche preference, and budget range. Domain and Shopify/WordPress access come after the mockup call."
best automated WordPress setup for Austin coaches,wordpress automation,Austin,commercial,Best Automated WordPress Setup For Austin Coaches,Best Automated WordPress Setup For Austin Coaches (2026),Practical guide for best automated WordPress setup for Austin coaches. Get a free AI mockup for your wordpress automation store or lead system — reply in u,Fluent Forms|Make.com|WhatsApp reply|CRM sheet|follow-up sequence,automation_demo,best-automated-wordpress-setup-for-austin-coaches,Searching for “best automated WordPress setup for Austin coaches”? This page breaks down a practical setup for wordpress automation in Austin — plus how to get a ready system without waiting weeks.,How fast can I launch a wordpress automation solution?,Most turnkey Shopify transfers happen the same day after payment. WordPress lead automation usually goes live within 48–72 hours.,Is this DIY or done-for-you?,"Both paths exist: buy a prebuilt store, or get the same automation wired on your site. Start with a free WhatsApp mockup.",What do I need before we start?,"A WhatsApp number, niche preference, and budget range. Domain and Shopify/WordPress access come after the mockup call."
Austin coaches WhatsApp lead automation,wordpress automation,Austin,commercial,Austin Coaches WhatsApp Lead Automation,Austin Coaches WhatsApp Lead Automation (2026),Practical guide for Austin coaches WhatsApp lead automation. Get a free AI mockup for your wordpress automation store or lead system — reply in under 60 se,form fields|AI proposal|Whapi/Twilio|speed reply|CTA,automation_demo,austin-coaches-whatsapp-lead-automation,Searching for “Austin coaches WhatsApp lead automation”? This page breaks down a practical setup for wordpress automation in Austin — plus how to get a ready system without waiting weeks.,How fast can I launch a wordpress automation solution?,Most turnkey Shopify transfers happen the same day after payment. WordPress lead automation usually goes live within 48–72 hours.,Is this DIY or done-for-you?,"Both paths exist: buy a prebuilt store, or get the same automation wired on your site. Start with a free WhatsApp mockup.",What do I need before we start?,"A WhatsApp number, niche preference, and budget range. Domain and Shopify/WordPress access come after the mockup call."
best automated WordPress setup for Denver realtors,wordpress automation,Denver,commercial,Best Automated WordPress Setup For Denver Realtors,Best Automated WordPress Setup For Denver Realtors (2026),Practical guide for best automated WordPress setup for Denver realtors. Get a free AI mockup for your wordpress automation store or lead system — reply in ,Fluent Forms|Make.com|WhatsApp reply|CRM sheet|follow-up sequence,automation_demo,best-automated-wordpress-setup-for-denver-realtors,Searching for “best automated WordPress setup for Denver realtors”? This page breaks down a practical setup for wordpress automation in Denver — plus how to get a ready system without waiting weeks.,How fast can I launch a wordpress automation solution?,Most turnkey Shopify transfers happen the same day after payment. WordPress lead automation usually goes live within 48–72 hours.,Is this DIY or done-for-you?,"Both paths exist: buy a prebuilt store, or get the same automation wired on your site. Start with a free WhatsApp mockup.",What do I need before we start?,"A WhatsApp number, niche preference, and budget range. Domain and Shopify/WordPress access come after the mockup call."
Denver realtors WhatsApp lead automation,wordpress automation,Denver,commercial,Denver Realtors WhatsApp Lead Automation,Denver Realtors WhatsApp Lead Automation (2026),Practical guide for Denver realtors WhatsApp lead automation. Get a free AI mockup for your wordpress automation store or lead system — reply in under 60 s,form fields|AI proposal|Whapi/Twilio|speed reply|CTA,automation_demo,denver-realtors-whatsapp-lead-automation,Searching for “Denver realtors WhatsApp lead automation”? This page breaks down a practical setup for wordpress automation in Denver — plus how to get a ready system without waiting weeks.,How fast can I launch a wordpress automation solution?,Most turnkey Shopify transfers happen the same day after payment. WordPress lead automation usually goes live within 48–72 hours.,Is this DIY or done-for-you?,"Both paths exist: buy a prebuilt store, or get the same automation wired on your site. Start with a free WhatsApp mockup.",What do I need before we start?,"A WhatsApp number, niche preference, and budget range. Domain and Shopify/WordPress access come after the mockup call."
best automated WordPress setup for Denver dentists,wordpress automation,Denver,commercial,Best Automated WordPress Setup For Denver Dentists,Best Automated WordPress Setup For Denver Dentists (2026),Practical guide for best automated WordPress setup for Denver dentists. Get a free AI mockup for your wordpress automation store or lead system — reply in ,Fluent Forms|Make.com|WhatsApp reply|CRM sheet|follow-up sequence,automation_demo,best-automated-wordpress-setup-for-denver-dentists,Searching for “best automated WordPress setup for Denver dentists”? This page breaks down a practical setup for wordpress automation in Denver — plus how to get a ready system without waiting weeks.,How fast can I launch a wordpress automation solution?,Most turnkey Shopify transfers happen the same day after payment. WordPress lead automation usually goes live within 48–72 hours.,Is this DIY or done-for-you?,"Both paths exist: buy a prebuilt store, or get the same automation wired on your site. Start with a free WhatsApp mockup.",What do I need before we start?,"A WhatsApp number, niche preference, and budget range. Domain and Shopify/WordPress access come after the mockup call."
Denver dentists WhatsApp lead automation,wordpress automation,Denver,commercial,Denver Dentists WhatsApp Lead Automation,Denver Dentists WhatsApp Lead Automation (2026),Practical guide for Denver dentists WhatsApp lead automation. Get a free AI mockup for your wordpress automation store or lead system — reply in under 60 s,form fields|AI proposal|Whapi/Twilio|speed reply|CTA,automation_demo,denver-dentists-whatsapp-lead-automation,Searching for “Denver dentists WhatsApp lead automation”? This page breaks down a practical setup for wordpress automation in Denver — plus how to get a ready system without waiting weeks.,How fast can I launch a wordpress automation solution?,Most turnkey Shopify transfers happen the same day after payment. WordPress lead automation usually goes live within 48–72 hours.,Is this DIY or done-for-you?,"Both paths exist: buy a prebuilt store, or get the same automation wired on your site. Start with a free WhatsApp mockup.",What do I need before we start?,"A WhatsApp number, niche preference, and budget range. Domain and Shopify/WordPress access come after the mockup call."
best automated WordPress setup for Denver gym owners,wordpress automation,Denver,commercial,Best Automated WordPress Setup For Denver Gym Owners,Best Automated WordPress Setup For Denver Gym Owners (2026),Practical guide for best automated WordPress setup for Denver gym owners. Get a free AI mockup for your wordpress automation store or lead system — reply i,Fluent Forms|Make.com|WhatsApp reply|CRM sheet|follow-up sequence,automation_demo,best-automated-wordpress-setup-for-denver-gym-owners,Searching for “best automated WordPress setup for Denver gym owners”? This page breaks down a practical setup for wordpress automation in Denver — plus how to get a ready system without waiting weeks.,How fast can I launch a wordpress automation solution?,Most turnkey Shopify transfers happen the same day after payment. WordPress lead automation usually goes live within 48–72 hours.,Is this DIY or done-for-you?,"Both paths exist: buy a prebuilt store, or get the same automation wired on your site. Start with a free WhatsApp mockup.",What do I need before we start?,"A WhatsApp number, niche preference, and budget range. Domain and Shopify/WordPress access come after the mockup call."
Denver gym owners WhatsApp lead automation,wordpress automation,Denver,commercial,Denver Gym Owners WhatsApp Lead Automation,Denver Gym Owners WhatsApp Lead Automation (2026),Practical guide for Denver gym owners WhatsApp lead automation. Get a free AI mockup for your wordpress automation store or lead system — reply in under 60,form fields|AI proposal|Whapi/Twilio|speed reply|CTA,automation_demo,denver-gym-owners-whatsapp-lead-automation,Searching for “Denver gym owners WhatsApp lead automation”? This page breaks down a practical setup for wordpress automation in Denver — plus how to get a ready system without waiting weeks.,How fast can I launch a wordpress automation solution?,Most turnkey Shopify transfers happen the same day after payment. WordPress lead automation usually goes live within 48–72 hours.,Is this DIY or done-for-you?,"Both paths exist: buy a prebuilt store, or get the same automation wired on your site. Start with a free WhatsApp mockup.",What do I need before we start?,"A WhatsApp number, niche preference, and budget range. Domain and Shopify/WordPress access come after the mockup call."
best automated WordPress setup for Denver salon owners,wordpress automation,Denver,commercial,Best Automated WordPress Setup For Denver Salon Owners,Best Automated WordPress Setup For Denver Salon Owners (2026),Practical guide for best automated WordPress setup for Denver salon owners. Get a free AI mockup for your wordpress automation store or lead system — reply,Fluent Forms|Make.com|WhatsApp reply|CRM sheet|follow-up sequence,automation_demo,best-automated-wordpress-setup-for-denver-salon-owners,Searching for “best automated WordPress setup for Denver salon owners”? This page breaks down a practical setup for wordpress automation in Denver — plus how to get a ready system without waiting weeks.,How fast can I launch a wordpress automation solution?,Most turnkey Shopify transfers happen the same day after payment. WordPress lead automation usually goes live within 48–72 hours.,Is this DIY or done-for-you?,"Both paths exist: buy a prebuilt store, or get the same automation wired on your site. Start with a free WhatsApp mockup.",What do I need before we start?,"A WhatsApp number, niche preference, and budget range. Domain and Shopify/WordPress access come after the mockup call."
Denver salon owners WhatsApp lead automation,wordpress automation,Denver,commercial,Denver Salon Owners WhatsApp Lead Automation,Denver Salon Owners WhatsApp Lead Automation (2026),Practical guide for Denver salon owners WhatsApp lead automation. Get a free AI mockup for your wordpress automation store or lead system — reply in under ,form fields|AI proposal|Whapi/Twilio|speed reply|CTA,automation_demo,denver-salon-owners-whatsapp-lead-automation,Searching for “Denver salon owners WhatsApp lead automation”? This page breaks down a practical setup for wordpress automation in Denver — plus how to get a ready system without waiting weeks.,How fast can I launch a wordpress automation solution?,Most turnkey Shopify transfers happen the same day after payment. WordPress lead automation usually goes live within 48–72 hours.,Is this DIY or done-for-you?,"Both paths exist: buy a prebuilt store, or get the same automation wired on your site. Start with a free WhatsApp mockup.",What do I need before we start?,"A WhatsApp number, niche preference, and budget range. Domain and Shopify/WordPress access come after the mockup call."
best automated WordPress setup for Denver restaurant owners,wordpress automation,Denver,commercial,Best Automated WordPress Setup For Denver Restaurant Owners,Best Automated WordPress Setup For Denver Restaurant Ow...,Practical guide for best automated WordPress setup for Denver restaurant owners. Get a free AI mockup for your wordpress automation store or lead system — ,Fluent Forms|Make.com|WhatsApp reply|CRM sheet|follow-up sequence,automation_demo,best-automated-wordpress-setup-for-denver-restaurant-owners,Searching for “best automated WordPress setup for Denver restaurant owners”? This page breaks down a practical setup for wordpress automation in Denver — plus how to get a ready system without waiting weeks.,How fast can I launch a wordpress automation solution?,Most turnkey Shopify transfers happen the same day after payment. WordPress lead automation usually goes live within 48–72 hours.,Is this DIY or done-for-you?,"Both paths exist: buy a prebuilt store, or get the same automation wired on your site. Start with a free WhatsApp mockup.",What do I need before we start?,"A WhatsApp number, niche preference, and budget range. Domain and Shopify/WordPress access come after the mockup call."
Denver restaurant owners WhatsApp lead automation,wordpress automation,Denver,commercial,Denver Restaurant Owners WhatsApp Lead Automation,Denver Restaurant Owners WhatsApp Lead Automation (2026),Practical guide for Denver restaurant owners WhatsApp lead automation. Get a free AI mockup for your wordpress automation store or lead system — reply in u,form fields|AI proposal|Whapi/Twilio|speed reply|CTA,automation_demo,denver-restaurant-owners-whatsapp-lead-automation,Searching for “Denver restaurant owners WhatsApp lead automation”? This page breaks down a practical setup for wordpress automation in Denver — plus how to get a ready system without waiting weeks.,How fast can I launch a wordpress automation solution?,Most turnkey Shopify transfers happen the same day after payment. WordPress lead automation usually goes live within 48–72 hours.,Is this DIY or done-for-you?,"Both paths exist: buy a prebuilt store, or get the same automation wired on your site. Start with a free WhatsApp mockup.",What do I need before we start?,"A WhatsApp number, niche preference, and budget range. Domain and Shopify/WordPress access come after the mockup call."
best automated WordPress setup for Denver chiropractors,wordpress automation,Denver,commercial,Best Automated WordPress Setup For Denver Chiropractors,Best Automated WordPress Setup For Denver Chiropractors (2026),Practical guide for best automated WordPress setup for Denver chiropractors. Get a free AI mockup for your wordpress automation store or lead system — repl,Fluent Forms|Make.com|WhatsApp reply|CRM sheet|follow-up sequence,automation_demo,best-automated-wordpress-setup-for-denver-chiropractors,Searching for “best automated WordPress setup for Denver chiropractors”? This page breaks down a practical setup for wordpress automation in Denver — plus how to get a ready system without waiting weeks.,How fast can I launch a wordpress automation solution?,Most turnkey Shopify transfers happen the same day after payment. WordPress lead automation usually goes live within 48–72 hours.,Is this DIY or done-for-you?,"Both paths exist: buy a prebuilt store, or get the same automation wired on your site. Start with a free WhatsApp mockup.",What do I need before we start?,"A WhatsApp number, niche preference, and budget range. Domain and Shopify/WordPress access come after the mockup call."
Denver chiropractors WhatsApp lead automation,wordpress automation,Denver,commercial,Denver Chiropractors WhatsApp Lead Automation,Denver Chiropractors WhatsApp Lead Automation (2026),Practical guide for Denver chiropractors WhatsApp lead automation. Get a free AI mockup for your wordpress automation store or lead system — reply in under,form fields|AI proposal|Whapi/Twilio|speed reply|CTA,automation_demo,denver-chiropractors-whatsapp-lead-automation,Searching for “Denver chiropractors WhatsApp lead automation”? This page breaks down a practical setup for wordpress automation in Denver — plus how to get a ready system without waiting weeks.,How fast can I launch a wordpress automation solution?,Most turnkey Shopify transfers happen the same day after payment. WordPress lead automation usually goes live within 48–72 hours.,Is this DIY or done-for-you?,"Both paths exist: buy a prebuilt store, or get the same automation wired on your site. Start with a free WhatsApp mockup.",What do I need before we start?,"A WhatsApp number, niche preference, and budget range. Domain and Shopify/WordPress access come after the mockup call."
best automated WordPress setup for Denver tutors,wordpress automation,Denver,commercial,Best Automated WordPress Setup For Denver Tutors,Best Automated WordPress Setup For Denver Tutors (2026),Practical guide for best automated WordPress setup for Denver tutors. Get a free AI mockup for your wordpress automation store or lead system — reply in un,Fluent Forms|Make.com|WhatsApp reply|CRM sheet|follow-up sequence,automation_demo,best-automated-wordpress-setup-for-denver-tutors,Searching for “best automated WordPress setup for Denver tutors”? This page breaks down a practical setup for wordpress automation in Denver — plus how to get a ready system without waiting weeks.,How fast can I launch a wordpress automation solution?,Most turnkey Shopify transfers happen the same day after payment. WordPress lead automation usually goes live within 48–72 hours.,Is this DIY or done-for-you?,"Both paths exist: buy a prebuilt store, or get the same automation wired on your site. Start with a free WhatsApp mockup.",What do I need before we start?,"A WhatsApp number, niche preference, and budget range. Domain and Shopify/WordPress access come after the mockup call."
Denver tutors WhatsApp lead automation,wordpress automation,Denver,commercial,Denver Tutors WhatsApp Lead Automation,Denver Tutors WhatsApp Lead Automation (2026),Practical guide for Denver tutors WhatsApp lead automation. Get a free AI mockup for your wordpress automation store or lead system — reply in under 60 sec,form fields|AI proposal|Whapi/Twilio|speed reply|CTA,automation_demo,denver-tutors-whatsapp-lead-automation,Searching for “Denver tutors WhatsApp lead automation”? This page breaks down a practical setup for wordpress automation in Denver — plus how to get a ready system without waiting weeks.,How fast can I launch a wordpress automation solution?,Most turnkey Shopify transfers happen the same day after payment. WordPress lead automation usually goes live within 48–72 hours.,Is this DIY or done-for-you?,"Both paths exist: buy a prebuilt store, or get the same automation wired on your site. Start with a free WhatsApp mockup.",What do I need before we start?,"A WhatsApp number, niche preference, and budget range. Domain and Shopify/WordPress access come after the mockup call."
best automated WordPress setup for Denver clinic managers,wordpress automation,Denver,commercial,Best Automated WordPress Setup For Denver Clinic Managers,Best Automated WordPress Setup For Denver Clinic Managers (2026),Practical guide for best automated WordPress setup for Denver clinic managers. Get a free AI mockup for your wordpress automation store or lead system — re,Fluent Forms|Make.com|WhatsApp reply|CRM sheet|follow-up sequence,automation_demo,best-automated-wordpress-setup-for-denver-clinic-managers,Searching for “best automated WordPress setup for Denver clinic managers”? This page breaks down a practical setup for wordpress automation in Denver — plus how to get a ready system without waiting weeks.,How fast can I launch a wordpress automation solution?,Most turnkey Shopify transfers happen the same day after payment. WordPress lead automation usually goes live within 48–72 hours.,Is this DIY or done-for-you?,"Both paths exist: buy a prebuilt store, or get the same automation wired on your site. Start with a free WhatsApp mockup.",What do I need before we start?,"A WhatsApp number, niche preference, and budget range. Domain and Shopify/WordPress access come after the mockup call."
Denver clinic managers WhatsApp lead automation,wordpress automation,Denver,commercial,Denver Clinic Managers WhatsApp Lead Automation,Denver Clinic Managers WhatsApp Lead Automation (2026),Practical guide for Denver clinic managers WhatsApp lead automation. Get a free AI mockup for your wordpress automation store or lead system — reply in und,form fields|AI proposal|Whapi/Twilio|speed reply|CTA,automation_demo,denver-clinic-managers-whatsapp-lead-automation,Searching for “Denver clinic managers WhatsApp lead automation”? This page breaks down a practical setup for wordpress automation in Denver — plus how to get a ready system without waiting weeks.,How fast can I launch a wordpress automation solution?,Most turnkey Shopify transfers happen the same day after payment. WordPress lead automation usually goes live within 48–72 hours.,Is this DIY or done-for-you?,"Both paths exist: buy a prebuilt store, or get the same automation wired on your site. Start with a free WhatsApp mockup.",What do I need before we start?,"A WhatsApp number, niche preference, and budget range. Domain and Shopify/WordPress access come after the mockup call."
best automated WordPress setup for Denver spa owners,wordpress automation,Denver,commercial,Best Automated WordPress Setup For Denver Spa Owners,Best Automated WordPress Setup For Denver Spa Owners (2026),Practical guide for best automated WordPress setup for Denver spa owners. Get a free AI mockup for your wordpress automation store or lead system — reply i,Fluent Forms|Make.com|WhatsApp reply|CRM sheet|follow-up sequence,automation_demo,best-automated-wordpress-setup-for-denver-spa-owners,Searching for “best automated WordPress setup for Denver spa owners”? This page breaks down a practical setup for wordpress automation in Denver — plus how to get a ready system without waiting weeks.,How fast can I launch a wordpress automation solution?,Most turnkey Shopify transfers happen the same day after payment. WordPress lead automation usually goes live within 48–72 hours.,Is this DIY or done-for-you?,"Both paths exist: buy a prebuilt store, or get the same automation wired on your site. Start with a free WhatsApp mockup.",What do I need before we start?,"A WhatsApp number, niche preference, and budget range. Domain and Shopify/WordPress access come after the mockup call."
Denver spa owners WhatsApp lead automation,wordpress automation,Denver,commercial,Denver Spa Owners WhatsApp Lead Automation,Denver Spa Owners WhatsApp Lead Automation (2026),Practical guide for Denver spa owners WhatsApp lead automation. Get a free AI mockup for your wordpress automation store or lead system — reply in under 60,form fields|AI proposal|Whapi/Twilio|speed reply|CTA,automation_demo,denver-spa-owners-whatsapp-lead-automation,Searching for “Denver spa owners WhatsApp lead automation”? This page breaks down a practical setup for wordpress automation in Denver — plus how to get a ready system without waiting weeks.,How fast can I launch a wordpress automation solution?,Most turnkey Shopify transfers happen the same day after payment. WordPress lead automation usually goes live within 48–72 hours.,Is this DIY or done-for-you?,"Both paths exist: buy a prebuilt store, or get the same automation wired on your site. Start with a free WhatsApp mockup.",What do I need before we start?,"A WhatsApp number, niche preference, and budget range. Domain and Shopify/WordPress access come after the mockup call."
best automated WordPress setup for Denver coaches,wordpress automation,Denver,commercial,Best Automated WordPress Setup For Denver Coaches,Best Automated WordPress Setup For Denver Coaches (2026),Practical guide for best automated WordPress setup for Denver coaches. Get a free AI mockup for your wordpress automation store or lead system — reply in u,Fluent Forms|Make.com|WhatsApp reply|CRM sheet|follow-up sequence,automation_demo,best-automated-wordpress-setup-for-denver-coaches,Searching for “best automated WordPress setup for Denver coaches”? This page breaks down a practical setup for wordpress automation in Denver — plus how to get a ready system without waiting weeks.,How fast can I launch a wordpress automation solution?,Most turnkey Shopify transfers happen the same day after payment. WordPress lead automation usually goes live within 48–72 hours.,Is this DIY or done-for-you?,"Both paths exist: buy a prebuilt store, or get the same automation wired on your site. Start with a free WhatsApp mockup.",What do I need before we start?,"A WhatsApp number, niche preference, and budget range. Domain and Shopify/WordPress access come after the mockup call."
Denver coaches WhatsApp lead automation,wordpress automation,Denver,commercial,Denver Coaches WhatsApp Lead Automation,Denver Coaches WhatsApp Lead Automation (2026),Practical guide for Denver coaches WhatsApp lead automation. Get a free AI mockup for your wordpress automation store or lead system — reply in under 60 se,form fields|AI proposal|Whapi/Twilio|speed reply|CTA,automation_demo,denver-coaches-whatsapp-lead-automation,Searching for “Denver coaches WhatsApp lead automation”? This page breaks down a practical setup for wordpress automation in Denver — plus how to get a ready system without waiting weeks.,How fast can I launch a wordpress automation solution?,Most turnkey Shopify transfers happen the same day after payment. WordPress lead automation usually goes live within 48–72 hours.,Is this DIY or done-for-you?,"Both paths exist: buy a prebuilt store, or get the same automation wired on your site. Start with a free WhatsApp mockup.",What do I need before we start?,"A WhatsApp number, niche preference, and budget range. Domain and Shopify/WordPress access come after the mockup call."
best automated WordPress setup for Portland realtors,wordpress automation,Portland,commercial,Best Automated WordPress Setup For Portland Realtors,Best Automated WordPress Setup For Portland Realtors (2026),Practical guide for best automated WordPress setup for Portland realtors. Get a free AI mockup for your wordpress automation store or lead system — reply i,Fluent Forms|Make.com|WhatsApp reply|CRM sheet|follow-up sequence,automation_demo,best-automated-wordpress-setup-for-portland-realtors,Searching for “best automated WordPress setup for Portland realtors”? This page breaks down a practical setup for wordpress automation in Portland — plus how to get a ready system without waiting weeks.,How fast can I launch a wordpress automation solution?,Most turnkey Shopify transfers happen the same day after payment. WordPress lead automation usually goes live within 48–72 hours.,Is this DIY or done-for-you?,"Both paths exist: buy a prebuilt store, or get the same automation wired on your site. Start with a free WhatsApp mockup.",What do I need before we start?,"A WhatsApp number, niche preference, and budget range. Domain and Shopify/WordPress access come after the mockup call."
Portland realtors WhatsApp lead automation,wordpress automation,Portland,commercial,Portland Realtors WhatsApp Lead Automation,Portland Realtors WhatsApp Lead Automation (2026),Practical guide for Portland realtors WhatsApp lead automation. Get a free AI mockup for your wordpress automation store or lead system — reply in under 60,form fields|AI proposal|Whapi/Twilio|speed reply|CTA,automation_demo,portland-realtors-whatsapp-lead-automation,Searching for “Portland realtors WhatsApp lead automation”? This page breaks down a practical setup for wordpress automation in Portland — plus how to get a ready system without waiting weeks.,How fast can I launch a wordpress automation solution?,Most turnkey Shopify transfers happen the same day after payment. WordPress lead automation usually goes live within 48–72 hours.,Is this DIY or done-for-you?,"Both paths exist: buy a prebuilt store, or get the same automation wired on your site. Start with a free WhatsApp mockup.",What do I need before we start?,"A WhatsApp number, niche preference, and budget range. Domain and Shopify/WordPress access come after the mockup call."
best automated WordPress setup for Portland dentists,wordpress automation,Portland,commercial,Best Automated WordPress Setup For Portland Dentists,Best Automated WordPress Setup For Portland Dentists (2026),Practical guide for best automated WordPress setup for Portland dentists. Get a free AI mockup for your wordpress automation store or lead system — reply i,Fluent Forms|Make.com|WhatsApp reply|CRM sheet|follow-up sequence,automation_demo,best-automated-wordpress-setup-for-portland-dentists,Searching for “best automated WordPress setup for Portland dentists”? This page breaks down a practical setup for wordpress automation in Portland — plus how to get a ready system without waiting weeks.,How fast can I launch a wordpress automation solution?,Most turnkey Shopify transfers happen the same day after payment. WordPress lead automation usually goes live within 48–72 hours.,Is this DIY or done-for-you?,"Both paths exist: buy a prebuilt store, or get the same automation wired on your site. Start with a free WhatsApp mockup.",What do I need before we start?,"A WhatsApp number, niche preference, and budget range. Domain and Shopify/WordPress access come after the mockup call."
Portland dentists WhatsApp lead automation,wordpress automation,Portland,commercial,Portland Dentists WhatsApp Lead Automation,Portland Dentists WhatsApp Lead Automation (2026),Practical guide for Portland dentists WhatsApp lead automation. Get a free AI mockup for your wordpress automation store or lead system — reply in under 60,form fields|AI proposal|Whapi/Twilio|speed reply|CTA,automation_demo,portland-dentists-whatsapp-lead-automation,Searching for “Portland dentists WhatsApp lead automation”? This page breaks down a practical setup for wordpress automation in Portland — plus how to get a ready system without waiting weeks.,How fast can I launch a wordpress automation solution?,Most turnkey Shopify transfers happen the same day after payment. WordPress lead automation usually goes live within 48–72 hours.,Is this DIY or done-for-you?,"Both paths exist: buy a prebuilt store, or get the same automation wired on your site. Start with a free WhatsApp mockup.",What do I need before we start?,"A WhatsApp number, niche preference, and budget range. Domain and Shopify/WordPress access come after the mockup call."
best automated WordPress setup for Portland gym owners,wordpress automation,Portland,commercial,Best Automated WordPress Setup For Portland Gym Owners,Best Automated WordPress Setup For Portland Gym Owners (2026),Practical guide for best automated WordPress setup for Portland gym owners. Get a free AI mockup for your wordpress automation store or lead system — reply,Fluent Forms|Make.com|WhatsApp reply|CRM sheet|follow-up sequence,automation_demo,best-automated-wordpress-setup-for-portland-gym-owners,Searching for “best automated WordPress setup for Portland gym owners”? This page breaks down a practical setup for wordpress automation in Portland — plus how to get a ready system without waiting weeks.,How fast can I launch a wordpress automation solution?,Most turnkey Shopify transfers happen the same day after payment. WordPress lead automation usually goes live within 48–72 hours.,Is this DIY or done-for-you?,"Both paths exist: buy a prebuilt store, or get the same automation wired on your site. Start with a free WhatsApp mockup.",What do I need before we start?,"A WhatsApp number, niche preference, and budget range. Domain and Shopify/WordPress access come after the mockup call."
Portland gym owners WhatsApp lead automation,wordpress automation,Portland,commercial,Portland Gym Owners WhatsApp Lead Automation,Portland Gym Owners WhatsApp Lead Automation (2026),Practical guide for Portland gym owners WhatsApp lead automation. Get a free AI mockup for your wordpress automation store or lead system — reply in under ,form fields|AI proposal|Whapi/Twilio|speed reply|CTA,automation_demo,portland-gym-owners-whatsapp-lead-automation,Searching for “Portland gym owners WhatsApp lead automation”? This page breaks down a practical setup for wordpress automation in Portland — plus how to get a ready system without waiting weeks.,How fast can I launch a wordpress automation solution?,Most turnkey Shopify transfers happen the same day after payment. WordPress lead automation usually goes live within 48–72 hours.,Is this DIY or done-for-you?,"Both paths exist: buy a prebuilt store, or get the same automation wired on your site. Start with a free WhatsApp mockup.",What do I need before we start?,"A WhatsApp number, niche preference, and budget range. Domain and Shopify/WordPress access come after the mockup call."
best automated WordPress setup for Portland salon owners,wordpress automation,Portland,commercial,Best Automated WordPress Setup For Portland Salon Owners,Best Automated WordPress Setup For Portland Salon Owners (2026),Practical guide for best automated WordPress setup for Portland salon owners. Get a free AI mockup for your wordpress automation store or lead system — rep,Fluent Forms|Make.com|WhatsApp reply|CRM sheet|follow-up sequence,automation_demo,best-automated-wordpress-setup-for-portland-salon-owners,Searching for “best automated WordPress setup for Portland salon owners”? This page breaks down a practical setup for wordpress automation in Portland — plus how to get a ready system without waiting weeks.,How fast can I launch a wordpress automation solution?,Most turnkey Shopify transfers happen the same day after payment. WordPress lead automation usually goes live within 48–72 hours.,Is this DIY or done-for-you?,"Both paths exist: buy a prebuilt store, or get the same automation wired on your site. Start with a free WhatsApp mockup.",What do I need before we start?,"A WhatsApp number, niche preference, and budget range. Domain and Shopify/WordPress access come after the mockup call."
Portland salon owners WhatsApp lead automation,wordpress automation,Portland,commercial,Portland Salon Owners WhatsApp Lead Automation,Portland Salon Owners WhatsApp Lead Automation (2026),Practical guide for Portland salon owners WhatsApp lead automation. Get a free AI mockup for your wordpress automation store or lead system — reply in unde,form fields|AI proposal|Whapi/Twilio|speed reply|CTA,automation_demo,portland-salon-owners-whatsapp-lead-automation,Searching for “Portland salon owners WhatsApp lead automation”? This page breaks down a practical setup for wordpress automation in Portland — plus how to get a ready system without waiting weeks.,How fast can I launch a wordpress automation solution?,Most turnkey Shopify transfers happen the same day after payment. WordPress lead automation usually goes live within 48–72 hours.,Is this DIY or done-for-you?,"Both paths exist: buy a prebuilt store, or get the same automation wired on your site. Start with a free WhatsApp mockup.",What do I need before we start?,"A WhatsApp number, niche preference, and budget range. Domain and Shopify/WordPress access come after the mockup call."
best automated WordPress setup for Portland restaurant owners,wordpress automation,Portland,commercial,Best Automated WordPress Setup For Portland Restaurant Owners,Best Automated WordPress Setup For Portland Restaurant ...,Practical guide for best automated WordPress setup for Portland restaurant owners. Get a free AI mockup for your wordpress automation store or lead system ,Fluent Forms|Make.com|WhatsApp reply|CRM sheet|follow-up sequence,automation_demo,best-automated-wordpress-setup-for-portland-restaurant-owners,Searching for “best automated WordPress setup for Portland restaurant owners”? This page breaks down a practical setup for wordpress automation in Portland — plus how to get a ready system without waiting weeks.,How fast can I launch a wordpress automation solution?,Most turnkey Shopify transfers happen the same day after payment. WordPress lead automation usually goes live within 48–72 hours.,Is this DIY or done-for-you?,"Both paths exist: buy a prebuilt store, or get the same automation wired on your site. Start with a free WhatsApp mockup.",What do I need before we start?,"A WhatsApp number, niche preference, and budget range. Domain and Shopify/WordPress access come after the mockup call."
Portland restaurant owners WhatsApp lead automation,wordpress automation,Portland,commercial,Portland Restaurant Owners WhatsApp Lead Automation,Portland Restaurant Owners WhatsApp Lead Automation (2026),Practical guide for Portland restaurant owners WhatsApp lead automation. Get a free AI mockup for your wordpress automation store or lead system — reply in,form fields|AI proposal|Whapi/Twilio|speed reply|CTA,automation_demo,portland-restaurant-owners-whatsapp-lead-automation,Searching for “Portland restaurant owners WhatsApp lead automation”? This page breaks down a practical setup for wordpress automation in Portland — plus how to get a ready system without waiting weeks.,How fast can I launch a wordpress automation solution?,Most turnkey Shopify transfers happen the same day after payment. WordPress lead automation usually goes live within 48–72 hours.,Is this DIY or done-for-you?,"Both paths exist: buy a prebuilt store, or get the same automation wired on your site. Start with a free WhatsApp mockup.",What do I need before we start?,"A WhatsApp number, niche preference, and budget range. Domain and Shopify/WordPress access come after the mockup call."
best automated WordPress setup for Portland chiropractors,wordpress automation,Portland,commercial,Best Automated WordPress Setup For Portland Chiropractors,Best Automated WordPress Setup For Portland Chiropractors (2026),Practical guide for best automated WordPress setup for Portland chiropractors. Get a free AI mockup for your wordpress automation store or lead system — re,Fluent Forms|Make.com|WhatsApp reply|CRM sheet|follow-up sequence,automation_demo,best-automated-wordpress-setup-for-portland-chiropractors,Searching for “best automated WordPress setup for Portland chiropractors”? This page breaks down a practical setup for wordpress automation in Portland — plus how to get a ready system without waiting weeks.,How fast can I launch a wordpress automation solution?,Most turnkey Shopify transfers happen the same day after payment. WordPress lead automation usually goes live within 48–72 hours.,Is this DIY or done-for-you?,"Both paths exist: buy a prebuilt store, or get the same automation wired on your site. Start with a free WhatsApp mockup.",What do I need before we start?,"A WhatsApp number, niche preference, and budget range. Domain and Shopify/WordPress access come after the mockup call."
Portland chiropractors WhatsApp lead automation,wordpress automation,Portland,commercial,Portland Chiropractors WhatsApp Lead Automation,Portland Chiropractors WhatsApp Lead Automation (2026),Practical guide for Portland chiropractors WhatsApp lead automation. Get a free AI mockup for your wordpress automation store or lead system — reply in und,form fields|AI proposal|Whapi/Twilio|speed reply|CTA,automation_demo,portland-chiropractors-whatsapp-lead-automation,Searching for “Portland chiropractors WhatsApp lead automation”? This page breaks down a practical setup for wordpress automation in Portland — plus how to get a ready system without waiting weeks.,How fast can I launch a wordpress automation solution?,Most turnkey Shopify transfers happen the same day after payment. WordPress lead automation usually goes live within 48–72 hours.,Is this DIY or done-for-you?,"Both paths exist: buy a prebuilt store, or get the same automation wired on your site. Start with a free WhatsApp mockup.",What do I need before we start?,"A WhatsApp number, niche preference, and budget range. Domain and Shopify/WordPress access come after the mockup call."
best automated WordPress setup for Portland tutors,wordpress automation,Portland,commercial,Best Automated WordPress Setup For Portland Tutors,Best Automated WordPress Setup For Portland Tutors (2026),Practical guide for best automated WordPress setup for Portland tutors. Get a free AI mockup for your wordpress automation store or lead system — reply in ,Fluent Forms|Make.com|WhatsApp reply|CRM sheet|follow-up sequence,automation_demo,best-automated-wordpress-setup-for-portland-tutors,Searching for “best automated WordPress setup for Portland tutors”? This page breaks down a practical setup for wordpress automation in Portland — plus how to get a ready system without waiting weeks.,How fast can I launch a wordpress automation solution?,Most turnkey Shopify transfers happen the same day after payment. WordPress lead automation usually goes live within 48–72 hours.,Is this DIY or done-for-you?,"Both paths exist: buy a prebuilt store, or get the same automation wired on your site. Start with a free WhatsApp mockup.",What do I need before we start?,"A WhatsApp number, niche preference, and budget range. Domain and Shopify/WordPress access come after the mockup call."
Portland tutors WhatsApp lead automation,wordpress automation,Portland,commercial,Portland Tutors WhatsApp Lead Automation,Portland Tutors WhatsApp Lead Automation (2026),Practical guide for Portland tutors WhatsApp lead automation. Get a free AI mockup for your wordpress automation store or lead system — reply in under 60 s,form fields|AI proposal|Whapi/Twilio|speed reply|CTA,automation_demo,portland-tutors-whatsapp-lead-automation,Searching for “Portland tutors WhatsApp lead automation”? This page breaks down a practical setup for wordpress automation in Portland — plus how to get a ready system without waiting weeks.,How fast can I launch a wordpress automation solution?,Most turnkey Shopify transfers happen the same day after payment. WordPress lead automation usually goes live within 48–72 hours.,Is this DIY or done-for-you?,"Both paths exist: buy a prebuilt store, or get the same automation wired on your site. Start with a free WhatsApp mockup.",What do I need before we start?,"A WhatsApp number, niche preference, and budget range. Domain and Shopify/WordPress access come after the mockup call."
best automated WordPress setup for Portland clinic managers,wordpress automation,Portland,commercial,Best Automated WordPress Setup For Portland Clinic Managers,Best Automated WordPress Setup For Portland Clinic Mana...,Practical guide for best automated WordPress setup for Portland clinic managers. Get a free AI mockup for your wordpress automation store or lead system — ,Fluent Forms|Make.com|WhatsApp reply|CRM sheet|follow-up sequence,automation_demo,best-automated-wordpress-setup-for-portland-clinic-managers,Searching for “best automated WordPress setup for Portland clinic managers”? This page breaks down a practical setup for wordpress automation in Portland — plus how to get a ready system without waiting weeks.,How fast can I launch a wordpress automation solution?,Most turnkey Shopify transfers happen the same day after payment. WordPress lead automation usually goes live within 48–72 hours.,Is this DIY or done-for-you?,"Both paths exist: buy a prebuilt store, or get the same automation wired on your site. Start with a free WhatsApp mockup.",What do I need before we start?,"A WhatsApp number, niche preference, and budget range. Domain and Shopify/WordPress access come after the mockup call."
Portland clinic managers WhatsApp lead automation,wordpress automation,Portland,commercial,Portland Clinic Managers WhatsApp Lead Automation,Portland Clinic Managers WhatsApp Lead Automation (2026),Practical guide for Portland clinic managers WhatsApp lead automation. Get a free AI mockup for your wordpress automation store or lead system — reply in u,form fields|AI proposal|Whapi/Twilio|speed reply|CTA,automation_demo,portland-clinic-managers-whatsapp-lead-automation,Searching for “Portland clinic managers WhatsApp lead automation”? This page breaks down a practical setup for wordpress automation in Portland — plus how to get a ready system without waiting weeks.,How fast can I launch a wordpress automation solution?,Most turnkey Shopify transfers happen the same day after payment. WordPress lead automation usually goes live within 48–72 hours.,Is this DIY or done-for-you?,"Both paths exist: buy a prebuilt store, or get the same automation wired on your site. Start with a free WhatsApp mockup.",What do I need before we start?,"A WhatsApp number, niche preference, and budget range. Domain and Shopify/WordPress access come after the mockup call."
best automated WordPress setup for Portland spa owners,wordpress automation,Portland,commercial,Best Automated WordPress Setup For Portland Spa Owners,Best Automated WordPress Setup For Portland Spa Owners (2026),Practical guide for best automated WordPress setup for Portland spa owners. Get a free AI mockup for your wordpress automation store or lead system — reply,Fluent Forms|Make.com|WhatsApp reply|CRM sheet|follow-up sequence,automation_demo,best-automated-wordpress-setup-for-portland-spa-owners,Searching for “best automated WordPress setup for Portland spa owners”? This page breaks down a practical setup for wordpress automation in Portland — plus how to get a ready system without waiting weeks.,How fast can I launch a wordpress automation solution?,Most turnkey Shopify transfers happen the same day after payment. WordPress lead automation usually goes live within 48–72 hours.,Is this DIY or done-for-you?,"Both paths exist: buy a prebuilt store, or get the same automation wired on your site. Start with a free WhatsApp mockup.",What do I need before we start?,"A WhatsApp number, niche preference, and budget range. Domain and Shopify/WordPress access come after the mockup call."
Portland spa owners WhatsApp lead automation,wordpress automation,Portland,commercial,Portland Spa Owners WhatsApp Lead Automation,Portland Spa Owners WhatsApp Lead Automation (2026),Practical guide for Portland spa owners WhatsApp lead automation. Get a free AI mockup for your wordpress automation store or lead system — reply in under ,form fields|AI proposal|Whapi/Twilio|speed reply|CTA,automation_demo,portland-spa-owners-whatsapp-lead-automation,Searching for “Portland spa owners WhatsApp lead automation”? This page breaks down a practical setup for wordpress automation in Portland — plus how to get a ready system without waiting weeks.,How fast can I launch a wordpress automation solution?,Most turnkey Shopify transfers happen the same day after payment. WordPress lead automation usually goes live within 48–72 hours.,Is this DIY or done-for-you?,"Both paths exist: buy a prebuilt store, or get the same automation wired on your site. Start with a free WhatsApp mockup.",What do I need before we start?,"A WhatsApp number, niche preference, and budget range. Domain and Shopify/WordPress access come after the mockup call."
best automated WordPress setup for Portland coaches,wordpress automation,Portland,commercial,Best Automated WordPress Setup For Portland Coaches,Best Automated WordPress Setup For Portland Coaches (2026),Practical guide for best automated WordPress setup for Portland coaches. Get a free AI mockup for your wordpress automation store or lead system — reply in,Fluent Forms|Make.com|WhatsApp reply|CRM sheet|follow-up sequence,automation_demo,best-automated-wordpress-setup-for-portland-coaches,Searching for “best automated WordPress setup for Portland coaches”? This page breaks down a practical setup for wordpress automation in Portland — plus how to get a ready system without waiting weeks.,How fast can I launch a wordpress automation solution?,Most turnkey Shopify transfers happen the same day after payment. WordPress lead automation usually goes live within 48–72 hours.,Is this DIY or done-for-you?,"Both paths exist: buy a prebuilt store, or get the same automation wired on your site. Start with a free WhatsApp mockup.",What do I need before we start?,"A WhatsApp number, niche preference, and budget range. Domain and Shopify/WordPress access come after the mockup call."
Portland coaches WhatsApp lead automation,wordpress automation,Portland,commercial,Portland Coaches WhatsApp Lead Automation,Portland Coaches WhatsApp Lead Automation (2026),Practical guide for Portland coaches WhatsApp lead automation. Get a free AI mockup for your wordpress automation store or lead system — reply in under 60 ,form fields|AI proposal|Whapi/Twilio|speed reply|CTA,automation_demo,portland-coaches-whatsapp-lead-automation,Searching for “Portland coaches WhatsApp lead automation”? This page breaks down a practical setup for wordpress automation in Portland — plus how to get a ready system without waiting weeks.,How fast can I launch a wordpress automation solution?,Most turnkey Shopify transfers happen the same day after payment. WordPress lead automation usually goes live within 48–72 hours.,Is this DIY or done-for-you?,"Both paths exist: buy a prebuilt store, or get the same automation wired on your site. Start with a free WhatsApp mockup.",What do I need before we start?,"A WhatsApp number, niche preference, and budget range. Domain and Shopify/WordPress access come after the mockup call."
best automated WordPress setup for Nashville realtors,wordpress automation,Nashville,commercial,Best Automated WordPress Setup For Nashville Realtors,Best Automated WordPress Setup For Nashville Realtors (2026),Practical guide for best automated WordPress setup for Nashville realtors. Get a free AI mockup for your wordpress automation store or lead system — reply ,Fluent Forms|Make.com|WhatsApp reply|CRM sheet|follow-up sequence,automation_demo,best-automated-wordpress-setup-for-nashville-realtors,Searching for “best automated WordPress setup for Nashville realtors”? This page breaks down a practical setup for wordpress automation in Nashville — plus how to get a ready system without waiting weeks.,How fast can I launch a wordpress automation solution?,Most turnkey Shopify transfers happen the same day after payment. WordPress lead automation usually goes live within 48–72 hours.,Is this DIY or done-for-you?,"Both paths exist: buy a prebuilt store, or get the same automation wired on your site. Start with a free WhatsApp mockup.",What do I need before we start?,"A WhatsApp number, niche preference, and budget range. Domain and Shopify/WordPress access come after the mockup call."
Nashville realtors WhatsApp lead automation,wordpress automation,Nashville,commercial,Nashville Realtors WhatsApp Lead Automation,Nashville Realtors WhatsApp Lead Automation (2026),Practical guide for Nashville realtors WhatsApp lead automation. Get a free AI mockup for your wordpress automation store or lead system — reply in under 6,form fields|AI proposal|Whapi/Twilio|speed reply|CTA,automation_demo,nashville-realtors-whatsapp-lead-automation,Searching for “Nashville realtors WhatsApp lead automation”? This page breaks down a practical setup for wordpress automation in Nashville — plus how to get a ready system without waiting weeks.,How fast can I launch a wordpress automation solution?,Most turnkey Shopify transfers happen the same day after payment. WordPress lead automation usually goes live within 48–72 hours.,Is this DIY or done-for-you?,"Both paths exist: buy a prebuilt store, or get the same automation wired on your site. Start with a free WhatsApp mockup.",What do I need before we start?,"A WhatsApp number, niche preference, and budget range. Domain and Shopify/WordPress access come after the mockup call."
best automated WordPress setup for Nashville dentists,wordpress automation,Nashville,commercial,Best Automated WordPress Setup For Nashville Dentists,Best Automated WordPress Setup For Nashville Dentists (2026),Practical guide for best automated WordPress setup for Nashville dentists. Get a free AI mockup for your wordpress automation store or lead system — reply ,Fluent Forms|Make.com|WhatsApp reply|CRM sheet|follow-up sequence,automation_demo,best-automated-wordpress-setup-for-nashville-dentists,Searching for “best automated WordPress setup for Nashville dentists”? This page breaks down a practical setup for wordpress automation in Nashville — plus how to get a ready system without waiting weeks.,How fast can I launch a wordpress automation solution?,Most turnkey Shopify transfers happen the same day after payment. WordPress lead automation usually goes live within 48–72 hours.,Is this DIY or done-for-you?,"Both paths exist: buy a prebuilt store, or get the same automation wired on your site. Start with a free WhatsApp mockup.",What do I need before we start?,"A WhatsApp number, niche preference, and budget range. Domain and Shopify/WordPress access come after the mockup call."
Nashville dentists WhatsApp lead automation,wordpress automation,Nashville,commercial,Nashville Dentists WhatsApp Lead Automation,Nashville Dentists WhatsApp Lead Automation (2026),Practical guide for Nashville dentists WhatsApp lead automation. Get a free AI mockup for your wordpress automation store or lead system — reply in under 6,form fields|AI proposal|Whapi/Twilio|speed reply|CTA,automation_demo,nashville-dentists-whatsapp-lead-automation,Searching for “Nashville dentists WhatsApp lead automation”? This page breaks down a practical setup for wordpress automation in Nashville — plus how to get a ready system without waiting weeks.,How fast can I launch a wordpress automation solution?,Most turnkey Shopify transfers happen the same day after payment. WordPress lead automation usually goes live within 48–72 hours.,Is this DIY or done-for-you?,"Both paths exist: buy a prebuilt store, or get the same automation wired on your site. Start with a free WhatsApp mockup.",What do I need before we start?,"A WhatsApp number, niche preference, and budget range. Domain and Shopify/WordPress access come after the mockup call."
best automated WordPress setup for Nashville gym owners,wordpress automation,Nashville,commercial,Best Automated WordPress Setup For Nashville Gym Owners,Best Automated WordPress Setup For Nashville Gym Owners (2026),Practical guide for best automated WordPress setup for Nashville gym owners. Get a free AI mockup for your wordpress automation store or lead system — repl,Fluent Forms|Make.com|WhatsApp reply|CRM sheet|follow-up sequence,automation_demo,best-automated-wordpress-setup-for-nashville-gym-owners,Searching for “best automated WordPress setup for Nashville gym owners”? This page breaks down a practical setup for wordpress automation in Nashville — plus how to get a ready system without waiting weeks.,How fast can I launch a wordpress automation solution?,Most turnkey Shopify transfers happen the same day after payment. WordPress lead automation usually goes live within 48–72 hours.,Is this DIY or done-for-you?,"Both paths exist: buy a prebuilt store, or get the same automation wired on your site. Start with a free WhatsApp mockup.",What do I need before we start?,"A WhatsApp number, niche preference, and budget range. Domain and Shopify/WordPress access come after the mockup call."
Nashville gym owners WhatsApp lead automation,wordpress automation,Nashville,commercial,Nashville Gym Owners WhatsApp Lead Automation,Nashville Gym Owners WhatsApp Lead Automation (2026),Practical guide for Nashville gym owners WhatsApp lead automation. Get a free AI mockup for your wordpress automation store or lead system — reply in under,form fields|AI proposal|Whapi/Twilio|speed reply|CTA,automation_demo,nashville-gym-owners-whatsapp-lead-automation,Searching for “Nashville gym owners WhatsApp lead automation”? This page breaks down a practical setup for wordpress automation in Nashville — plus how to get a ready system without waiting weeks.,How fast can I launch a wordpress automation solution?,Most turnkey Shopify transfers happen the same day after payment. WordPress lead automation usually goes live within 48–72 hours.,Is this DIY or done-for-you?,"Both paths exist: buy a prebuilt store, or get the same automation wired on your site. Start with a free WhatsApp mockup.",What do I need before we start?,"A WhatsApp number, niche preference, and budget range. Domain and Shopify/WordPress access come after the mockup call."
best automated WordPress setup for Nashville salon owners,wordpress automation,Nashville,commercial,Best Automated WordPress Setup For Nashville Salon Owners,Best Automated WordPress Setup For Nashville Salon Owners (2026),Practical guide for best automated WordPress setup for Nashville salon owners. Get a free AI mockup for your wordpress automation store or lead system — re,Fluent Forms|Make.com|WhatsApp reply|CRM sheet|follow-up sequence,automation_demo,best-automated-wordpress-setup-for-nashville-salon-owners,Searching for “best automated WordPress setup for Nashville salon owners”? This page breaks down a practical setup for wordpress automation in Nashville — plus how to get a ready system without waiting weeks.,How fast can I launch a wordpress automation solution?,Most turnkey Shopify transfers happen the same day after payment. WordPress lead automation usually goes live within 48–72 hours.,Is this DIY or done-for-you?,"Both paths exist: buy a prebuilt store, or get the same automation wired on your site. Start with a free WhatsApp mockup.",What do I need before we start?,"A WhatsApp number, niche preference, and budget range. Domain and Shopify/WordPress access come after the mockup call."
Nashville salon owners WhatsApp lead automation,wordpress automation,Nashville,commercial,Nashville Salon Owners WhatsApp Lead Automation,Nashville Salon Owners WhatsApp Lead Automation (2026),Practical guide for Nashville salon owners WhatsApp lead automation. Get a free AI mockup for your wordpress automation store or lead system — reply in und,form fields|AI proposal|Whapi/Twilio|speed reply|CTA,automation_demo,nashville-salon-owners-whatsapp-lead-automation,Searching for “Nashville salon owners WhatsApp lead automation”? This page breaks down a practical setup for wordpress automation in Nashville — plus how to get a ready system without waiting weeks.,How fast can I launch a wordpress automation solution?,Most turnkey Shopify transfers happen the same day after payment. WordPress lead automation usually goes live within 48–72 hours.,Is this DIY or done-for-you?,"Both paths exist: buy a prebuilt store, or get the same automation wired on your site. Start with a free WhatsApp mockup.",What do I need before we start?,"A WhatsApp number, niche preference, and budget range. Domain and Shopify/WordPress access come after the mockup call."
best automated WordPress setup for Nashville restaurant owners,wordpress automation,Nashville,commercial,Best Automated WordPress Setup For Nashville Restaurant Owners,Best Automated WordPress Setup For Nashville Restaurant...,Practical guide for best automated WordPress setup for Nashville restaurant owners. Get a free AI mockup for your wordpress automation store or lead system,Fluent Forms|Make.com|WhatsApp reply|CRM sheet|follow-up sequence,automation_demo,best-automated-wordpress-setup-for-nashville-restaurant-owners,Searching for “best automated WordPress setup for Nashville restaurant owners”? This page breaks down a practical setup for wordpress automation in Nashville — plus how to get a ready system without waiting weeks.,How fast can I launch a wordpress automation solution?,Most turnkey Shopify transfers happen the same day after payment. WordPress lead automation usually goes live within 48–72 hours.,Is this DIY or done-for-you?,"Both paths exist: buy a prebuilt store, or get the same automation wired on your site. Start with a free WhatsApp mockup.",What do I need before we start?,"A WhatsApp number, niche preference, and budget range. Domain and Shopify/WordPress access come after the mockup call."
Nashville restaurant owners WhatsApp lead automation,wordpress automation,Nashville,commercial,Nashville Restaurant Owners WhatsApp Lead Automation,Nashville Restaurant Owners WhatsApp Lead Automation (2026),Practical guide for Nashville restaurant owners WhatsApp lead automation. Get a free AI mockup for your wordpress automation store or lead system — reply i,form fields|AI proposal|Whapi/Twilio|speed reply|CTA,automation_demo,nashville-restaurant-owners-whatsapp-lead-automation,Searching for “Nashville restaurant owners WhatsApp lead automation”? This page breaks down a practical setup for wordpress automation in Nashville — plus how to get a ready system without waiting weeks.,How fast can I launch a wordpress automation solution?,Most turnkey Shopify transfers happen the same day after payment. WordPress lead automation usually goes live within 48–72 hours.,Is this DIY or done-for-you?,"Both paths exist: buy a prebuilt store, or get the same automation wired on your site. Start with a free WhatsApp mockup.",What do I need before we start?,"A WhatsApp number, niche preference, and budget range. Domain and Shopify/WordPress access come after the mockup call."
best automated WordPress setup for Nashville chiropractors,wordpress automation,Nashville,commercial,Best Automated WordPress Setup For Nashville Chiropractors,Best Automated WordPress Setup For Nashville Chiropractors (2026),Practical guide for best automated WordPress setup for Nashville chiropractors. Get a free AI mockup for your wordpress automation store or lead system — r,Fluent Forms|Make.com|WhatsApp reply|CRM sheet|follow-up sequence,automation_demo,best-automated-wordpress-setup-for-nashville-chiropractors,Searching for “best automated WordPress setup for Nashville chiropractors”? This page breaks down a practical setup for wordpress automation in Nashville — plus how to get a ready system without waiting weeks.,How fast can I launch a wordpress automation solution?,Most turnkey Shopify transfers happen the same day after payment. WordPress lead automation usually goes live within 48–72 hours.,Is this DIY or done-for-you?,"Both paths exist: buy a prebuilt store, or get the same automation wired on your site. Start with a free WhatsApp mockup.",What do I need before we start?,"A WhatsApp number, niche preference, and budget range. Domain and Shopify/WordPress access come after the mockup call."
Nashville chiropractors WhatsApp lead automation,wordpress automation,Nashville,commercial,Nashville Chiropractors WhatsApp Lead Automation,Nashville Chiropractors WhatsApp Lead Automation (2026),Practical guide for Nashville chiropractors WhatsApp lead automation. Get a free AI mockup for your wordpress automation store or lead system — reply in un,form fields|AI proposal|Whapi/Twilio|speed reply|CTA,automation_demo,nashville-chiropractors-whatsapp-lead-automation,Searching for “Nashville chiropractors WhatsApp lead automation”? This page breaks down a practical setup for wordpress automation in Nashville — plus how to get a ready system without waiting weeks.,How fast can I launch a wordpress automation solution?,Most turnkey Shopify transfers happen the same day after payment. WordPress lead automation usually goes live within 48–72 hours.,Is this DIY or done-for-you?,"Both paths exist: buy a prebuilt store, or get the same automation wired on your site. Start with a free WhatsApp mockup.",What do I need before we start?,"A WhatsApp number, niche preference, and budget range. Domain and Shopify/WordPress access come after the mockup call."
best automated WordPress setup for Nashville tutors,wordpress automation,Nashville,commercial,Best Automated WordPress Setup For Nashville Tutors,Best Automated WordPress Setup For Nashville Tutors (2026),Practical guide for best automated WordPress setup for Nashville tutors. Get a free AI mockup for your wordpress automation store or lead system — reply in,Fluent Forms|Make.com|WhatsApp reply|CRM sheet|follow-up sequence,automation_demo,best-automated-wordpress-setup-for-nashville-tutors,Searching for “best automated WordPress setup for Nashville tutors”? This page breaks down a practical setup for wordpress automation in Nashville — plus how to get a ready system without waiting weeks.,How fast can I launch a wordpress automation solution?,Most turnkey Shopify transfers happen the same day after payment. WordPress lead automation usually goes live within 48–72 hours.,Is this DIY or done-for-you?,"Both paths exist: buy a prebuilt store, or get the same automation wired on your site. Start with a free WhatsApp mockup.",What do I need before we start?,"A WhatsApp number, niche preference, and budget range. Domain and Shopify/WordPress access come after the mockup call."
Nashville tutors WhatsApp lead automation,wordpress automation,Nashville,commercial,Nashville Tutors WhatsApp Lead Automation,Nashville Tutors WhatsApp Lead Automation (2026),Practical guide for Nashville tutors WhatsApp lead automation. Get a free AI mockup for your wordpress automation store or lead system — reply in under 60 ,form fields|AI proposal|Whapi/Twilio|speed reply|CTA,automation_demo,nashville-tutors-whatsapp-lead-automation,Searching for “Nashville tutors WhatsApp lead automation”? This page breaks down a practical setup for wordpress automation in Nashville — plus how to get a ready system without waiting weeks.,How fast can I launch a wordpress automation solution?,Most turnkey Shopify transfers happen the same day after payment. WordPress lead automation usually goes live within 48–72 hours.,Is this DIY or done-for-you?,"Both paths exist: buy a prebuilt store, or get the same automation wired on your site. Start with a free WhatsApp mockup.",What do I need before we start?,"A WhatsApp number, niche preference, and budget range. Domain and Shopify/WordPress access come after the mockup call."
best automated WordPress setup for Nashville clinic managers,wordpress automation,Nashville,commercial,Best Automated WordPress Setup For Nashville Clinic Managers,Best Automated WordPress Setup For Nashville Clinic Man...,Practical guide for best automated WordPress setup for Nashville clinic managers. Get a free AI mockup for your wordpress automation store or lead system —,Fluent Forms|Make.com|WhatsApp reply|CRM sheet|follow-up sequence,automation_demo,best-automated-wordpress-setup-for-nashville-clinic-managers,Searching for “best automated WordPress setup for Nashville clinic managers”? This page breaks down a practical setup for wordpress automation in Nashville — plus how to get a ready system without waiting weeks.,How fast can I launch a wordpress automation solution?,Most turnkey Shopify transfers happen the same day after payment. WordPress lead automation usually goes live within 48–72 hours.,Is this DIY or done-for-you?,"Both paths exist: buy a prebuilt store, or get the same automation wired on your site. Start with a free WhatsApp mockup.",What do I need before we start?,"A WhatsApp number, niche preference, and budget range. Domain and Shopify/WordPress access come after the mockup call."
Nashville clinic managers WhatsApp lead automation,wordpress automation,Nashville,commercial,Nashville Clinic Managers WhatsApp Lead Automation,Nashville Clinic Managers WhatsApp Lead Automation (2026),Practical guide for Nashville clinic managers WhatsApp lead automation. Get a free AI mockup for your wordpress automation store or lead system — reply in ,form fields|AI proposal|Whapi/Twilio|speed reply|CTA,automation_demo,nashville-clinic-managers-whatsapp-lead-automation,Searching for “Nashville clinic managers WhatsApp lead automation”? This page breaks down a practical setup for wordpress automation in Nashville — plus how to get a ready system without waiting weeks.,How fast can I launch a wordpress automation solution?,Most turnkey Shopify transfers happen the same day after payment. WordPress lead automation usually goes live within 48–72 hours.,Is this DIY or done-for-you?,"Both paths exist: buy a prebuilt store, or get the same automation wired on your site. Start with a free WhatsApp mockup.",What do I need before we start?,"A WhatsApp number, niche preference, and budget range. Domain and Shopify/WordPress access come after the mockup call."
best automated WordPress setup for Nashville spa owners,wordpress automation,Nashville,commercial,Best Automated WordPress Setup For Nashville Spa Owners,Best Automated WordPress Setup For Nashville Spa Owners (2026),Practical guide for best automated WordPress setup for Nashville spa owners. Get a free AI mockup for your wordpress automation store or lead system — repl,Fluent Forms|Make.com|WhatsApp reply|CRM sheet|follow-up sequence,automation_demo,best-automated-wordpress-setup-for-nashville-spa-owners,Searching for “best automated WordPress setup for Nashville spa owners”? This page breaks down a practical setup for wordpress automation in Nashville — plus how to get a ready system without waiting weeks.,How fast can I launch a wordpress automation solution?,Most turnkey Shopify transfers happen the same day after payment. WordPress lead automation usually goes live within 48–72 hours.,Is this DIY or done-for-you?,"Both paths exist: buy a prebuilt store, or get the same automation wired on your site. Start with a free WhatsApp mockup.",What do I need before we start?,"A WhatsApp number, niche preference, and budget range. Domain and Shopify/WordPress access come after the mockup call."
Nashville spa owners WhatsApp lead automation,wordpress automation,Nashville,commercial,Nashville Spa Owners WhatsApp Lead Automation,Nashville Spa Owners WhatsApp Lead Automation (2026),Practical guide for Nashville spa owners WhatsApp lead automation. Get a free AI mockup for your wordpress automation store or lead system — reply in under,form fields|AI proposal|Whapi/Twilio|speed reply|CTA,automation_demo,nashville-spa-owners-whatsapp-lead-automation,Searching for “Nashville spa owners WhatsApp lead automation”? This page breaks down a practical setup for wordpress automation in Nashville — plus how to get a ready system without waiting weeks.,How fast can I launch a wordpress automation solution?,Most turnkey Shopify transfers happen the same day after payment. WordPress lead automation usually goes live within 48–72 hours.,Is this DIY or done-for-you?,"Both paths exist: buy a prebuilt store, or get the same automation wired on your site. Start with a free WhatsApp mockup.",What do I need before we start?,"A WhatsApp number, niche preference, and budget range. Domain and Shopify/WordPress access come after the mockup call."
best automated WordPress setup for Nashville coaches,wordpress automation,Nashville,commercial,Best Automated WordPress Setup For Nashville Coaches,Best Automated WordPress Setup For Nashville Coaches (2026),Practical guide for best automated WordPress setup for Nashville coaches. Get a free AI mockup for your wordpress automation store or lead system — reply i,Fluent Forms|Make.com|WhatsApp reply|CRM sheet|follow-up sequence,automation_demo,best-automated-wordpress-setup-for-nashville-coaches,Searching for “best automated WordPress setup for Nashville coaches”? This page breaks down a practical setup for wordpress automation in Nashville — plus how to get a ready system without waiting weeks.,How fast can I launch a wordpress automation solution?,Most turnkey Shopify transfers happen the same day after payment. WordPress lead automation usually goes live within 48–72 hours.,Is this DIY or done-for-you?,"Both paths exist: buy a prebuilt store, or get the same automation wired on your site. Start with a free WhatsApp mockup.",What do I need before we start?,"A WhatsApp number, niche preference, and budget range. Domain and Shopify/WordPress access come after the mockup call."
Nashville coaches WhatsApp lead automation,wordpress automation,Nashville,commercial,Nashville Coaches WhatsApp Lead Automation,Nashville Coaches WhatsApp Lead Automation (2026),Practical guide for Nashville coaches WhatsApp lead automation. Get a free AI mockup for your wordpress automation store or lead system — reply in under 60,form fields|AI proposal|Whapi/Twilio|speed reply|CTA,automation_demo,nashville-coaches-whatsapp-lead-automation,Searching for “Nashville coaches WhatsApp lead automation”? This page breaks down a practical setup for wordpress automation in Nashville — plus how to get a ready system without waiting weeks.,How fast can I launch a wordpress automation solution?,Most turnkey Shopify transfers happen the same day after payment. WordPress lead automation usually goes live within 48–72 hours.,Is this DIY or done-for-you?,"Both paths exist: buy a prebuilt store, or get the same automation wired on your site. Start with a free WhatsApp mockup.",What do I need before we start?,"A WhatsApp number, niche preference, and budget range. Domain and Shopify/WordPress access come after the mockup call."
best automated WordPress setup for Raleigh realtors,wordpress automation,Raleigh,commercial,Best Automated WordPress Setup For Raleigh Realtors,Best Automated WordPress Setup For Raleigh Realtors (2026),Practical guide for best automated WordPress setup for Raleigh realtors. Get a free AI mockup for your wordpress automation store or lead system — reply in,Fluent Forms|Make.com|WhatsApp reply|CRM sheet|follow-up sequence,automation_demo,best-automated-wordpress-setup-for-raleigh-realtors,Searching for “best automated WordPress setup for Raleigh realtors”? This page breaks down a practical setup for wordpress automation in Raleigh — plus how to get a ready system without waiting weeks.,How fast can I launch a wordpress automation solution?,Most turnkey Shopify transfers happen the same day after payment. WordPress lead automation usually goes live within 48–72 hours.,Is this DIY or done-for-you?,"Both paths exist: buy a prebuilt store, or get the same automation wired on your site. Start with a free WhatsApp mockup.",What do I need before we start?,"A WhatsApp number, niche preference, and budget range. Domain and Shopify/WordPress access come after the mockup call."
Raleigh realtors WhatsApp lead automation,wordpress automation,Raleigh,commercial,Raleigh Realtors WhatsApp Lead Automation,Raleigh Realtors WhatsApp Lead Automation (2026),Practical guide for Raleigh realtors WhatsApp lead automation. Get a free AI mockup for your wordpress automation store or lead system — reply in under 60 ,form fields|AI proposal|Whapi/Twilio|speed reply|CTA,automation_demo,raleigh-realtors-whatsapp-lead-automation,Searching for “Raleigh realtors WhatsApp lead automation”? This page breaks down a practical setup for wordpress automation in Raleigh — plus how to get a ready system without waiting weeks.,How fast can I launch a wordpress automation solution?,Most turnkey Shopify transfers happen the same day after payment. WordPress lead automation usually goes live within 48–72 hours.,Is this DIY or done-for-you?,"Both paths exist: buy a prebuilt store, or get the same automation wired on your site. Start with a free WhatsApp mockup.",What do I need before we start?,"A WhatsApp number, niche preference, and budget range. Domain and Shopify/WordPress access come after the mockup call."
best automated WordPress setup for Raleigh dentists,wordpress automation,Raleigh,commercial,Best Automated WordPress Setup For Raleigh Dentists,Best Automated WordPress Setup For Raleigh Dentists (2026),Practical guide for best automated WordPress setup for Raleigh dentists. Get a free AI mockup for your wordpress automation store or lead system — reply in,Fluent Forms|Make.com|WhatsApp reply|CRM sheet|follow-up sequence,automation_demo,best-automated-wordpress-setup-for-raleigh-dentists,Searching for “best automated WordPress setup for Raleigh dentists”? This page breaks down a practical setup for wordpress automation in Raleigh — plus how to get a ready system without waiting weeks.,How fast can I launch a wordpress automation solution?,Most turnkey Shopify transfers happen the same day after payment. WordPress lead automation usually goes live within 48–72 hours.,Is this DIY or done-for-you?,"Both paths exist: buy a prebuilt store, or get the same automation wired on your site. Start with a free WhatsApp mockup.",What do I need before we start?,"A WhatsApp number, niche preference, and budget range. Domain and Shopify/WordPress access come after the mockup call."
Raleigh dentists WhatsApp lead automation,wordpress automation,Raleigh,commercial,Raleigh Dentists WhatsApp Lead Automation,Raleigh Dentists WhatsApp Lead Automation (2026),Practical guide for Raleigh dentists WhatsApp lead automation. Get a free AI mockup for your wordpress automation store or lead system — reply in under 60 ,form fields|AI proposal|Whapi/Twilio|speed reply|CTA,automation_demo,raleigh-dentists-whatsapp-lead-automation,Searching for “Raleigh dentists WhatsApp lead automation”? This page breaks down a practical setup for wordpress automation in Raleigh — plus how to get a ready system without waiting weeks.,How fast can I launch a wordpress automation solution?,Most turnkey Shopify transfers happen the same day after payment. WordPress lead automation usually goes live within 48–72 hours.,Is this DIY or done-for-you?,"Both paths exist: buy a prebuilt store, or get the same automation wired on your site. Start with a free WhatsApp mockup.",What do I need before we start?,"A WhatsApp number, niche preference, and budget range. Domain and Shopify/WordPress access come after the mockup call."
best automated WordPress setup for Raleigh gym owners,wordpress automation,Raleigh,commercial,Best Automated WordPress Setup For Raleigh Gym Owners,Best Automated WordPress Setup For Raleigh Gym Owners (2026),Practical guide for best automated WordPress setup for Raleigh gym owners. Get a free AI mockup for your wordpress automation store or lead system — reply ,Fluent Forms|Make.com|WhatsApp reply|CRM sheet|follow-up sequence,automation_demo,best-automated-wordpress-setup-for-raleigh-gym-owners,Searching for “best automated WordPress setup for Raleigh gym owners”? This page breaks down a practical setup for wordpress automation in Raleigh — plus how to get a ready system without waiting weeks.,How fast can I launch a wordpress automation solution?,Most turnkey Shopify transfers happen the same day after payment. WordPress lead automation usually goes live within 48–72 hours.,Is this DIY or done-for-you?,"Both paths exist: buy a prebuilt store, or get the same automation wired on your site. Start with a free WhatsApp mockup.",What do I need before we start?,"A WhatsApp number, niche preference, and budget range. Domain and Shopify/WordPress access come after the mockup call."
Raleigh gym owners WhatsApp lead automation,wordpress automation,Raleigh,commercial,Raleigh Gym Owners WhatsApp Lead Automation,Raleigh Gym Owners WhatsApp Lead Automation (2026),Practical guide for Raleigh gym owners WhatsApp lead automation. Get a free AI mockup for your wordpress automation store or lead system — reply in under 6,form fields|AI proposal|Whapi/Twilio|speed reply|CTA,automation_demo,raleigh-gym-owners-whatsapp-lead-automation,Searching for “Raleigh gym owners WhatsApp lead automation”? This page breaks down a practical setup for wordpress automation in Raleigh — plus how to get a ready system without waiting weeks.,How fast can I launch a wordpress automation solution?,Most turnkey Shopify transfers happen the same day after payment. WordPress lead automation usually goes live within 48–72 hours.,Is this DIY or done-for-you?,"Both paths exist: buy a prebuilt store, or get the same automation wired on your site. Start with a free WhatsApp mockup.",What do I need before we start?,"A WhatsApp number, niche preference, and budget range. Domain and Shopify/WordPress access come after the mockup call."
best automated WordPress setup for Raleigh salon owners,wordpress automation,Raleigh,commercial,Best Automated WordPress Setup For Raleigh Salon Owners,Best Automated WordPress Setup For Raleigh Salon Owners (2026),Practical guide for best automated WordPress setup for Raleigh salon owners. Get a free AI mockup for your wordpress automation store or lead system — repl,Fluent Forms|Make.com|WhatsApp reply|CRM sheet|follow-up sequence,automation_demo,best-automated-wordpress-setup-for-raleigh-salon-owners,Searching for “best automated WordPress setup for Raleigh salon owners”? This page breaks down a practical setup for wordpress automation in Raleigh — plus how to get a ready system without waiting weeks.,How fast can I launch a wordpress automation solution?,Most turnkey Shopify transfers happen the same day after payment. WordPress lead automation usually goes live within 48–72 hours.,Is this DIY or done-for-you?,"Both paths exist: buy a prebuilt store, or get the same automation wired on your site. Start with a free WhatsApp mockup.",What do I need before we start?,"A WhatsApp number, niche preference, and budget range. Domain and Shopify/WordPress access come after the mockup call."
Raleigh salon owners WhatsApp lead automation,wordpress automation,Raleigh,commercial,Raleigh Salon Owners WhatsApp Lead Automation,Raleigh Salon Owners WhatsApp Lead Automation (2026),Practical guide for Raleigh salon owners WhatsApp lead automation. Get a free AI mockup for your wordpress automation store or lead system — reply in under,form fields|AI proposal|Whapi/Twilio|speed reply|CTA,automation_demo,raleigh-salon-owners-whatsapp-lead-automation,Searching for “Raleigh salon owners WhatsApp lead automation”? This page breaks down a practical setup for wordpress automation in Raleigh — plus how to get a ready system without waiting weeks.,How fast can I launch a wordpress automation solution?,Most turnkey Shopify transfers happen the same day after payment. WordPress lead automation usually goes live within 48–72 hours.,Is this DIY or done-for-you?,"Both paths exist: buy a prebuilt store, or get the same automation wired on your site. Start with a free WhatsApp mockup.",What do I need before we start?,"A WhatsApp number, niche preference, and budget range. Domain and Shopify/WordPress access come after the mockup call."
best automated WordPress setup for Raleigh restaurant owners,wordpress automation,Raleigh,commercial,Best Automated WordPress Setup For Raleigh Restaurant Owners,Best Automated WordPress Setup For Raleigh Restaurant O...,Practical guide for best automated WordPress setup for Raleigh restaurant owners. Get a free AI mockup for your wordpress automation store or lead system —,Fluent Forms|Make.com|WhatsApp reply|CRM sheet|follow-up sequence,automation_demo,best-automated-wordpress-setup-for-raleigh-restaurant-owners,Searching for “best automated WordPress setup for Raleigh restaurant owners”? This page breaks down a practical setup for wordpress automation in Raleigh — plus how to get a ready system without waiting weeks.,How fast can I launch a wordpress automation solution?,Most turnkey Shopify transfers happen the same day after payment. WordPress lead automation usually goes live within 48–72 hours.,Is this DIY or done-for-you?,"Both paths exist: buy a prebuilt store, or get the same automation wired on your site. Start with a free WhatsApp mockup.",What do I need before we start?,"A WhatsApp number, niche preference, and budget range. Domain and Shopify/WordPress access come after the mockup call."
Raleigh restaurant owners WhatsApp lead automation,wordpress automation,Raleigh,commercial,Raleigh Restaurant Owners WhatsApp Lead Automation,Raleigh Restaurant Owners WhatsApp Lead Automation (2026),Practical guide for Raleigh restaurant owners WhatsApp lead automation. Get a free AI mockup for your wordpress automation store or lead system — reply in ,form fields|AI proposal|Whapi/Twilio|speed reply|CTA,automation_demo,raleigh-restaurant-owners-whatsapp-lead-automation,Searching for “Raleigh restaurant owners WhatsApp lead automation”? This page breaks down a practical setup for wordpress automation in Raleigh — plus how to get a ready system without waiting weeks.,How fast can I launch a wordpress automation solution?,Most turnkey Shopify transfers happen the same day after payment. WordPress lead automation usually goes live within 48–72 hours.,Is this DIY or done-for-you?,"Both paths exist: buy a prebuilt store, or get the same automation wired on your site. Start with a free WhatsApp mockup.",What do I need before we start?,"A WhatsApp number, niche preference, and budget range. Domain and Shopify/WordPress access come after the mockup call."
best automated WordPress setup for Raleigh chiropractors,wordpress automation,Raleigh,commercial,Best Automated WordPress Setup For Raleigh Chiropractors,Best Automated WordPress Setup For Raleigh Chiropractors (2026),Practical guide for best automated WordPress setup for Raleigh chiropractors. Get a free AI mockup for your wordpress automation store or lead system — rep,Fluent Forms|Make.com|WhatsApp reply|CRM sheet|follow-up sequence,automation_demo,best-automated-wordpress-setup-for-raleigh-chiropractors,Searching for “best automated WordPress setup for Raleigh chiropractors”? This page breaks down a practical setup for wordpress automation in Raleigh — plus how to get a ready system without waiting weeks.,How fast can I launch a wordpress automation solution?,Most turnkey Shopify transfers happen the same day after payment. WordPress lead automation usually goes live within 48–72 hours.,Is this DIY or done-for-you?,"Both paths exist: buy a prebuilt store, or get the same automation wired on your site. Start with a free WhatsApp mockup.",What do I need before we start?,"A WhatsApp number, niche preference, and budget range. Domain and Shopify/WordPress access come after the mockup call."
Raleigh chiropractors WhatsApp lead automation,wordpress automation,Raleigh,commercial,Raleigh Chiropractors WhatsApp Lead Automation,Raleigh Chiropractors WhatsApp Lead Automation (2026),Practical guide for Raleigh chiropractors WhatsApp lead automation. Get a free AI mockup for your wordpress automation store or lead system — reply in unde,form fields|AI proposal|Whapi/Twilio|speed reply|CTA,automation_demo,raleigh-chiropractors-whatsapp-lead-automation,Searching for “Raleigh chiropractors WhatsApp lead automation”? This page breaks down a practical setup for wordpress automation in Raleigh — plus how to get a ready system without waiting weeks.,How fast can I launch a wordpress automation solution?,Most turnkey Shopify transfers happen the same day after payment. WordPress lead automation usually goes live within 48–72 hours.,Is this DIY or done-for-you?,"Both paths exist: buy a prebuilt store, or get the same automation wired on your site. Start with a free WhatsApp mockup.",What do I need before we start?,"A WhatsApp number, niche preference, and budget range. Domain and Shopify/WordPress access come after the mockup call."
best automated WordPress setup for Raleigh tutors,wordpress automation,Raleigh,commercial,Best Automated WordPress Setup For Raleigh Tutors,Best Automated WordPress Setup For Raleigh Tutors (2026),Practical guide for best automated WordPress setup for Raleigh tutors. Get a free AI mockup for your wordpress automation store or lead system — reply in u,Fluent Forms|Make.com|WhatsApp reply|CRM sheet|follow-up sequence,automation_demo,best-automated-wordpress-setup-for-raleigh-tutors,Searching for “best automated WordPress setup for Raleigh tutors”? This page breaks down a practical setup for wordpress automation in Raleigh — plus how to get a ready system without waiting weeks.,How fast can I launch a wordpress automation solution?,Most turnkey Shopify transfers happen the same day after payment. WordPress lead automation usually goes live within 48–72 hours.,Is this DIY or done-for-you?,"Both paths exist: buy a prebuilt store, or get the same automation wired on your site. Start with a free WhatsApp mockup.",What do I need before we start?,"A WhatsApp number, niche preference, and budget range. Domain and Shopify/WordPress access come after the mockup call."
Raleigh tutors WhatsApp lead automation,wordpress automation,Raleigh,commercial,Raleigh Tutors WhatsApp Lead Automation,Raleigh Tutors WhatsApp Lead Automation (2026),Practical guide for Raleigh tutors WhatsApp lead automation. Get a free AI mockup for your wordpress automation store or lead system — reply in under 60 se,form fields|AI proposal|Whapi/Twilio|speed reply|CTA,automation_demo,raleigh-tutors-whatsapp-lead-automation,Searching for “Raleigh tutors WhatsApp lead automation”? This page breaks down a practical setup for wordpress automation in Raleigh — plus how to get a ready system without waiting weeks.,How fast can I launch a wordpress automation solution?,Most turnkey Shopify transfers happen the same day after payment. WordPress lead automation usually goes live within 48–72 hours.,Is this DIY or done-for-you?,"Both paths exist: buy a prebuilt store, or get the same automation wired on your site. Start with a free WhatsApp mockup.",What do I need before we start?,"A WhatsApp number, niche preference, and budget range. Domain and Shopify/WordPress access come after the mockup call."
best automated WordPress setup for Raleigh clinic managers,wordpress automation,Raleigh,commercial,Best Automated WordPress Setup For Raleigh Clinic Managers,Best Automated WordPress Setup For Raleigh Clinic Managers (2026),Practical guide for best automated WordPress setup for Raleigh clinic managers. Get a free AI mockup for your wordpress automation store or lead system — r,Fluent Forms|Make.com|WhatsApp reply|CRM sheet|follow-up sequence,automation_demo,best-automated-wordpress-setup-for-raleigh-clinic-managers,Searching for “best automated WordPress setup for Raleigh clinic managers”? This page breaks down a practical setup for wordpress automation in Raleigh — plus how to get a ready system without waiting weeks.,How fast can I launch a wordpress automation solution?,Most turnkey Shopify transfers happen the same day after payment. WordPress lead automation usually goes live within 48–72 hours.,Is this DIY or done-for-you?,"Both paths exist: buy a prebuilt store, or get the same automation wired on your site. Start with a free WhatsApp mockup.",What do I need before we start?,"A WhatsApp number, niche preference, and budget range. Domain and Shopify/WordPress access come after the mockup call."
Raleigh clinic managers WhatsApp lead automation,wordpress automation,Raleigh,commercial,Raleigh Clinic Managers WhatsApp Lead Automation,Raleigh Clinic Managers WhatsApp Lead Automation (2026),Practical guide for Raleigh clinic managers WhatsApp lead automation. Get a free AI mockup for your wordpress automation store or lead system — reply in un,form fields|AI proposal|Whapi/Twilio|speed reply|CTA,automation_demo,raleigh-clinic-managers-whatsapp-lead-automation,Searching for “Raleigh clinic managers WhatsApp lead automation”? This page breaks down a practical setup for wordpress automation in Raleigh — plus how to get a ready system without waiting weeks.,How fast can I launch a wordpress automation solution?,Most turnkey Shopify transfers happen the same day after payment. WordPress lead automation usually goes live within 48–72 hours.,Is this DIY or done-for-you?,"Both paths exist: buy a prebuilt store, or get the same automation wired on your site. Start with a free WhatsApp mockup.",What do I need before we start?,"A WhatsApp number, niche preference, and budget range. Domain and Shopify/WordPress access come after the mockup call."
best automated WordPress setup for Raleigh spa owners,wordpress automation,Raleigh,commercial,Best Automated WordPress Setup For Raleigh Spa Owners,Best Automated WordPress Setup For Raleigh Spa Owners (2026),Practical guide for best automated WordPress setup for Raleigh spa owners. Get a free AI mockup for your wordpress automation store or lead system — reply ,Fluent Forms|Make.com|WhatsApp reply|CRM sheet|follow-up sequence,automation_demo,best-automated-wordpress-setup-for-raleigh-spa-owners,Searching for “best automated WordPress setup for Raleigh spa owners”? This page breaks down a practical setup for wordpress automation in Raleigh — plus how to get a ready system without waiting weeks.,How fast can I launch a wordpress automation solution?,Most turnkey Shopify transfers happen the same day after payment. WordPress lead automation usually goes live within 48–72 hours.,Is this DIY or done-for-you?,"Both paths exist: buy a prebuilt store, or get the same automation wired on your site. Start with a free WhatsApp mockup.",What do I need before we start?,"A WhatsApp number, niche preference, and budget range. Domain and Shopify/WordPress access come after the mockup call."
Raleigh spa owners WhatsApp lead automation,wordpress automation,Raleigh,commercial,Raleigh Spa Owners WhatsApp Lead Automation,Raleigh Spa Owners WhatsApp Lead Automation (2026),Practical guide for Raleigh spa owners WhatsApp lead automation. Get a free AI mockup for your wordpress automation store or lead system — reply in under 6,form fields|AI proposal|Whapi/Twilio|speed reply|CTA,automation_demo,raleigh-spa-owners-whatsapp-lead-automation,Searching for “Raleigh spa owners WhatsApp lead automation”? This page breaks down a practical setup for wordpress automation in Raleigh — plus how to get a ready system without waiting weeks.,How fast can I launch a wordpress automation solution?,Most turnkey Shopify transfers happen the same day after payment. WordPress lead automation usually goes live within 48–72 hours.,Is this DIY or done-for-you?,"Both paths exist: buy a prebuilt store, or get the same automation wired on your site. Start with a free WhatsApp mockup.",What do I need before we start?,"A WhatsApp number, niche preference, and budget range. Domain and Shopify/WordPress access come after the mockup call."
best automated WordPress setup for Raleigh coaches,wordpress automation,Raleigh,commercial,Best Automated WordPress Setup For Raleigh Coaches,Best Automated WordPress Setup For Raleigh Coaches (2026),Practical guide for best automated WordPress setup for Raleigh coaches. Get a free AI mockup for your wordpress automation store or lead system — reply in ,Fluent Forms|Make.com|WhatsApp reply|CRM sheet|follow-up sequence,automation_demo,best-automated-wordpress-setup-for-raleigh-coaches,Searching for “best automated WordPress setup for Raleigh coaches”? This page breaks down a practical setup for wordpress automation in Raleigh — plus how to get a ready system without waiting weeks.,How fast can I launch a wordpress automation solution?,Most turnkey Shopify transfers happen the same day after payment. WordPress lead automation usually goes live within 48–72 hours.,Is this DIY or done-for-you?,"Both paths exist: buy a prebuilt store, or get the same automation wired on your site. Start with a free WhatsApp mockup.",What do I need before we start?,"A WhatsApp number, niche preference, and budget range. Domain and Shopify/WordPress access come after the mockup call."
Raleigh coaches WhatsApp lead automation,wordpress automation,Raleigh,commercial,Raleigh Coaches WhatsApp Lead Automation,Raleigh Coaches WhatsApp Lead Automation (2026),Practical guide for Raleigh coaches WhatsApp lead automation. Get a free AI mockup for your wordpress automation store or lead system — reply in under 60 s,form fields|AI proposal|Whapi/Twilio|speed reply|CTA,automation_demo,raleigh-coaches-whatsapp-lead-automation,Searching for “Raleigh coaches WhatsApp lead automation”? This page breaks down a practical setup for wordpress automation in Raleigh — plus how to get a ready system without waiting weeks.,How fast can I launch a wordpress automation solution?,Most turnkey Shopify transfers happen the same day after payment. WordPress lead automation usually goes live within 48–72 hours.,Is this DIY or done-for-you?,"Both paths exist: buy a prebuilt store, or get the same automation wired on your site. Start with a free WhatsApp mockup.",What do I need before we start?,"A WhatsApp number, niche preference, and budget range. Domain and Shopify/WordPress access come after the mockup call."
best automated WordPress setup for Tampa realtors,wordpress automation,Tampa,commercial,Best Automated WordPress Setup For Tampa Realtors,Best Automated WordPress Setup For Tampa Realtors (2026),Practical guide for best automated WordPress setup for Tampa realtors. Get a free AI mockup for your wordpress automation store or lead system — reply in u,Fluent Forms|Make.com|WhatsApp reply|CRM sheet|follow-up sequence,automation_demo,best-automated-wordpress-setup-for-tampa-realtors,Searching for “best automated WordPress setup for Tampa realtors”? This page breaks down a practical setup for wordpress automation in Tampa — plus how to get a ready system without waiting weeks.,How fast can I launch a wordpress automation solution?,Most turnkey Shopify transfers happen the same day after payment. WordPress lead automation usually goes live within 48–72 hours.,Is this DIY or done-for-you?,"Both paths exist: buy a prebuilt store, or get the same automation wired on your site. Start with a free WhatsApp mockup.",What do I need before we start?,"A WhatsApp number, niche preference, and budget range. Domain and Shopify/WordPress access come after the mockup call."
Tampa realtors WhatsApp lead automation,wordpress automation,Tampa,commercial,Tampa Realtors WhatsApp Lead Automation,Tampa Realtors WhatsApp Lead Automation (2026),Practical guide for Tampa realtors WhatsApp lead automation. Get a free AI mockup for your wordpress automation store or lead system — reply in under 60 se,form fields|AI proposal|Whapi/Twilio|speed reply|CTA,automation_demo,tampa-realtors-whatsapp-lead-automation,Searching for “Tampa realtors WhatsApp lead automation”? This page breaks down a practical setup for wordpress automation in Tampa — plus how to get a ready system without waiting weeks.,How fast can I launch a wordpress automation solution?,Most turnkey Shopify transfers happen the same day after payment. WordPress lead automation usually goes live within 48–72 hours.,Is this DIY or done-for-you?,"Both paths exist: buy a prebuilt store, or get the same automation wired on your site. Start with a free WhatsApp mockup.",What do I need before we start?,"A WhatsApp number, niche preference, and budget range. Domain and Shopify/WordPress access come after the mockup call."
best automated WordPress setup for Tampa dentists,wordpress automation,Tampa,commercial,Best Automated WordPress Setup For Tampa Dentists,Best Automated WordPress Setup For Tampa Dentists (2026),Practical guide for best automated WordPress setup for Tampa dentists. Get a free AI mockup for your wordpress automation store or lead system — reply in u,Fluent Forms|Make.com|WhatsApp reply|CRM sheet|follow-up sequence,automation_demo,best-automated-wordpress-setup-for-tampa-dentists,Searching for “best automated WordPress setup for Tampa dentists”? This page breaks down a practical setup for wordpress automation in Tampa — plus how to get a ready system without waiting weeks.,How fast can I launch a wordpress automation solution?,Most turnkey Shopify transfers happen the same day after payment. WordPress lead automation usually goes live within 48–72 hours.,Is this DIY or done-for-you?,"Both paths exist: buy a prebuilt store, or get the same automation wired on your site. Start with a free WhatsApp mockup.",What do I need before we start?,"A WhatsApp number, niche preference, and budget range. Domain and Shopify/WordPress access come after the mockup call."
Tampa dentists WhatsApp lead automation,wordpress automation,Tampa,commercial,Tampa Dentists WhatsApp Lead Automation,Tampa Dentists WhatsApp Lead Automation (2026),Practical guide for Tampa dentists WhatsApp lead automation. Get a free AI mockup for your wordpress automation store or lead system — reply in under 60 se,form fields|AI proposal|Whapi/Twilio|speed reply|CTA,automation_demo,tampa-dentists-whatsapp-lead-automation,Searching for “Tampa dentists WhatsApp lead automation”? This page breaks down a practical setup for wordpress automation in Tampa — plus how to get a ready system without waiting weeks.,How fast can I launch a wordpress automation solution?,Most turnkey Shopify transfers happen the same day after payment. WordPress lead automation usually goes live within 48–72 hours.,Is this DIY or done-for-you?,"Both paths exist: buy a prebuilt store, or get the same automation wired on your site. Start with a free WhatsApp mockup.",What do I need before we start?,"A WhatsApp number, niche preference, and budget range. Domain and Shopify/WordPress access come after the mockup call."
best automated WordPress setup for Tampa gym owners,wordpress automation,Tampa,commercial,Best Automated WordPress Setup For Tampa Gym Owners,Best Automated WordPress Setup For Tampa Gym Owners (2026),Practical guide for best automated WordPress setup for Tampa gym owners. Get a free AI mockup for your wordpress automation store or lead system — reply in,Fluent Forms|Make.com|WhatsApp reply|CRM sheet|follow-up sequence,automation_demo,best-automated-wordpress-setup-for-tampa-gym-owners,Searching for “best automated WordPress setup for Tampa gym owners”? This page breaks down a practical setup for wordpress automation in Tampa — plus how to get a ready system without waiting weeks.,How fast can I launch a wordpress automation solution?,Most turnkey Shopify transfers happen the same day after payment. WordPress lead automation usually goes live within 48–72 hours.,Is this DIY or done-for-you?,"Both paths exist: buy a prebuilt store, or get the same automation wired on your site. Start with a free WhatsApp mockup.",What do I need before we start?,"A WhatsApp number, niche preference, and budget range. Domain and Shopify/WordPress access come after the mockup call."
Tampa gym owners WhatsApp lead automation,wordpress automation,Tampa,commercial,Tampa Gym Owners WhatsApp Lead Automation,Tampa Gym Owners WhatsApp Lead Automation (2026),Practical guide for Tampa gym owners WhatsApp lead automation. Get a free AI mockup for your wordpress automation store or lead system — reply in under 60 ,form fields|AI proposal|Whapi/Twilio|speed reply|CTA,automation_demo,tampa-gym-owners-whatsapp-lead-automation,Searching for “Tampa gym owners WhatsApp lead automation”? This page breaks down a practical setup for wordpress automation in Tampa — plus how to get a ready system without waiting weeks.,How fast can I launch a wordpress automation solution?,Most turnkey Shopify transfers happen the same day after payment. WordPress lead automation usually goes live within 48–72 hours.,Is this DIY or done-for-you?,"Both paths exist: buy a prebuilt store, or get the same automation wired on your site. Start with a free WhatsApp mockup.",What do I need before we start?,"A WhatsApp number, niche preference, and budget range. Domain and Shopify/WordPress access come after the mockup call."
best automated WordPress setup for Tampa salon owners,wordpress automation,Tampa,commercial,Best Automated WordPress Setup For Tampa Salon Owners,Best Automated WordPress Setup For Tampa Salon Owners (2026),Practical guide for best automated WordPress setup for Tampa salon owners. Get a free AI mockup for your wordpress automation store or lead system — reply ,Fluent Forms|Make.com|WhatsApp reply|CRM sheet|follow-up sequence,automation_demo,best-automated-wordpress-setup-for-tampa-salon-owners,Searching for “best automated WordPress setup for Tampa salon owners”? This page breaks down a practical setup for wordpress automation in Tampa — plus how to get a ready system without waiting weeks.,How fast can I launch a wordpress automation solution?,Most turnkey Shopify transfers happen the same day after payment. WordPress lead automation usually goes live within 48–72 hours.,Is this DIY or done-for-you?,"Both paths exist: buy a prebuilt store, or get the same automation wired on your site. Start with a free WhatsApp mockup.",What do I need before we start?,"A WhatsApp number, niche preference, and budget range. Domain and Shopify/WordPress access come after the mockup call."
Tampa salon owners WhatsApp lead automation,wordpress automation,Tampa,commercial,Tampa Salon Owners WhatsApp Lead Automation,Tampa Salon Owners WhatsApp Lead Automation (2026),Practical guide for Tampa salon owners WhatsApp lead automation. Get a free AI mockup for your wordpress automation store or lead system — reply in under 6,form fields|AI proposal|Whapi/Twilio|speed reply|CTA,automation_demo,tampa-salon-owners-whatsapp-lead-automation,Searching for “Tampa salon owners WhatsApp lead automation”? This page breaks down a practical setup for wordpress automation in Tampa — plus how to get a ready system without waiting weeks.,How fast can I launch a wordpress automation solution?,Most turnkey Shopify transfers happen the same day after payment. WordPress lead automation usually goes live within 48–72 hours.,Is this DIY or done-for-you?,"Both paths exist: buy a prebuilt store, or get the same automation wired on your site. Start with a free WhatsApp mockup.",What do I need before we start?,"A WhatsApp number, niche preference, and budget range. Domain and Shopify/WordPress access come after the mockup call."
best automated WordPress setup for Tampa restaurant owners,wordpress automation,Tampa,commercial,Best Automated WordPress Setup For Tampa Restaurant Owners,Best Automated WordPress Setup For Tampa Restaurant Owners (2026),Practical guide for best automated WordPress setup for Tampa restaurant owners. Get a free AI mockup for your wordpress automation store or lead system — r,Fluent Forms|Make.com|WhatsApp reply|CRM sheet|follow-up sequence,automation_demo,best-automated-wordpress-setup-for-tampa-restaurant-owners,Searching for “best automated WordPress setup for Tampa restaurant owners”? This page breaks down a practical setup for wordpress automation in Tampa — plus how to get a ready system without waiting weeks.,How fast can I launch a wordpress automation solution?,Most turnkey Shopify transfers happen the same day after payment. WordPress lead automation usually goes live within 48–72 hours.,Is this DIY or done-for-you?,"Both paths exist: buy a prebuilt store, or get the same automation wired on your site. Start with a free WhatsApp mockup.",What do I need before we start?,"A WhatsApp number, niche preference, and budget range. Domain and Shopify/WordPress access come after the mockup call."
Tampa restaurant owners WhatsApp lead automation,wordpress automation,Tampa,commercial,Tampa Restaurant Owners WhatsApp Lead Automation,Tampa Restaurant Owners WhatsApp Lead Automation (2026),Practical guide for Tampa restaurant owners WhatsApp lead automation. Get a free AI mockup for your wordpress automation store or lead system — reply in un,form fields|AI proposal|Whapi/Twilio|speed reply|CTA,automation_demo,tampa-restaurant-owners-whatsapp-lead-automation,Searching for “Tampa restaurant owners WhatsApp lead automation”? This page breaks down a practical setup for wordpress automation in Tampa — plus how to get a ready system without waiting weeks.,How fast can I launch a wordpress automation solution?,Most turnkey Shopify transfers happen the same day after payment. WordPress lead automation usually goes live within 48–72 hours.,Is this DIY or done-for-you?,"Both paths exist: buy a prebuilt store, or get the same automation wired on your site. Start with a free WhatsApp mockup.",What do I need before we start?,"A WhatsApp number, niche preference, and budget range. Domain and Shopify/WordPress access come after the mockup call."
best automated WordPress setup for Tampa chiropractors,wordpress automation,Tampa,commercial,Best Automated WordPress Setup For Tampa Chiropractors,Best Automated WordPress Setup For Tampa Chiropractors (2026),Practical guide for best automated WordPress setup for Tampa chiropractors. Get a free AI mockup for your wordpress automation store or lead system — reply,Fluent Forms|Make.com|WhatsApp reply|CRM sheet|follow-up sequence,automation_demo,best-automated-wordpress-setup-for-tampa-chiropractors,Searching for “best automated WordPress setup for Tampa chiropractors”? This page breaks down a practical setup for wordpress automation in Tampa — plus how to get a ready system without waiting weeks.,How fast can I launch a wordpress automation solution?,Most turnkey Shopify transfers happen the same day after payment. WordPress lead automation usually goes live within 48–72 hours.,Is this DIY or done-for-you?,"Both paths exist: buy a prebuilt store, or get the same automation wired on your site. Start with a free WhatsApp mockup.",What do I need before we start?,"A WhatsApp number, niche preference, and budget range. Domain and Shopify/WordPress access come after the mockup call."
Tampa chiropractors WhatsApp lead automation,wordpress automation,Tampa,commercial,Tampa Chiropractors WhatsApp Lead Automation,Tampa Chiropractors WhatsApp Lead Automation (2026),Practical guide for Tampa chiropractors WhatsApp lead automation. Get a free AI mockup for your wordpress automation store or lead system — reply in under ,form fields|AI proposal|Whapi/Twilio|speed reply|CTA,automation_demo,tampa-chiropractors-whatsapp-lead-automation,Searching for “Tampa chiropractors WhatsApp lead automation”? This page breaks down a practical setup for wordpress automation in Tampa — plus how to get a ready system without waiting weeks.,How fast can I launch a wordpress automation solution?,Most turnkey Shopify transfers happen the same day after payment. WordPress lead automation usually goes live within 48–72 hours.,Is this DIY or done-for-you?,"Both paths exist: buy a prebuilt store, or get the same automation wired on your site. Start with a free WhatsApp mockup.",What do I need before we start?,"A WhatsApp number, niche preference, and budget range. Domain and Shopify/WordPress access come after the mockup call."
best automated WordPress setup for Tampa tutors,wordpress automation,Tampa,commercial,Best Automated WordPress Setup For Tampa Tutors,Best Automated WordPress Setup For Tampa Tutors (2026),Practical guide for best automated WordPress setup for Tampa tutors. Get a free AI mockup for your wordpress automation store or lead system — reply in und,Fluent Forms|Make.com|WhatsApp reply|CRM sheet|follow-up sequence,automation_demo,best-automated-wordpress-setup-for-tampa-tutors,Searching for “best automated WordPress setup for Tampa tutors”? This page breaks down a practical setup for wordpress automation in Tampa — plus how to get a ready system without waiting weeks.,How fast can I launch a wordpress automation solution?,Most turnkey Shopify transfers happen the same day after payment. WordPress lead automation usually goes live within 48–72 hours.,Is this DIY or done-for-you?,"Both paths exist: buy a prebuilt store, or get the same automation wired on your site. Start with a free WhatsApp mockup.",What do I need before we start?,"A WhatsApp number, niche preference, and budget range. Domain and Shopify/WordPress access come after the mockup call."
Tampa tutors WhatsApp lead automation,wordpress automation,Tampa,commercial,Tampa Tutors WhatsApp Lead Automation,Tampa Tutors WhatsApp Lead Automation (2026),Practical guide for Tampa tutors WhatsApp lead automation. Get a free AI mockup for your wordpress automation store or lead system — reply in under 60 seco,form fields|AI proposal|Whapi/Twilio|speed reply|CTA,automation_demo,tampa-tutors-whatsapp-lead-automation,Searching for “Tampa tutors WhatsApp lead automation”? This page breaks down a practical setup for wordpress automation in Tampa — plus how to get a ready system without waiting weeks.,How fast can I launch a wordpress automation solution?,Most turnkey Shopify transfers happen the same day after payment. WordPress lead automation usually goes live within 48–72 hours.,Is this DIY or done-for-you?,"Both paths exist: buy a prebuilt store, or get the same automation wired on your site. Start with a free WhatsApp mockup.",What do I need before we start?,"A WhatsApp number, niche preference, and budget range. Domain and Shopify/WordPress access come after the mockup call."
best automated WordPress setup for Tampa clinic managers,wordpress automation,Tampa,commercial,Best Automated WordPress Setup For Tampa Clinic Managers,Best Automated WordPress Setup For Tampa Clinic Managers (2026),Practical guide for best automated WordPress setup for Tampa clinic managers. Get a free AI mockup for your wordpress automation store or lead system — rep,Fluent Forms|Make.com|WhatsApp reply|CRM sheet|follow-up sequence,automation_demo,best-automated-wordpress-setup-for-tampa-clinic-managers,Searching for “best automated WordPress setup for Tampa clinic managers”? This page breaks down a practical setup for wordpress automation in Tampa — plus how to get a ready system without waiting weeks.,How fast can I launch a wordpress automation solution?,Most turnkey Shopify transfers happen the same day after payment. WordPress lead automation usually goes live within 48–72 hours.,Is this DIY or done-for-you?,"Both paths exist: buy a prebuilt store, or get the same automation wired on your site. Start with a free WhatsApp mockup.",What do I need before we start?,"A WhatsApp number, niche preference, and budget range. Domain and Shopify/WordPress access come after the mockup call."
Tampa clinic managers WhatsApp lead automation,wordpress automation,Tampa,commercial,Tampa Clinic Managers WhatsApp Lead Automation,Tampa Clinic Managers WhatsApp Lead Automation (2026),Practical guide for Tampa clinic managers WhatsApp lead automation. Get a free AI mockup for your wordpress automation store or lead system — reply in unde,form fields|AI proposal|Whapi/Twilio|speed reply|CTA,automation_demo,tampa-clinic-managers-whatsapp-lead-automation,Searching for “Tampa clinic managers WhatsApp lead automation”? This page breaks down a practical setup for wordpress automation in Tampa — plus how to get a ready system without waiting weeks.,How fast can I launch a wordpress automation solution?,Most turnkey Shopify transfers happen the same day after payment. WordPress lead automation usually goes live within 48–72 hours.,Is this DIY or done-for-you?,"Both paths exist: buy a prebuilt store, or get the same automation wired on your site. Start with a free WhatsApp mockup.",What do I need before we start?,"A WhatsApp number, niche preference, and budget range. Domain and Shopify/WordPress access come after the mockup call."
best automated WordPress setup for Tampa spa owners,wordpress automation,Tampa,commercial,Best Automated WordPress Setup For Tampa Spa Owners,Best Automated WordPress Setup For Tampa Spa Owners (2026),Practical guide for best automated WordPress setup for Tampa spa owners. Get a free AI mockup for your wordpress automation store or lead system — reply in,Fluent Forms|Make.com|WhatsApp reply|CRM sheet|follow-up sequence,automation_demo,best-automated-wordpress-setup-for-tampa-spa-owners,Searching for “best automated WordPress setup for Tampa spa owners”? This page breaks down a practical setup for wordpress automation in Tampa — plus how to get a ready system without waiting weeks.,How fast can I launch a wordpress automation solution?,Most turnkey Shopify transfers happen the same day after payment. WordPress lead automation usually goes live within 48–72 hours.,Is this DIY or done-for-you?,"Both paths exist: buy a prebuilt store, or get the same automation wired on your site. Start with a free WhatsApp mockup.",What do I need before we start?,"A WhatsApp number, niche preference, and budget range. Domain and Shopify/WordPress access come after the mockup call."
Tampa spa owners WhatsApp lead automation,wordpress automation,Tampa,commercial,Tampa Spa Owners WhatsApp Lead Automation,Tampa Spa Owners WhatsApp Lead Automation (2026),Practical guide for Tampa spa owners WhatsApp lead automation. Get a free AI mockup for your wordpress automation store or lead system — reply in under 60 ,form fields|AI proposal|Whapi/Twilio|speed reply|CTA,automation_demo,tampa-spa-owners-whatsapp-lead-automation,Searching for “Tampa spa owners WhatsApp lead automation”? This page breaks down a practical setup for wordpress automation in Tampa — plus how to get a ready system without waiting weeks.,How fast can I launch a wordpress automation solution?,Most turnkey Shopify transfers happen the same day after payment. WordPress lead automation usually goes live within 48–72 hours.,Is this DIY or done-for-you?,"Both paths exist: buy a prebuilt store, or get the same automation wired on your site. Start with a free WhatsApp mockup.",What do I need before we start?,"A WhatsApp number, niche preference, and budget range. Domain and Shopify/WordPress access come after the mockup call."
best automated WordPress setup for Tampa coaches,wordpress automation,Tampa,commercial,Best Automated WordPress Setup For Tampa Coaches,Best Automated WordPress Setup For Tampa Coaches (2026),Practical guide for best automated WordPress setup for Tampa coaches. Get a free AI mockup for your wordpress automation store or lead system — reply in un,Fluent Forms|Make.com|WhatsApp reply|CRM sheet|follow-up sequence,automation_demo,best-automated-wordpress-setup-for-tampa-coaches,Searching for “best automated WordPress setup for Tampa coaches”? This page breaks down a practical setup for wordpress automation in Tampa — plus how to get a ready system without waiting weeks.,How fast can I launch a wordpress automation solution?,Most turnkey Shopify transfers happen the same day after payment. WordPress lead automation usually goes live within 48–72 hours.,Is this DIY or done-for-you?,"Both paths exist: buy a prebuilt store, or get the same automation wired on your site. Start with a free WhatsApp mockup.",What do I need before we start?,"A WhatsApp number, niche preference, and budget range. Domain and Shopify/WordPress access come after the mockup call."
Tampa coaches WhatsApp lead automation,wordpress automation,Tampa,commercial,Tampa Coaches WhatsApp Lead Automation,Tampa Coaches WhatsApp Lead Automation (2026),Practical guide for Tampa coaches WhatsApp lead automation. Get a free AI mockup for your wordpress automation store or lead system — reply in under 60 sec,form fields|AI proposal|Whapi/Twilio|speed reply|CTA,automation_demo,tampa-coaches-whatsapp-lead-automation,Searching for “Tampa coaches WhatsApp lead automation”? This page breaks down a practical setup for wordpress automation in Tampa — plus how to get a ready system without waiting weeks.,How fast can I launch a wordpress automation solution?,Most turnkey Shopify transfers happen the same day after payment. WordPress lead automation usually goes live within 48–72 hours.,Is this DIY or done-for-you?,"Both paths exist: buy a prebuilt store, or get the same automation wired on your site. Start with a free WhatsApp mockup.",What do I need before we start?,"A WhatsApp number, niche preference, and budget range. Domain and Shopify/WordPress access come after the mockup call."
best automated WordPress setup for Phoenix realtors,wordpress automation,Phoenix,commercial,Best Automated WordPress Setup For Phoenix Realtors,Best Automated WordPress Setup For Phoenix Realtors (2026),Practical guide for best automated WordPress setup for Phoenix realtors. Get a free AI mockup for your wordpress automation store or lead system — reply in,Fluent Forms|Make.com|WhatsApp reply|CRM sheet|follow-up sequence,automation_demo,best-automated-wordpress-setup-for-phoenix-realtors,Searching for “best automated WordPress setup for Phoenix realtors”? This page breaks down a practical setup for wordpress automation in Phoenix — plus how to get a ready system without waiting weeks.,How fast can I launch a wordpress automation solution?,Most turnkey Shopify transfers happen the same day after payment. WordPress lead automation usually goes live within 48–72 hours.,Is this DIY or done-for-you?,"Both paths exist: buy a prebuilt store, or get the same automation wired on your site. Start with a free WhatsApp mockup.",What do I need before we start?,"A WhatsApp number, niche preference, and budget range. Domain and Shopify/WordPress access come after the mockup call."
Phoenix realtors WhatsApp lead automation,wordpress automation,Phoenix,commercial,Phoenix Realtors WhatsApp Lead Automation,Phoenix Realtors WhatsApp Lead Automation (2026),Practical guide for Phoenix realtors WhatsApp lead automation. Get a free AI mockup for your wordpress automation store or lead system — reply in under 60 ,form fields|AI proposal|Whapi/Twilio|speed reply|CTA,automation_demo,phoenix-realtors-whatsapp-lead-automation,Searching for “Phoenix realtors WhatsApp lead automation”? This page breaks down a practical setup for wordpress automation in Phoenix — plus how to get a ready system without waiting weeks.,How fast can I launch a wordpress automation solution?,Most turnkey Shopify transfers happen the same day after payment. WordPress lead automation usually goes live within 48–72 hours.,Is this DIY or done-for-you?,"Both paths exist: buy a prebuilt store, or get the same automation wired on your site. Start with a free WhatsApp mockup.",What do I need before we start?,"A WhatsApp number, niche preference, and budget range. Domain and Shopify/WordPress access come after the mockup call."
best automated WordPress setup for Phoenix dentists,wordpress automation,Phoenix,commercial,Best Automated WordPress Setup For Phoenix Dentists,Best Automated WordPress Setup For Phoenix Dentists (2026),Practical guide for best automated WordPress setup for Phoenix dentists. Get a free AI mockup for your wordpress automation store or lead system — reply in,Fluent Forms|Make.com|WhatsApp reply|CRM sheet|follow-up sequence,automation_demo,best-automated-wordpress-setup-for-phoenix-dentists,Searching for “best automated WordPress setup for Phoenix dentists”? This page breaks down a practical setup for wordpress automation in Phoenix — plus how to get a ready system without waiting weeks.,How fast can I launch a wordpress automation solution?,Most turnkey Shopify transfers happen the same day after payment. WordPress lead automation usually goes live within 48–72 hours.,Is this DIY or done-for-you?,"Both paths exist: buy a prebuilt store, or get the same automation wired on your site. Start with a free WhatsApp mockup.",What do I need before we start?,"A WhatsApp number, niche preference, and budget range. Domain and Shopify/WordPress access come after the mockup call."
Phoenix dentists WhatsApp lead automation,wordpress automation,Phoenix,commercial,Phoenix Dentists WhatsApp Lead Automation,Phoenix Dentists WhatsApp Lead Automation (2026),Practical guide for Phoenix dentists WhatsApp lead automation. Get a free AI mockup for your wordpress automation store or lead system — reply in under 60 ,form fields|AI proposal|Whapi/Twilio|speed reply|CTA,automation_demo,phoenix-dentists-whatsapp-lead-automation,Searching for “Phoenix dentists WhatsApp lead automation”? This page breaks down a practical setup for wordpress automation in Phoenix — plus how to get a ready system without waiting weeks.,How fast can I launch a wordpress automation solution?,Most turnkey Shopify transfers happen the same day after payment. WordPress lead automation usually goes live within 48–72 hours.,Is this DIY or done-for-you?,"Both paths exist: buy a prebuilt store, or get the same automation wired on your site. Start with a free WhatsApp mockup.",What do I need before we start?,"A WhatsApp number, niche preference, and budget range. Domain and Shopify/WordPress access come after the mockup call."
best automated WordPress setup for Phoenix gym owners,wordpress automation,Phoenix,commercial,Best Automated WordPress Setup For Phoenix Gym Owners,Best Automated WordPress Setup For Phoenix Gym Owners (2026),Practical guide for best automated WordPress setup for Phoenix gym owners. Get a free AI mockup for your wordpress automation store or lead system — reply ,Fluent Forms|Make.com|WhatsApp reply|CRM sheet|follow-up sequence,automation_demo,best-automated-wordpress-setup-for-phoenix-gym-owners,Searching for “best automated WordPress setup for Phoenix gym owners”? This page breaks down a practical setup for wordpress automation in Phoenix — plus how to get a ready system without waiting weeks.,How fast can I launch a wordpress automation solution?,Most turnkey Shopify transfers happen the same day after payment. WordPress lead automation usually goes live within 48–72 hours.,Is this DIY or done-for-you?,"Both paths exist: buy a prebuilt store, or get the same automation wired on your site. Start with a free WhatsApp mockup.",What do I need before we start?,"A WhatsApp number, niche preference, and budget range. Domain and Shopify/WordPress access come after the mockup call."
Phoenix gym owners WhatsApp lead automation,wordpress automation,Phoenix,commercial,Phoenix Gym Owners WhatsApp Lead Automation,Phoenix Gym Owners WhatsApp Lead Automation (2026),Practical guide for Phoenix gym owners WhatsApp lead automation. Get a free AI mockup for your wordpress automation store or lead system — reply in under 6,form fields|AI proposal|Whapi/Twilio|speed reply|CTA,automation_demo,phoenix-gym-owners-whatsapp-lead-automation,Searching for “Phoenix gym owners WhatsApp lead automation”? This page breaks down a practical setup for wordpress automation in Phoenix — plus how to get a ready system without waiting weeks.,How fast can I launch a wordpress automation solution?,Most turnkey Shopify transfers happen the same day after payment. WordPress lead automation usually goes live within 48–72 hours.,Is this DIY or done-for-you?,"Both paths exist: buy a prebuilt store, or get the same automation wired on your site. Start with a free WhatsApp mockup.",What do I need before we start?,"A WhatsApp number, niche preference, and budget range. Domain and Shopify/WordPress access come after the mockup call."
best automated WordPress setup for Phoenix salon owners,wordpress automation,Phoenix,commercial,Best Automated WordPress Setup For Phoenix Salon Owners,Best Automated WordPress Setup For Phoenix Salon Owners (2026),Practical guide for best automated WordPress setup for Phoenix salon owners. Get a free AI mockup for your wordpress automation store or lead system — repl,Fluent Forms|Make.com|WhatsApp reply|CRM sheet|follow-up sequence,automation_demo,best-automated-wordpress-setup-for-phoenix-salon-owners,Searching for “best automated WordPress setup for Phoenix salon owners”? This page breaks down a practical setup for wordpress automation in Phoenix — plus how to get a ready system without waiting weeks.,How fast can I launch a wordpress automation solution?,Most turnkey Shopify transfers happen the same day after payment. WordPress lead automation usually goes live within 48–72 hours.,Is this DIY or done-for-you?,"Both paths exist: buy a prebuilt store, or get the same automation wired on your site. Start with a free WhatsApp mockup.",What do I need before we start?,"A WhatsApp number, niche preference, and budget range. Domain and Shopify/WordPress access come after the mockup call."
Phoenix salon owners WhatsApp lead automation,wordpress automation,Phoenix,commercial,Phoenix Salon Owners WhatsApp Lead Automation,Phoenix Salon Owners WhatsApp Lead Automation (2026),Practical guide for Phoenix salon owners WhatsApp lead automation. Get a free AI mockup for your wordpress automation store or lead system — reply in under,form fields|AI proposal|Whapi/Twilio|speed reply|CTA,automation_demo,phoenix-salon-owners-whatsapp-lead-automation,Searching for “Phoenix salon owners WhatsApp lead automation”? This page breaks down a practical setup for wordpress automation in Phoenix — plus how to get a ready system without waiting weeks.,How fast can I launch a wordpress automation solution?,Most turnkey Shopify transfers happen the same day after payment. WordPress lead automation usually goes live within 48–72 hours.,Is this DIY or done-for-you?,"Both paths exist: buy a prebuilt store, or get the same automation wired on your site. Start with a free WhatsApp mockup.",What do I need before we start?,"A WhatsApp number, niche preference, and budget range. Domain and Shopify/WordPress access come after the mockup call."
best automated WordPress setup for Phoenix restaurant owners,wordpress automation,Phoenix,commercial,Best Automated WordPress Setup For Phoenix Restaurant Owners,Best Automated WordPress Setup For Phoenix Restaurant O...,Practical guide for best automated WordPress setup for Phoenix restaurant owners. Get a free AI mockup for your wordpress automation store or lead system —,Fluent Forms|Make.com|WhatsApp reply|CRM sheet|follow-up sequence,automation_demo,best-automated-wordpress-setup-for-phoenix-restaurant-owners,Searching for “best automated WordPress setup for Phoenix restaurant owners”? This page breaks down a practical setup for wordpress automation in Phoenix — plus how to get a ready system without waiting weeks.,How fast can I launch a wordpress automation solution?,Most turnkey Shopify transfers happen the same day after payment. WordPress lead automation usually goes live within 48–72 hours.,Is this DIY or done-for-you?,"Both paths exist: buy a prebuilt store, or get the same automation wired on your site. Start with a free WhatsApp mockup.",What do I need before we start?,"A WhatsApp number, niche preference, and budget range. Domain and Shopify/WordPress access come after the mockup call."
Phoenix restaurant owners WhatsApp lead automation,wordpress automation,Phoenix,commercial,Phoenix Restaurant Owners WhatsApp Lead Automation,Phoenix Restaurant Owners WhatsApp Lead Automation (2026),Practical guide for Phoenix restaurant owners WhatsApp lead automation. Get a free AI mockup for your wordpress automation store or lead system — reply in ,form fields|AI proposal|Whapi/Twilio|speed reply|CTA,automation_demo,phoenix-restaurant-owners-whatsapp-lead-automation,Searching for “Phoenix restaurant owners WhatsApp lead automation”? This page breaks down a practical setup for wordpress automation in Phoenix — plus how to get a ready system without waiting weeks.,How fast can I launch a wordpress automation solution?,Most turnkey Shopify transfers happen the same day after payment. WordPress lead automation usually goes live within 48–72 hours.,Is this DIY or done-for-you?,"Both paths exist: buy a prebuilt store, or get the same automation wired on your site. Start with a free WhatsApp mockup.",What do I need before we start?,"A WhatsApp number, niche preference, and budget range. Domain and Shopify/WordPress access come after the mockup call."
best automated WordPress setup for Phoenix chiropractors,wordpress automation,Phoenix,commercial,Best Automated WordPress Setup For Phoenix Chiropractors,Best Automated WordPress Setup For Phoenix Chiropractors (2026),Practical guide for best automated WordPress setup for Phoenix chiropractors. Get a free AI mockup for your wordpress automation store or lead system — rep,Fluent Forms|Make.com|WhatsApp reply|CRM sheet|follow-up sequence,automation_demo,best-automated-wordpress-setup-for-phoenix-chiropractors,Searching for “best automated WordPress setup for Phoenix chiropractors”? This page breaks down a practical setup for wordpress automation in Phoenix — plus how to get a ready system without waiting weeks.,How fast can I launch a wordpress automation solution?,Most turnkey Shopify transfers happen the same day after payment. WordPress lead automation usually goes live within 48–72 hours.,Is this DIY or done-for-you?,"Both paths exist: buy a prebuilt store, or get the same automation wired on your site. Start with a free WhatsApp mockup.",What do I need before we start?,"A WhatsApp number, niche preference, and budget range. Domain and Shopify/WordPress access come after the mockup call."
Phoenix chiropractors WhatsApp lead automation,wordpress automation,Phoenix,commercial,Phoenix Chiropractors WhatsApp Lead Automation,Phoenix Chiropractors WhatsApp Lead Automation (2026),Practical guide for Phoenix chiropractors WhatsApp lead automation. Get a free AI mockup for your wordpress automation store or lead system — reply in unde,form fields|AI proposal|Whapi/Twilio|speed reply|CTA,automation_demo,phoenix-chiropractors-whatsapp-lead-automation,Searching for “Phoenix chiropractors WhatsApp lead automation”? This page breaks down a practical setup for wordpress automation in Phoenix — plus how to get a ready system without waiting weeks.,How fast can I launch a wordpress automation solution?,Most turnkey Shopify transfers happen the same day after payment. WordPress lead automation usually goes live within 48–72 hours.,Is this DIY or done-for-you?,"Both paths exist: buy a prebuilt store, or get the same automation wired on your site. Start with a free WhatsApp mockup.",What do I need before we start?,"A WhatsApp number, niche preference, and budget range. Domain and Shopify/WordPress access come after the mockup call."
best automated WordPress setup for Phoenix tutors,wordpress automation,Phoenix,commercial,Best Automated WordPress Setup For Phoenix Tutors,Best Automated WordPress Setup For Phoenix Tutors (2026),Practical guide for best automated WordPress setup for Phoenix tutors. Get a free AI mockup for your wordpress automation store or lead system — reply in u,Fluent Forms|Make.com|WhatsApp reply|CRM sheet|follow-up sequence,automation_demo,best-automated-wordpress-setup-for-phoenix-tutors,Searching for “best automated WordPress setup for Phoenix tutors”? This page breaks down a practical setup for wordpress automation in Phoenix — plus how to get a ready system without waiting weeks.,How fast can I launch a wordpress automation solution?,Most turnkey Shopify transfers happen the same day after payment. WordPress lead automation usually goes live within 48–72 hours.,Is this DIY or done-for-you?,"Both paths exist: buy a prebuilt store, or get the same automation wired on your site. Start with a free WhatsApp mockup.",What do I need before we start?,"A WhatsApp number, niche preference, and budget range. Domain and Shopify/WordPress access come after the mockup call."
Phoenix tutors WhatsApp lead automation,wordpress automation,Phoenix,commercial,Phoenix Tutors WhatsApp Lead Automation,Phoenix Tutors WhatsApp Lead Automation (2026),Practical guide for Phoenix tutors WhatsApp lead automation. Get a free AI mockup for your wordpress automation store or lead system — reply in under 60 se,form fields|AI proposal|Whapi/Twilio|speed reply|CTA,automation_demo,phoenix-tutors-whatsapp-lead-automation,Searching for “Phoenix tutors WhatsApp lead automation”? This page breaks down a practical setup for wordpress automation in Phoenix — plus how to get a ready system without waiting weeks.,How fast can I launch a wordpress automation solution?,Most turnkey Shopify transfers happen the same day after payment. WordPress lead automation usually goes live within 48–72 hours.,Is this DIY or done-for-you?,"Both paths exist: buy a prebuilt store, or get the same automation wired on your site. Start with a free WhatsApp mockup.",What do I need before we start?,"A WhatsApp number, niche preference, and budget range. Domain and Shopify/WordPress access come after the mockup call."
best automated WordPress setup for Phoenix clinic managers,wordpress automation,Phoenix,commercial,Best Automated WordPress Setup For Phoenix Clinic Managers,Best Automated WordPress Setup For Phoenix Clinic Managers (2026),Practical guide for best automated WordPress setup for Phoenix clinic managers. Get a free AI mockup for your wordpress automation store or lead system — r,Fluent Forms|Make.com|WhatsApp reply|CRM sheet|follow-up sequence,automation_demo,best-automated-wordpress-setup-for-phoenix-clinic-managers,Searching for “best automated WordPress setup for Phoenix clinic managers”? This page breaks down a practical setup for wordpress automation in Phoenix — plus how to get a ready system without waiting weeks.,How fast can I launch a wordpress automation solution?,Most turnkey Shopify transfers happen the same day after payment. WordPress lead automation usually goes live within 48–72 hours.,Is this DIY or done-for-you?,"Both paths exist: buy a prebuilt store, or get the same automation wired on your site. Start with a free WhatsApp mockup.",What do I need before we start?,"A WhatsApp number, niche preference, and budget range. Domain and Shopify/WordPress access come after the mockup call."
Phoenix clinic managers WhatsApp lead automation,wordpress automation,Phoenix,commercial,Phoenix Clinic Managers WhatsApp Lead Automation,Phoenix Clinic Managers WhatsApp Lead Automation (2026),Practical guide for Phoenix clinic managers WhatsApp lead automation. Get a free AI mockup for your wordpress automation store or lead system — reply in un,form fields|AI proposal|Whapi/Twilio|speed reply|CTA,automation_demo,phoenix-clinic-managers-whatsapp-lead-automation,Searching for “Phoenix clinic managers WhatsApp lead automation”? This page breaks down a practical setup for wordpress automation in Phoenix — plus how to get a ready system without waiting weeks.,How fast can I launch a wordpress automation solution?,Most turnkey Shopify transfers happen the same day after payment. WordPress lead automation usually goes live within 48–72 hours.,Is this DIY or done-for-you?,"Both paths exist: buy a prebuilt store, or get the same automation wired on your site. Start with a free WhatsApp mockup.",What do I need before we start?,"A WhatsApp number, niche preference, and budget range. Domain and Shopify/WordPress access come after the mockup call."
best automated WordPress setup for Phoenix spa owners,wordpress automation,Phoenix,commercial,Best Automated WordPress Setup For Phoenix Spa Owners,Best Automated WordPress Setup For Phoenix Spa Owners (2026),Practical guide for best automated WordPress setup for Phoenix spa owners. Get a free AI mockup for your wordpress automation store or lead system — reply ,Fluent Forms|Make.com|WhatsApp reply|CRM sheet|follow-up sequence,automation_demo,best-automated-wordpress-setup-for-phoenix-spa-owners,Searching for “best automated WordPress setup for Phoenix spa owners”? This page breaks down a practical setup for wordpress automation in Phoenix — plus how to get a ready system without waiting weeks.,How fast can I launch a wordpress automation solution?,Most turnkey Shopify transfers happen the same day after payment. WordPress lead automation usually goes live within 48–72 hours.,Is this DIY or done-for-you?,"Both paths exist: buy a prebuilt store, or get the same automation wired on your site. Start with a free WhatsApp mockup.",What do I need before we start?,"A WhatsApp number, niche preference, and budget range. Domain and Shopify/WordPress access come after the mockup call."
Phoenix spa owners WhatsApp lead automation,wordpress automation,Phoenix,commercial,Phoenix Spa Owners WhatsApp Lead Automation,Phoenix Spa Owners WhatsApp Lead Automation (2026),Practical guide for Phoenix spa owners WhatsApp lead automation. Get a free AI mockup for your wordpress automation store or lead system — reply in under 6,form fields|AI proposal|Whapi/Twilio|speed reply|CTA,automation_demo,phoenix-spa-owners-whatsapp-lead-automation,Searching for “Phoenix spa owners WhatsApp lead automation”? This page breaks down a practical setup for wordpress automation in Phoenix — plus how to get a ready system without waiting weeks.,How fast can I launch a wordpress automation solution?,Most turnkey Shopify transfers happen the same day after payment. WordPress lead automation usually goes live within 48–72 hours.,Is this DIY or done-for-you?,"Both paths exist: buy a prebuilt store, or get the same automation wired on your site. Start with a free WhatsApp mockup.",What do I need before we start?,"A WhatsApp number, niche preference, and budget range. Domain and Shopify/WordPress access come after the mockup call."
best automated WordPress setup for Phoenix coaches,wordpress automation,Phoenix,commercial,Best Automated WordPress Setup For Phoenix Coaches,Best Automated WordPress Setup For Phoenix Coaches (2026),Practical guide for best automated WordPress setup for Phoenix coaches. Get a free AI mockup for your wordpress automation store or lead system — reply in ,Fluent Forms|Make.com|WhatsApp reply|CRM sheet|follow-up sequence,automation_demo,best-automated-wordpress-setup-for-phoenix-coaches,Searching for “best automated WordPress setup for Phoenix coaches”? This page breaks down a practical setup for wordpress automation in Phoenix — plus how to get a ready system without waiting weeks.,How fast can I launch a wordpress automation solution?,Most turnkey Shopify transfers happen the same day after payment. WordPress lead automation usually goes live within 48–72 hours.,Is this DIY or done-for-you?,"Both paths exist: buy a prebuilt store, or get the same automation wired on your site. Start with a free WhatsApp mockup.",What do I need before we start?,"A WhatsApp number, niche preference, and budget range. Domain and Shopify/WordPress access come after the mockup call."
Phoenix coaches WhatsApp lead automation,wordpress automation,Phoenix,commercial,Phoenix Coaches WhatsApp Lead Automation,Phoenix Coaches WhatsApp Lead Automation (2026),Practical guide for Phoenix coaches WhatsApp lead automation. Get a free AI mockup for your wordpress automation store or lead system — reply in under 60 s,form fields|AI proposal|Whapi/Twilio|speed reply|CTA,automation_demo,phoenix-coaches-whatsapp-lead-automation,Searching for “Phoenix coaches WhatsApp lead automation”? This page breaks down a practical setup for wordpress automation in Phoenix — plus how to get a ready system without waiting weeks.,How fast can I launch a wordpress automation solution?,Most turnkey Shopify transfers happen the same day after payment. WordPress lead automation usually goes live within 48–72 hours.,Is this DIY or done-for-you?,"Both paths exist: buy a prebuilt store, or get the same automation wired on your site. Start with a free WhatsApp mockup.",What do I need before we start?,"A WhatsApp number, niche preference, and budget range. Domain and Shopify/WordPress access come after the mockup call."
best automated WordPress setup for Manchester realtors,wordpress automation,Manchester,commercial,Best Automated WordPress Setup For Manchester Realtors,Best Automated WordPress Setup For Manchester Realtors (2026),Practical guide for best automated WordPress setup for Manchester realtors. Get a free AI mockup for your wordpress automation store or lead system — reply,Fluent Forms|Make.com|WhatsApp reply|CRM sheet|follow-up sequence,automation_demo,best-automated-wordpress-setup-for-manchester-realtors,Searching for “best automated WordPress setup for Manchester realtors”? This page breaks down a practical setup for wordpress automation in Manchester — plus how to get a ready system without waiting weeks.,How fast can I launch a wordpress automation solution?,Most turnkey Shopify transfers happen the same day after payment. WordPress lead automation usually goes live within 48–72 hours.,Is this DIY or done-for-you?,"Both paths exist: buy a prebuilt store, or get the same automation wired on your site. Start with a free WhatsApp mockup.",What do I need before we start?,"A WhatsApp number, niche preference, and budget range. Domain and Shopify/WordPress access come after the mockup call."
Manchester realtors WhatsApp lead automation,wordpress automation,Manchester,commercial,Manchester Realtors WhatsApp Lead Automation,Manchester Realtors WhatsApp Lead Automation (2026),Practical guide for Manchester realtors WhatsApp lead automation. Get a free AI mockup for your wordpress automation store or lead system — reply in under ,form fields|AI proposal|Whapi/Twilio|speed reply|CTA,automation_demo,manchester-realtors-whatsapp-lead-automation,Searching for “Manchester realtors WhatsApp lead automation”? This page breaks down a practical setup for wordpress automation in Manchester — plus how to get a ready system without waiting weeks.,How fast can I launch a wordpress automation solution?,Most turnkey Shopify transfers happen the same day after payment. WordPress lead automation usually goes live within 48–72 hours.,Is this DIY or done-for-you?,"Both paths exist: buy a prebuilt store, or get the same automation wired on your site. Start with a free WhatsApp mockup.",What do I need before we start?,"A WhatsApp number, niche preference, and budget range. Domain and Shopify/WordPress access come after the mockup call."
best automated WordPress setup for Manchester dentists,wordpress automation,Manchester,commercial,Best Automated WordPress Setup For Manchester Dentists,Best Automated WordPress Setup For Manchester Dentists (2026),Practical guide for best automated WordPress setup for Manchester dentists. Get a free AI mockup for your wordpress automation store or lead system — reply,Fluent Forms|Make.com|WhatsApp reply|CRM sheet|follow-up sequence,automation_demo,best-automated-wordpress-setup-for-manchester-dentists,Searching for “best automated WordPress setup for Manchester dentists”? This page breaks down a practical setup for wordpress automation in Manchester — plus how to get a ready system without waiting weeks.,How fast can I launch a wordpress automation solution?,Most turnkey Shopify transfers happen the same day after payment. WordPress lead automation usually goes live within 48–72 hours.,Is this DIY or done-for-you?,"Both paths exist: buy a prebuilt store, or get the same automation wired on your site. Start with a free WhatsApp mockup.",What do I need before we start?,"A WhatsApp number, niche preference, and budget range. Domain and Shopify/WordPress access come after the mockup call."
Manchester dentists WhatsApp lead automation,wordpress automation,Manchester,commercial,Manchester Dentists WhatsApp Lead Automation,Manchester Dentists WhatsApp Lead Automation (2026),Practical guide for Manchester dentists WhatsApp lead automation. Get a free AI mockup for your wordpress automation store or lead system — reply in under ,form fields|AI proposal|Whapi/Twilio|speed reply|CTA,automation_demo,manchester-dentists-whatsapp-lead-automation,Searching for “Manchester dentists WhatsApp lead automation”? This page breaks down a practical setup for wordpress automation in Manchester — plus how to get a ready system without waiting weeks.,How fast can I launch a wordpress automation solution?,Most turnkey Shopify transfers happen the same day after payment. WordPress lead automation usually goes live within 48–72 hours.,Is this DIY or done-for-you?,"Both paths exist: buy a prebuilt store, or get the same automation wired on your site. Start with a free WhatsApp mockup.",What do I need before we start?,"A WhatsApp number, niche preference, and budget range. Domain and Shopify/WordPress access come after the mockup call."
best automated WordPress setup for Manchester gym owners,wordpress automation,Manchester,commercial,Best Automated WordPress Setup For Manchester Gym Owners,Best Automated WordPress Setup For Manchester Gym Owners (2026),Practical guide for best automated WordPress setup for Manchester gym owners. Get a free AI mockup for your wordpress automation store or lead system — rep,Fluent Forms|Make.com|WhatsApp reply|CRM sheet|follow-up sequence,automation_demo,best-automated-wordpress-setup-for-manchester-gym-owners,Searching for “best automated WordPress setup for Manchester gym owners”? This page breaks down a practical setup for wordpress automation in Manchester — plus how to get a ready system without waiting weeks.,How fast can I launch a wordpress automation solution?,Most turnkey Shopify transfers happen the same day after payment. WordPress lead automation usually goes live within 48–72 hours.,Is this DIY or done-for-you?,"Both paths exist: buy a prebuilt store, or get the same automation wired on your site. Start with a free WhatsApp mockup.",What do I need before we start?,"A WhatsApp number, niche preference, and budget range. Domain and Shopify/WordPress access come after the mockup call."
Manchester gym owners WhatsApp lead automation,wordpress automation,Manchester,commercial,Manchester Gym Owners WhatsApp Lead Automation,Manchester Gym Owners WhatsApp Lead Automation (2026),Practical guide for Manchester gym owners WhatsApp lead automation. Get a free AI mockup for your wordpress automation store or lead system — reply in unde,form fields|AI proposal|Whapi/Twilio|speed reply|CTA,automation_demo,manchester-gym-owners-whatsapp-lead-automation,Searching for “Manchester gym owners WhatsApp lead automation”? This page breaks down a practical setup for wordpress automation in Manchester — plus how to get a ready system without waiting weeks.,How fast can I launch a wordpress automation solution?,Most turnkey Shopify transfers happen the same day after payment. WordPress lead automation usually goes live within 48–72 hours.,Is this DIY or done-for-you?,"Both paths exist: buy a prebuilt store, or get the same automation wired on your site. Start with a free WhatsApp mockup.",What do I need before we start?,"A WhatsApp number, niche preference, and budget range. Domain and Shopify/WordPress access come after the mockup call."
best automated WordPress setup for Manchester salon owners,wordpress automation,Manchester,commercial,Best Automated WordPress Setup For Manchester Salon Owners,Best Automated WordPress Setup For Manchester Salon Owners (2026),Practical guide for best automated WordPress setup for Manchester salon owners. Get a free AI mockup for your wordpress automation store or lead system — r,Fluent Forms|Make.com|WhatsApp reply|CRM sheet|follow-up sequence,automation_demo,best-automated-wordpress-setup-for-manchester-salon-owners,Searching for “best automated WordPress setup for Manchester salon owners”? This page breaks down a practical setup for wordpress automation in Manchester — plus how to get a ready system without waiting weeks.,How fast can I launch a wordpress automation solution?,Most turnkey Shopify transfers happen the same day after payment. WordPress lead automation usually goes live within 48–72 hours.,Is this DIY or done-for-you?,"Both paths exist: buy a prebuilt store, or get the same automation wired on your site. Start with a free WhatsApp mockup.",What do I need before we start?,"A WhatsApp number, niche preference, and budget range. Domain and Shopify/WordPress access come after the mockup call."
Manchester salon owners WhatsApp lead automation,wordpress automation,Manchester,commercial,Manchester Salon Owners WhatsApp Lead Automation,Manchester Salon Owners WhatsApp Lead Automation (2026),Practical guide for Manchester salon owners WhatsApp lead automation. Get a free AI mockup for your wordpress automation store or lead system — reply in un,form fields|AI proposal|Whapi/Twilio|speed reply|CTA,automation_demo,manchester-salon-owners-whatsapp-lead-automation,Searching for “Manchester salon owners WhatsApp lead automation”? This page breaks down a practical setup for wordpress automation in Manchester — plus how to get a ready system without waiting weeks.,How fast can I launch a wordpress automation solution?,Most turnkey Shopify transfers happen the same day after payment. WordPress lead automation usually goes live within 48–72 hours.,Is this DIY or done-for-you?,"Both paths exist: buy a prebuilt store, or get the same automation wired on your site. Start with a free WhatsApp mockup.",What do I need before we start?,"A WhatsApp number, niche preference, and budget range. Domain and Shopify/WordPress access come after the mockup call."
best automated WordPress setup for Manchester restaurant owners,wordpress automation,Manchester,commercial,Best Automated WordPress Setup For Manchester Restaurant Owners,Best Automated WordPress Setup For Manchester Restauran...,Practical guide for best automated WordPress setup for Manchester restaurant owners. Get a free AI mockup for your wordpress automation store or lead syste,Fluent Forms|Make.com|WhatsApp reply|CRM sheet|follow-up sequence,automation_demo,best-automated-wordpress-setup-for-manchester-restaurant-owners,Searching for “best automated WordPress setup for Manchester restaurant owners”? This page breaks down a practical setup for wordpress automation in Manchester — plus how to get a ready system without waiting weeks.,How fast can I launch a wordpress automation solution?,Most turnkey Shopify transfers happen the same day after payment. WordPress lead automation usually goes live within 48–72 hours.,Is this DIY or done-for-you?,"Both paths exist: buy a prebuilt store, or get the same automation wired on your site. Start with a free WhatsApp mockup.",What do I need before we start?,"A WhatsApp number, niche preference, and budget range. Domain and Shopify/WordPress access come after the mockup call."
Manchester restaurant owners WhatsApp lead automation,wordpress automation,Manchester,commercial,Manchester Restaurant Owners WhatsApp Lead Automation,Manchester Restaurant Owners WhatsApp Lead Automation (2026),Practical guide for Manchester restaurant owners WhatsApp lead automation. Get a free AI mockup for your wordpress automation store or lead system — reply ,form fields|AI proposal|Whapi/Twilio|speed reply|CTA,automation_demo,manchester-restaurant-owners-whatsapp-lead-automation,Searching for “Manchester restaurant owners WhatsApp lead automation”? This page breaks down a practical setup for wordpress automation in Manchester — plus how to get a ready system without waiting weeks.,How fast can I launch a wordpress automation solution?,Most turnkey Shopify transfers happen the same day after payment. WordPress lead automation usually goes live within 48–72 hours.,Is this DIY or done-for-you?,"Both paths exist: buy a prebuilt store, or get the same automation wired on your site. Start with a free WhatsApp mockup.",What do I need before we start?,"A WhatsApp number, niche preference, and budget range. Domain and Shopify/WordPress access come after the mockup call."
best automated WordPress setup for Manchester chiropractors,wordpress automation,Manchester,commercial,Best Automated WordPress Setup For Manchester Chiropractors,Best Automated WordPress Setup For Manchester Chiroprac...,Practical guide for best automated WordPress setup for Manchester chiropractors. Get a free AI mockup for your wordpress automation store or lead system — ,Fluent Forms|Make.com|WhatsApp reply|CRM sheet|follow-up sequence,automation_demo,best-automated-wordpress-setup-for-manchester-chiropractors,Searching for “best automated WordPress setup for Manchester chiropractors”? This page breaks down a practical setup for wordpress automation in Manchester — plus how to get a ready system without waiting weeks.,How fast can I launch a wordpress automation solution?,Most turnkey Shopify transfers happen the same day after payment. WordPress lead automation usually goes live within 48–72 hours.,Is this DIY or done-for-you?,"Both paths exist: buy a prebuilt store, or get the same automation wired on your site. Start with a free WhatsApp mockup.",What do I need before we start?,"A WhatsApp number, niche preference, and budget range. Domain and Shopify/WordPress access come after the mockup call."
Manchester chiropractors WhatsApp lead automation,wordpress automation,Manchester,commercial,Manchester Chiropractors WhatsApp Lead Automation,Manchester Chiropractors WhatsApp Lead Automation (2026),Practical guide for Manchester chiropractors WhatsApp lead automation. Get a free AI mockup for your wordpress automation store or lead system — reply in u,form fields|AI proposal|Whapi/Twilio|speed reply|CTA,automation_demo,manchester-chiropractors-whatsapp-lead-automation,Searching for “Manchester chiropractors WhatsApp lead automation”? This page breaks down a practical setup for wordpress automation in Manchester — plus how to get a ready system without waiting weeks.,How fast can I launch a wordpress automation solution?,Most turnkey Shopify transfers happen the same day after payment. WordPress lead automation usually goes live within 48–72 hours.,Is this DIY or done-for-you?,"Both paths exist: buy a prebuilt store, or get the same automation wired on your site. Start with a free WhatsApp mockup.",What do I need before we start?,"A WhatsApp number, niche preference, and budget range. Domain and Shopify/WordPress access come after the mockup call."
best automated WordPress setup for Manchester tutors,wordpress automation,Manchester,commercial,Best Automated WordPress Setup For Manchester Tutors,Best Automated WordPress Setup For Manchester Tutors (2026),Practical guide for best automated WordPress setup for Manchester tutors. Get a free AI mockup for your wordpress automation store or lead system — reply i,Fluent Forms|Make.com|WhatsApp reply|CRM sheet|follow-up sequence,automation_demo,best-automated-wordpress-setup-for-manchester-tutors,Searching for “best automated WordPress setup for Manchester tutors”? This page breaks down a practical setup for wordpress automation in Manchester — plus how to get a ready system without waiting weeks.,How fast can I launch a wordpress automation solution?,Most turnkey Shopify transfers happen the same day after payment. WordPress lead automation usually goes live within 48–72 hours.,Is this DIY or done-for-you?,"Both paths exist: buy a prebuilt store, or get the same automation wired on your site. Start with a free WhatsApp mockup.",What do I need before we start?,"A WhatsApp number, niche preference, and budget range. Domain and Shopify/WordPress access come after the mockup call."
Manchester tutors WhatsApp lead automation,wordpress automation,Manchester,commercial,Manchester Tutors WhatsApp Lead Automation,Manchester Tutors WhatsApp Lead Automation (2026),Practical guide for Manchester tutors WhatsApp lead automation. Get a free AI mockup for your wordpress automation store or lead system — reply in under 60,form fields|AI proposal|Whapi/Twilio|speed reply|CTA,automation_demo,manchester-tutors-whatsapp-lead-automation,Searching for “Manchester tutors WhatsApp lead automation”? This page breaks down a practical setup for wordpress automation in Manchester — plus how to get a ready system without waiting weeks.,How fast can I launch a wordpress automation solution?,Most turnkey Shopify transfers happen the same day after payment. WordPress lead automation usually goes live within 48–72 hours.,Is this DIY or done-for-you?,"Both paths exist: buy a prebuilt store, or get the same automation wired on your site. Start with a free WhatsApp mockup.",What do I need before we start?,"A WhatsApp number, niche preference, and budget range. Domain and Shopify/WordPress access come after the mockup call."
best automated WordPress setup for Manchester clinic managers,wordpress automation,Manchester,commercial,Best Automated WordPress Setup For Manchester Clinic Managers,Best Automated WordPress Setup For Manchester Clinic Ma...,Practical guide for best automated WordPress setup for Manchester clinic managers. Get a free AI mockup for your wordpress automation store or lead system ,Fluent Forms|Make.com|WhatsApp reply|CRM sheet|follow-up sequence,automation_demo,best-automated-wordpress-setup-for-manchester-clinic-managers,Searching for “best automated WordPress setup for Manchester clinic managers”? This page breaks down a practical setup for wordpress automation in Manchester — plus how to get a ready system without waiting weeks.,How fast can I launch a wordpress automation solution?,Most turnkey Shopify transfers happen the same day after payment. WordPress lead automation usually goes live within 48–72 hours.,Is this DIY or done-for-you?,"Both paths exist: buy a prebuilt store, or get the same automation wired on your site. Start with a free WhatsApp mockup.",What do I need before we start?,"A WhatsApp number, niche preference, and budget range. Domain and Shopify/WordPress access come after the mockup call."
Manchester clinic managers WhatsApp lead automation,wordpress automation,Manchester,commercial,Manchester Clinic Managers WhatsApp Lead Automation,Manchester Clinic Managers WhatsApp Lead Automation (2026),Practical guide for Manchester clinic managers WhatsApp lead automation. Get a free AI mockup for your wordpress automation store or lead system — reply in,form fields|AI proposal|Whapi/Twilio|speed reply|CTA,automation_demo,manchester-clinic-managers-whatsapp-lead-automation,Searching for “Manchester clinic managers WhatsApp lead automation”? This page breaks down a practical setup for wordpress automation in Manchester — plus how to get a ready system without waiting weeks.,How fast can I launch a wordpress automation solution?,Most turnkey Shopify transfers happen the same day after payment. WordPress lead automation usually goes live within 48–72 hours.,Is this DIY or done-for-you?,"Both paths exist: buy a prebuilt store, or get the same automation wired on your site. Start with a free WhatsApp mockup.",What do I need before we start?,"A WhatsApp number, niche preference, and budget range. Domain and Shopify/WordPress access come after the mockup call."
best automated WordPress setup for Manchester spa owners,wordpress automation,Manchester,commercial,Best Automated WordPress Setup For Manchester Spa Owners,Best Automated WordPress Setup For Manchester Spa Owners (2026),Practical guide for best automated WordPress setup for Manchester spa owners. Get a free AI mockup for your wordpress automation store or lead system — rep,Fluent Forms|Make.com|WhatsApp reply|CRM sheet|follow-up sequence,automation_demo,best-automated-wordpress-setup-for-manchester-spa-owners,Searching for “best automated WordPress setup for Manchester spa owners”? This page breaks down a practical setup for wordpress automation in Manchester — plus how to get a ready system without waiting weeks.,How fast can I launch a wordpress automation solution?,Most turnkey Shopify transfers happen the same day after payment. WordPress lead automation usually goes live within 48–72 hours.,Is this DIY or done-for-you?,"Both paths exist: buy a prebuilt store, or get the same automation wired on your site. Start with a free WhatsApp mockup.",What do I need before we start?,"A WhatsApp number, niche preference, and budget range. Domain and Shopify/WordPress access come after the mockup call."
Manchester spa owners WhatsApp lead automation,wordpress automation,Manchester,commercial,Manchester Spa Owners WhatsApp Lead Automation,Manchester Spa Owners WhatsApp Lead Automation (2026),Practical guide for Manchester spa owners WhatsApp lead automation. Get a free AI mockup for your wordpress automation store or lead system — reply in unde,form fields|AI proposal|Whapi/Twilio|speed reply|CTA,automation_demo,manchester-spa-owners-whatsapp-lead-automation,Searching for “Manchester spa owners WhatsApp lead automation”? This page breaks down a practical setup for wordpress automation in Manchester — plus how to get a ready system without waiting weeks.,How fast can I launch a wordpress automation solution?,Most turnkey Shopify transfers happen the same day after payment. WordPress lead automation usually goes live within 48–72 hours.,Is this DIY or done-for-you?,"Both paths exist: buy a prebuilt store, or get the same automation wired on your site. Start with a free WhatsApp mockup.",What do I need before we start?,"A WhatsApp number, niche preference, and budget range. Domain and Shopify/WordPress access come after the mockup call."
best automated WordPress setup for Manchester coaches,wordpress automation,Manchester,commercial,Best Automated WordPress Setup For Manchester Coaches,Best Automated WordPress Setup For Manchester Coaches (2026),Practical guide for best automated WordPress setup for Manchester coaches. Get a free AI mockup for your wordpress automation store or lead system — reply ,Fluent Forms|Make.com|WhatsApp reply|CRM sheet|follow-up sequence,automation_demo,best-automated-wordpress-setup-for-manchester-coaches,Searching for “best automated WordPress setup for Manchester coaches”? This page breaks down a practical setup for wordpress automation in Manchester — plus how to get a ready system without waiting weeks.,How fast can I launch a wordpress automation solution?,Most turnkey Shopify transfers happen the same day after payment. WordPress lead automation usually goes live within 48–72 hours.,Is this DIY or done-for-you?,"Both paths exist: buy a prebuilt store, or get the same automation wired on your site. Start with a free WhatsApp mockup.",What do I need before we start?,"A WhatsApp number, niche preference, and budget range. Domain and Shopify/WordPress access come after the mockup call."
Manchester coaches WhatsApp lead automation,wordpress automation,Manchester,commercial,Manchester Coaches WhatsApp Lead Automation,Manchester Coaches WhatsApp Lead Automation (2026),Practical guide for Manchester coaches WhatsApp lead automation. Get a free AI mockup for your wordpress automation store or lead system — reply in under 6,form fields|AI proposal|Whapi/Twilio|speed reply|CTA,automation_demo,manchester-coaches-whatsapp-lead-automation,Searching for “Manchester coaches WhatsApp lead automation”? This page breaks down a practical setup for wordpress automation in Manchester — plus how to get a ready system without waiting weeks.,How fast can I launch a wordpress automation solution?,Most turnkey Shopify transfers happen the same day after payment. WordPress lead automation usually goes live within 48–72 hours.,Is this DIY or done-for-you?,"Both paths exist: buy a prebuilt store, or get the same automation wired on your site. Start with a free WhatsApp mockup.",What do I need before we start?,"A WhatsApp number, niche preference, and budget range. Domain and Shopify/WordPress access come after the mockup call."
best automated WordPress setup for Bristol realtors,wordpress automation,Bristol,commercial,Best Automated WordPress Setup For Bristol Realtors,Best Automated WordPress Setup For Bristol Realtors (2026),Practical guide for best automated WordPress setup for Bristol realtors. Get a free AI mockup for your wordpress automation store or lead system — reply in,Fluent Forms|Make.com|WhatsApp reply|CRM sheet|follow-up sequence,automation_demo,best-automated-wordpress-setup-for-bristol-realtors,Searching for “best automated WordPress setup for Bristol realtors”? This page breaks down a practical setup for wordpress automation in Bristol — plus how to get a ready system without waiting weeks.,How fast can I launch a wordpress automation solution?,Most turnkey Shopify transfers happen the same day after payment. WordPress lead automation usually goes live within 48–72 hours.,Is this DIY or done-for-you?,"Both paths exist: buy a prebuilt store, or get the same automation wired on your site. Start with a free WhatsApp mockup.",What do I need before we start?,"A WhatsApp number, niche preference, and budget range. Domain and Shopify/WordPress access come after the mockup call."
Bristol realtors WhatsApp lead automation,wordpress automation,Bristol,commercial,Bristol Realtors WhatsApp Lead Automation,Bristol Realtors WhatsApp Lead Automation (2026),Practical guide for Bristol realtors WhatsApp lead automation. Get a free AI mockup for your wordpress automation store or lead system — reply in under 60 ,form fields|AI proposal|Whapi/Twilio|speed reply|CTA,automation_demo,bristol-realtors-whatsapp-lead-automation,Searching for “Bristol realtors WhatsApp lead automation”? This page breaks down a practical setup for wordpress automation in Bristol — plus how to get a ready system without waiting weeks.,How fast can I launch a wordpress automation solution?,Most turnkey Shopify transfers happen the same day after payment. WordPress lead automation usually goes live within 48–72 hours.,Is this DIY or done-for-you?,"Both paths exist: buy a prebuilt store, or get the same automation wired on your site. Start with a free WhatsApp mockup.",What do I need before we start?,"A WhatsApp number, niche preference, and budget range. Domain and Shopify/WordPress access come after the mockup call."
best automated WordPress setup for Bristol dentists,wordpress automation,Bristol,commercial,Best Automated WordPress Setup For Bristol Dentists,Best Automated WordPress Setup For Bristol Dentists (2026),Practical guide for best automated WordPress setup for Bristol dentists. Get a free AI mockup for your wordpress automation store or lead system — reply in,Fluent Forms|Make.com|WhatsApp reply|CRM sheet|follow-up sequence,automation_demo,best-automated-wordpress-setup-for-bristol-dentists,Searching for “best automated WordPress setup for Bristol dentists”? This page breaks down a practical setup for wordpress automation in Bristol — plus how to get a ready system without waiting weeks.,How fast can I launch a wordpress automation solution?,Most turnkey Shopify transfers happen the same day after payment. WordPress lead automation usually goes live within 48–72 hours.,Is this DIY or done-for-you?,"Both paths exist: buy a prebuilt store, or get the same automation wired on your site. Start with a free WhatsApp mockup.",What do I need before we start?,"A WhatsApp number, niche preference, and budget range. Domain and Shopify/WordPress access come after the mockup call."
Bristol dentists WhatsApp lead automation,wordpress automation,Bristol,commercial,Bristol Dentists WhatsApp Lead Automation,Bristol Dentists WhatsApp Lead Automation (2026),Practical guide for Bristol dentists WhatsApp lead automation. Get a free AI mockup for your wordpress automation store or lead system — reply in under 60 ,form fields|AI proposal|Whapi/Twilio|speed reply|CTA,automation_demo,bristol-dentists-whatsapp-lead-automation,Searching for “Bristol dentists WhatsApp lead automation”? This page breaks down a practical setup for wordpress automation in Bristol — plus how to get a ready system without waiting weeks.,How fast can I launch a wordpress automation solution?,Most turnkey Shopify transfers happen the same day after payment. WordPress lead automation usually goes live within 48–72 hours.,Is this DIY or done-for-you?,"Both paths exist: buy a prebuilt store, or get the same automation wired on your site. Start with a free WhatsApp mockup.",What do I need before we start?,"A WhatsApp number, niche preference, and budget range. Domain and Shopify/WordPress access come after the mockup call."
best automated WordPress setup for Bristol gym owners,wordpress automation,Bristol,commercial,Best Automated WordPress Setup For Bristol Gym Owners,Best Automated WordPress Setup For Bristol Gym Owners (2026),Practical guide for best automated WordPress setup for Bristol gym owners. Get a free AI mockup for your wordpress automation store or lead system — reply ,Fluent Forms|Make.com|WhatsApp reply|CRM sheet|follow-up sequence,automation_demo,best-automated-wordpress-setup-for-bristol-gym-owners,Searching for “best automated WordPress setup for Bristol gym owners”? This page breaks down a practical setup for wordpress automation in Bristol — plus how to get a ready system without waiting weeks.,How fast can I launch a wordpress automation solution?,Most turnkey Shopify transfers happen the same day after payment. WordPress lead automation usually goes live within 48–72 hours.,Is this DIY or done-for-you?,"Both paths exist: buy a prebuilt store, or get the same automation wired on your site. Start with a free WhatsApp mockup.",What do I need before we start?,"A WhatsApp number, niche preference, and budget range. Domain and Shopify/WordPress access come after the mockup call."
Bristol gym owners WhatsApp lead automation,wordpress automation,Bristol,commercial,Bristol Gym Owners WhatsApp Lead Automation,Bristol Gym Owners WhatsApp Lead Automation (2026),Practical guide for Bristol gym owners WhatsApp lead automation. Get a free AI mockup for your wordpress automation store or lead system — reply in under 6,form fields|AI proposal|Whapi/Twilio|speed reply|CTA,automation_demo,bristol-gym-owners-whatsapp-lead-automation,Searching for “Bristol gym owners WhatsApp lead automation”? This page breaks down a practical setup for wordpress automation in Bristol — plus how to get a ready system without waiting weeks.,How fast can I launch a wordpress automation solution?,Most turnkey Shopify transfers happen the same day after payment. WordPress lead automation usually goes live within 48–72 hours.,Is this DIY or done-for-you?,"Both paths exist: buy a prebuilt store, or get the same automation wired on your site. Start with a free WhatsApp mockup.",What do I need before we start?,"A WhatsApp number, niche preference, and budget range. Domain and Shopify/WordPress access come after the mockup call."
best automated WordPress setup for Bristol salon owners,wordpress automation,Bristol,commercial,Best Automated WordPress Setup For Bristol Salon Owners,Best Automated WordPress Setup For Bristol Salon Owners (2026),Practical guide for best automated WordPress setup for Bristol salon owners. Get a free AI mockup for your wordpress automation store or lead system — repl,Fluent Forms|Make.com|WhatsApp reply|CRM sheet|follow-up sequence,automation_demo,best-automated-wordpress-setup-for-bristol-salon-owners,Searching for “best automated WordPress setup for Bristol salon owners”? This page breaks down a practical setup for wordpress automation in Bristol — plus how to get a ready system without waiting weeks.,How fast can I launch a wordpress automation solution?,Most turnkey Shopify transfers happen the same day after payment. WordPress lead automation usually goes live within 48–72 hours.,Is this DIY or done-for-you?,"Both paths exist: buy a prebuilt store, or get the same automation wired on your site. Start with a free WhatsApp mockup.",What do I need before we start?,"A WhatsApp number, niche preference, and budget range. Domain and Shopify/WordPress access come after the mockup call."
Bristol salon owners WhatsApp lead automation,wordpress automation,Bristol,commercial,Bristol Salon Owners WhatsApp Lead Automation,Bristol Salon Owners WhatsApp Lead Automation (2026),Practical guide for Bristol salon owners WhatsApp lead automation. Get a free AI mockup for your wordpress automation store or lead system — reply in under,form fields|AI proposal|Whapi/Twilio|speed reply|CTA,automation_demo,bristol-salon-owners-whatsapp-lead-automation,Searching for “Bristol salon owners WhatsApp lead automation”? This page breaks down a practical setup for wordpress automation in Bristol — plus how to get a ready system without waiting weeks.,How fast can I launch a wordpress automation solution?,Most turnkey Shopify transfers happen the same day after payment. WordPress lead automation usually goes live within 48–72 hours.,Is this DIY or done-for-you?,"Both paths exist: buy a prebuilt store, or get the same automation wired on your site. Start with a free WhatsApp mockup.",What do I need before we start?,"A WhatsApp number, niche preference, and budget range. Domain and Shopify/WordPress access come after the mockup call."
best automated WordPress setup for Bristol restaurant owners,wordpress automation,Bristol,commercial,Best Automated WordPress Setup For Bristol Restaurant Owners,Best Automated WordPress Setup For Bristol Restaurant O...,Practical guide for best automated WordPress setup for Bristol restaurant owners. Get a free AI mockup for your wordpress automation store or lead system —,Fluent Forms|Make.com|WhatsApp reply|CRM sheet|follow-up sequence,automation_demo,best-automated-wordpress-setup-for-bristol-restaurant-owners,Searching for “best automated WordPress setup for Bristol restaurant owners”? This page breaks down a practical setup for wordpress automation in Bristol — plus how to get a ready system without waiting weeks.,How fast can I launch a wordpress automation solution?,Most turnkey Shopify transfers happen the same day after payment. WordPress lead automation usually goes live within 48–72 hours.,Is this DIY or done-for-you?,"Both paths exist: buy a prebuilt store, or get the same automation wired on your site. Start with a free WhatsApp mockup.",What do I need before we start?,"A WhatsApp number, niche preference, and budget range. Domain and Shopify/WordPress access come after the mockup call."
Bristol restaurant owners WhatsApp lead automation,wordpress automation,Bristol,commercial,Bristol Restaurant Owners WhatsApp Lead Automation,Bristol Restaurant Owners WhatsApp Lead Automation (2026),Practical guide for Bristol restaurant owners WhatsApp lead automation. Get a free AI mockup for your wordpress automation store or lead system — reply in ,form fields|AI proposal|Whapi/Twilio|speed reply|CTA,automation_demo,bristol-restaurant-owners-whatsapp-lead-automation,Searching for “Bristol restaurant owners WhatsApp lead automation”? This page breaks down a practical setup for wordpress automation in Bristol — plus how to get a ready system without waiting weeks.,How fast can I launch a wordpress automation solution?,Most turnkey Shopify transfers happen the same day after payment. WordPress lead automation usually goes live within 48–72 hours.,Is this DIY or done-for-you?,"Both paths exist: buy a prebuilt store, or get the same automation wired on your site. Start with a free WhatsApp mockup.",What do I need before we start?,"A WhatsApp number, niche preference, and budget range. Domain and Shopify/WordPress access come after the mockup call."
best automated WordPress setup for Bristol chiropractors,wordpress automation,Bristol,commercial,Best Automated WordPress Setup For Bristol Chiropractors,Best Automated WordPress Setup For Bristol Chiropractors (2026),Practical guide for best automated WordPress setup for Bristol chiropractors. Get a free AI mockup for your wordpress automation store or lead system — rep,Fluent Forms|Make.com|WhatsApp reply|CRM sheet|follow-up sequence,automation_demo,best-automated-wordpress-setup-for-bristol-chiropractors,Searching for “best automated WordPress setup for Bristol chiropractors”? This page breaks down a practical setup for wordpress automation in Bristol — plus how to get a ready system without waiting weeks.,How fast can I launch a wordpress automation solution?,Most turnkey Shopify transfers happen the same day after payment. WordPress lead automation usually goes live within 48–72 hours.,Is this DIY or done-for-you?,"Both paths exist: buy a prebuilt store, or get the same automation wired on your site. Start with a free WhatsApp mockup.",What do I need before we start?,"A WhatsApp number, niche preference, and budget range. Domain and Shopify/WordPress access come after the mockup call."
Bristol chiropractors WhatsApp lead automation,wordpress automation,Bristol,commercial,Bristol Chiropractors WhatsApp Lead Automation,Bristol Chiropractors WhatsApp Lead Automation (2026),Practical guide for Bristol chiropractors WhatsApp lead automation. Get a free AI mockup for your wordpress automation store or lead system — reply in unde,form fields|AI proposal|Whapi/Twilio|speed reply|CTA,automation_demo,bristol-chiropractors-whatsapp-lead-automation,Searching for “Bristol chiropractors WhatsApp lead automation”? This page breaks down a practical setup for wordpress automation in Bristol — plus how to get a ready system without waiting weeks.,How fast can I launch a wordpress automation solution?,Most turnkey Shopify transfers happen the same day after payment. WordPress lead automation usually goes live within 48–72 hours.,Is this DIY or done-for-you?,"Both paths exist: buy a prebuilt store, or get the same automation wired on your site. Start with a free WhatsApp mockup.",What do I need before we start?,"A WhatsApp number, niche preference, and budget range. Domain and Shopify/WordPress access come after the mockup call."
best automated WordPress setup for Bristol tutors,wordpress automation,Bristol,commercial,Best Automated WordPress Setup For Bristol Tutors,Best Automated WordPress Setup For Bristol Tutors (2026),Practical guide for best automated WordPress setup for Bristol tutors. Get a free AI mockup for your wordpress automation store or lead system — reply in u,Fluent Forms|Make.com|WhatsApp reply|CRM sheet|follow-up sequence,automation_demo,best-automated-wordpress-setup-for-bristol-tutors,Searching for “best automated WordPress setup for Bristol tutors”? This page breaks down a practical setup for wordpress automation in Bristol — plus how to get a ready system without waiting weeks.,How fast can I launch a wordpress automation solution?,Most turnkey Shopify transfers happen the same day after payment. WordPress lead automation usually goes live within 48–72 hours.,Is this DIY or done-for-you?,"Both paths exist: buy a prebuilt store, or get the same automation wired on your site. Start with a free WhatsApp mockup.",What do I need before we start?,"A WhatsApp number, niche preference, and budget range. Domain and Shopify/WordPress access come after the mockup call."
Bristol tutors WhatsApp lead automation,wordpress automation,Bristol,commercial,Bristol Tutors WhatsApp Lead Automation,Bristol Tutors WhatsApp Lead Automation (2026),Practical guide for Bristol tutors WhatsApp lead automation. Get a free AI mockup for your wordpress automation store or lead system — reply in under 60 se,form fields|AI proposal|Whapi/Twilio|speed reply|CTA,automation_demo,bristol-tutors-whatsapp-lead-automation,Searching for “Bristol tutors WhatsApp lead automation”? This page breaks down a practical setup for wordpress automation in Bristol — plus how to get a ready system without waiting weeks.,How fast can I launch a wordpress automation solution?,Most turnkey Shopify transfers happen the same day after payment. WordPress lead automation usually goes live within 48–72 hours.,Is this DIY or done-for-you?,"Both paths exist: buy a prebuilt store, or get the same automation wired on your site. Start with a free WhatsApp mockup.",What do I need before we start?,"A WhatsApp number, niche preference, and budget range. Domain and Shopify/WordPress access come after the mockup call."
best automated WordPress setup for Bristol clinic managers,wordpress automation,Bristol,commercial,Best Automated WordPress Setup For Bristol Clinic Managers,Best Automated WordPress Setup For Bristol Clinic Managers (2026),Practical guide for best automated WordPress setup for Bristol clinic managers. Get a free AI mockup for your wordpress automation store or lead system — r,Fluent Forms|Make.com|WhatsApp reply|CRM sheet|follow-up sequence,automation_demo,best-automated-wordpress-setup-for-bristol-clinic-managers,Searching for “best automated WordPress setup for Bristol clinic managers”? This page breaks down a practical setup for wordpress automation in Bristol — plus how to get a ready system without waiting weeks.,How fast can I launch a wordpress automation solution?,Most turnkey Shopify transfers happen the same day after payment. WordPress lead automation usually goes live within 48–72 hours.,Is this DIY or done-for-you?,"Both paths exist: buy a prebuilt store, or get the same automation wired on your site. Start with a free WhatsApp mockup.",What do I need before we start?,"A WhatsApp number, niche preference, and budget range. Domain and Shopify/WordPress access come after the mockup call."
Bristol clinic managers WhatsApp lead automation,wordpress automation,Bristol,commercial,Bristol Clinic Managers WhatsApp Lead Automation,Bristol Clinic Managers WhatsApp Lead Automation (2026),Practical guide for Bristol clinic managers WhatsApp lead automation. Get a free AI mockup for your wordpress automation store or lead system — reply in un,form fields|AI proposal|Whapi/Twilio|speed reply|CTA,automation_demo,bristol-clinic-managers-whatsapp-lead-automation,Searching for “Bristol clinic managers WhatsApp lead automation”? This page breaks down a practical setup for wordpress automation in Bristol — plus how to get a ready system without waiting weeks.,How fast can I launch a wordpress automation solution?,Most turnkey Shopify transfers happen the same day after payment. WordPress lead automation usually goes live within 48–72 hours.,Is this DIY or done-for-you?,"Both paths exist: buy a prebuilt store, or get the same automation wired on your site. Start with a free WhatsApp mockup.",What do I need before we start?,"A WhatsApp number, niche preference, and budget range. Domain and Shopify/WordPress access come after the mockup call."
best automated WordPress setup for Bristol spa owners,wordpress automation,Bristol,commercial,Best Automated WordPress Setup For Bristol Spa Owners,Best Automated WordPress Setup For Bristol Spa Owners (2026),Practical guide for best automated WordPress setup for Bristol spa owners. Get a free AI mockup for your wordpress automation store or lead system — reply ,Fluent Forms|Make.com|WhatsApp reply|CRM sheet|follow-up sequence,automation_demo,best-automated-wordpress-setup-for-bristol-spa-owners,Searching for “best automated WordPress setup for Bristol spa owners”? This page breaks down a practical setup for wordpress automation in Bristol — plus how to get a ready system without waiting weeks.,How fast can I launch a wordpress automation solution?,Most turnkey Shopify transfers happen the same day after payment. WordPress lead automation usually goes live within 48–72 hours.,Is this DIY or done-for-you?,"Both paths exist: buy a prebuilt store, or get the same automation wired on your site. Start with a free WhatsApp mockup.",What do I need before we start?,"A WhatsApp number, niche preference, and budget range. Domain and Shopify/WordPress access come after the mockup call."
Bristol spa owners WhatsApp lead automation,wordpress automation,Bristol,commercial,Bristol Spa Owners WhatsApp Lead Automation,Bristol Spa Owners WhatsApp Lead Automation (2026),Practical guide for Bristol spa owners WhatsApp lead automation. Get a free AI mockup for your wordpress automation store or lead system — reply in under 6,form fields|AI proposal|Whapi/Twilio|speed reply|CTA,automation_demo,bristol-spa-owners-whatsapp-lead-automation,Searching for “Bristol spa owners WhatsApp lead automation”? This page breaks down a practical setup for wordpress automation in Bristol — plus how to get a ready system without waiting weeks.,How fast can I launch a wordpress automation solution?,Most turnkey Shopify transfers happen the same day after payment. WordPress lead automation usually goes live within 48–72 hours.,Is this DIY or done-for-you?,"Both paths exist: buy a prebuilt store, or get the same automation wired on your site. Start with a free WhatsApp mockup.",What do I need before we start?,"A WhatsApp number, niche preference, and budget range. Domain and Shopify/WordPress access come after the mockup call."
best automated WordPress setup for Bristol coaches,wordpress automation,Bristol,commercial,Best Automated WordPress Setup For Bristol Coaches,Best Automated WordPress Setup For Bristol Coaches (2026),Practical guide for best automated WordPress setup for Bristol coaches. Get a free AI mockup for your wordpress automation store or lead system — reply in ,Fluent Forms|Make.com|WhatsApp reply|CRM sheet|follow-up sequence,automation_demo,best-automated-wordpress-setup-for-bristol-coaches,Searching for “best automated WordPress setup for Bristol coaches”? This page breaks down a practical setup for wordpress automation in Bristol — plus how to get a ready system without waiting weeks.,How fast can I launch a wordpress automation solution?,Most turnkey Shopify transfers happen the same day after payment. WordPress lead automation usually goes live within 48–72 hours.,Is this DIY or done-for-you?,"Both paths exist: buy a prebuilt store, or get the same automation wired on your site. Start with a free WhatsApp mockup.",What do I need before we start?,"A WhatsApp number, niche preference, and budget range. Domain and Shopify/WordPress access come after the mockup call."
Bristol coaches WhatsApp lead automation,wordpress automation,Bristol,commercial,Bristol Coaches WhatsApp Lead Automation,Bristol Coaches WhatsApp Lead Automation (2026),Practical guide for Bristol coaches WhatsApp lead automation. Get a free AI mockup for your wordpress automation store or lead system — reply in under 60 s,form fields|AI proposal|Whapi/Twilio|speed reply|CTA,automation_demo,bristol-coaches-whatsapp-lead-automation,Searching for “Bristol coaches WhatsApp lead automation”? This page breaks down a practical setup for wordpress automation in Bristol — plus how to get a ready system without waiting weeks.,How fast can I launch a wordpress automation solution?,Most turnkey Shopify transfers happen the same day after payment. WordPress lead automation usually goes live within 48–72 hours.,Is this DIY or done-for-you?,"Both paths exist: buy a prebuilt store, or get the same automation wired on your site. Start with a free WhatsApp mockup.",What do I need before we start?,"A WhatsApp number, niche preference, and budget range. Domain and Shopify/WordPress access come after the mockup call."
best automated WordPress setup for Leeds realtors,wordpress automation,Leeds,commercial,Best Automated WordPress Setup For Leeds Realtors,Best Automated WordPress Setup For Leeds Realtors (2026),Practical guide for best automated WordPress setup for Leeds realtors. Get a free AI mockup for your wordpress automation store or lead system — reply in u,Fluent Forms|Make.com|WhatsApp reply|CRM sheet|follow-up sequence,automation_demo,best-automated-wordpress-setup-for-leeds-realtors,Searching for “best automated WordPress setup for Leeds realtors”? This page breaks down a practical setup for wordpress automation in Leeds — plus how to get a ready system without waiting weeks.,How fast can I launch a wordpress automation solution?,Most turnkey Shopify transfers happen the same day after payment. WordPress lead automation usually goes live within 48–72 hours.,Is this DIY or done-for-you?,"Both paths exist: buy a prebuilt store, or get the same automation wired on your site. Start with a free WhatsApp mockup.",What do I need before we start?,"A WhatsApp number, niche preference, and budget range. Domain and Shopify/WordPress access come after the mockup call."
Leeds realtors WhatsApp lead automation,wordpress automation,Leeds,commercial,Leeds Realtors WhatsApp Lead Automation,Leeds Realtors WhatsApp Lead Automation (2026),Practical guide for Leeds realtors WhatsApp lead automation. Get a free AI mockup for your wordpress automation store or lead system — reply in under 60 se,form fields|AI proposal|Whapi/Twilio|speed reply|CTA,automation_demo,leeds-realtors-whatsapp-lead-automation,Searching for “Leeds realtors WhatsApp lead automation”? This page breaks down a practical setup for wordpress automation in Leeds — plus how to get a ready system without waiting weeks.,How fast can I launch a wordpress automation solution?,Most turnkey Shopify transfers happen the same day after payment. WordPress lead automation usually goes live within 48–72 hours.,Is this DIY or done-for-you?,"Both paths exist: buy a prebuilt store, or get the same automation wired on your site. Start with a free WhatsApp mockup.",What do I need before we start?,"A WhatsApp number, niche preference, and budget range. Domain and Shopify/WordPress access come after the mockup call."
best automated WordPress setup for Leeds dentists,wordpress automation,Leeds,commercial,Best Automated WordPress Setup For Leeds Dentists,Best Automated WordPress Setup For Leeds Dentists (2026),Practical guide for best automated WordPress setup for Leeds dentists. Get a free AI mockup for your wordpress automation store or lead system — reply in u,Fluent Forms|Make.com|WhatsApp reply|CRM sheet|follow-up sequence,automation_demo,best-automated-wordpress-setup-for-leeds-dentists,Searching for “best automated WordPress setup for Leeds dentists”? This page breaks down a practical setup for wordpress automation in Leeds — plus how to get a ready system without waiting weeks.,How fast can I launch a wordpress automation solution?,Most turnkey Shopify transfers happen the same day after payment. WordPress lead automation usually goes live within 48–72 hours.,Is this DIY or done-for-you?,"Both paths exist: buy a prebuilt store, or get the same automation wired on your site. Start with a free WhatsApp mockup.",What do I need before we start?,"A WhatsApp number, niche preference, and budget range. Domain and Shopify/WordPress access come after the mockup call."
Leeds dentists WhatsApp lead automation,wordpress automation,Leeds,commercial,Leeds Dentists WhatsApp Lead Automation,Leeds Dentists WhatsApp Lead Automation (2026),Practical guide for Leeds dentists WhatsApp lead automation. Get a free AI mockup for your wordpress automation store or lead system — reply in under 60 se,form fields|AI proposal|Whapi/Twilio|speed reply|CTA,automation_demo,leeds-dentists-whatsapp-lead-automation,Searching for “Leeds dentists WhatsApp lead automation”? This page breaks down a practical setup for wordpress automation in Leeds — plus how to get a ready system without waiting weeks.,How fast can I launch a wordpress automation solution?,Most turnkey Shopify transfers happen the same day after payment. WordPress lead automation usually goes live within 48–72 hours.,Is this DIY or done-for-you?,"Both paths exist: buy a prebuilt store, or get the same automation wired on your site. Start with a free WhatsApp mockup.",What do I need before we start?,"A WhatsApp number, niche preference, and budget range. Domain and Shopify/WordPress access come after the mockup call."
best automated WordPress setup for Leeds gym owners,wordpress automation,Leeds,commercial,Best Automated WordPress Setup For Leeds Gym Owners,Best Automated WordPress Setup For Leeds Gym Owners (2026),Practical guide for best automated WordPress setup for Leeds gym owners. Get a free AI mockup for your wordpress automation store or lead system — reply in,Fluent Forms|Make.com|WhatsApp reply|CRM sheet|follow-up sequence,automation_demo,best-automated-wordpress-setup-for-leeds-gym-owners,Searching for “best automated WordPress setup for Leeds gym owners”? This page breaks down a practical setup for wordpress automation in Leeds — plus how to get a ready system without waiting weeks.,How fast can I launch a wordpress automation solution?,Most turnkey Shopify transfers happen the same day after payment. WordPress lead automation usually goes live within 48–72 hours.,Is this DIY or done-for-you?,"Both paths exist: buy a prebuilt store, or get the same automation wired on your site. Start with a free WhatsApp mockup.",What do I need before we start?,"A WhatsApp number, niche preference, and budget range. Domain and Shopify/WordPress access come after the mockup call."
Leeds gym owners WhatsApp lead automation,wordpress automation,Leeds,commercial,Leeds Gym Owners WhatsApp Lead Automation,Leeds Gym Owners WhatsApp Lead Automation (2026),Practical guide for Leeds gym owners WhatsApp lead automation. Get a free AI mockup for your wordpress automation store or lead system — reply in under 60 ,form fields|AI proposal|Whapi/Twilio|speed reply|CTA,automation_demo,leeds-gym-owners-whatsapp-lead-automation,Searching for “Leeds gym owners WhatsApp lead automation”? This page breaks down a practical setup for wordpress automation in Leeds — plus how to get a ready system without waiting weeks.,How fast can I launch a wordpress automation solution?,Most turnkey Shopify transfers happen the same day after payment. WordPress lead automation usually goes live within 48–72 hours.,Is this DIY or done-for-you?,"Both paths exist: buy a prebuilt store, or get the same automation wired on your site. Start with a free WhatsApp mockup.",What do I need before we start?,"A WhatsApp number, niche preference, and budget range. Domain and Shopify/WordPress access come after the mockup call."
best automated WordPress setup for Leeds salon owners,wordpress automation,Leeds,commercial,Best Automated WordPress Setup For Leeds Salon Owners,Best Automated WordPress Setup For Leeds Salon Owners (2026),Practical guide for best automated WordPress setup for Leeds salon owners. Get a free AI mockup for your wordpress automation store or lead system — reply ,Fluent Forms|Make.com|WhatsApp reply|CRM sheet|follow-up sequence,automation_demo,best-automated-wordpress-setup-for-leeds-salon-owners,Searching for “best automated WordPress setup for Leeds salon owners”? This page breaks down a practical setup for wordpress automation in Leeds — plus how to get a ready system without waiting weeks.,How fast can I launch a wordpress automation solution?,Most turnkey Shopify transfers happen the same day after payment. WordPress lead automation usually goes live within 48–72 hours.,Is this DIY or done-for-you?,"Both paths exist: buy a prebuilt store, or get the same automation wired on your site. Start with a free WhatsApp mockup.",What do I need before we start?,"A WhatsApp number, niche preference, and budget range. Domain and Shopify/WordPress access come after the mockup call."
Leeds salon owners WhatsApp lead automation,wordpress automation,Leeds,commercial,Leeds Salon Owners WhatsApp Lead Automation,Leeds Salon Owners WhatsApp Lead Automation (2026),Practical guide for Leeds salon owners WhatsApp lead automation. Get a free AI mockup for your wordpress automation store or lead system — reply in under 6,form fields|AI proposal|Whapi/Twilio|speed reply|CTA,automation_demo,leeds-salon-owners-whatsapp-lead-automation,Searching for “Leeds salon owners WhatsApp lead automation”? This page breaks down a practical setup for wordpress automation in Leeds — plus how to get a ready system without waiting weeks.,How fast can I launch a wordpress automation solution?,Most turnkey Shopify transfers happen the same day after payment. WordPress lead automation usually goes live within 48–72 hours.,Is this DIY or done-for-you?,"Both paths exist: buy a prebuilt store, or get the same automation wired on your site. Start with a free WhatsApp mockup.",What do I need before we start?,"A WhatsApp number, niche preference, and budget range. Domain and Shopify/WordPress access come after the mockup call."
best automated WordPress setup for Leeds restaurant owners,wordpress automation,Leeds,commercial,Best Automated WordPress Setup For Leeds Restaurant Owners,Best Automated WordPress Setup For Leeds Restaurant Owners (2026),Practical guide for best automated WordPress setup for Leeds restaurant owners. Get a free AI mockup for your wordpress automation store or lead system — r,Fluent Forms|Make.com|WhatsApp reply|CRM sheet|follow-up sequence,automation_demo,best-automated-wordpress-setup-for-leeds-restaurant-owners,Searching for “best automated WordPress setup for Leeds restaurant owners”? This page breaks down a practical setup for wordpress automation in Leeds — plus how to get a ready system without waiting weeks.,How fast can I launch a wordpress automation solution?,Most turnkey Shopify transfers happen the same day after payment. WordPress lead automation usually goes live within 48–72 hours.,Is this DIY or done-for-you?,"Both paths exist: buy a prebuilt store, or get the same automation wired on your site. Start with a free WhatsApp mockup.",What do I need before we start?,"A WhatsApp number, niche preference, and budget range. Domain and Shopify/WordPress access come after the mockup call."
Leeds restaurant owners WhatsApp lead automation,wordpress automation,Leeds,commercial,Leeds Restaurant Owners WhatsApp Lead Automation,Leeds Restaurant Owners WhatsApp Lead Automation (2026),Practical guide for Leeds restaurant owners WhatsApp lead automation. Get a free AI mockup for your wordpress automation store or lead system — reply in un,form fields|AI proposal|Whapi/Twilio|speed reply|CTA,automation_demo,leeds-restaurant-owners-whatsapp-lead-automation,Searching for “Leeds restaurant owners WhatsApp lead automation”? This page breaks down a practical setup for wordpress automation in Leeds — plus how to get a ready system without waiting weeks.,How fast can I launch a wordpress automation solution?,Most turnkey Shopify transfers happen the same day after payment. WordPress lead automation usually goes live within 48–72 hours.,Is this DIY or done-for-you?,"Both paths exist: buy a prebuilt store, or get the same automation wired on your site. Start with a free WhatsApp mockup.",What do I need before we start?,"A WhatsApp number, niche preference, and budget range. Domain and Shopify/WordPress access come after the mockup call."
best automated WordPress setup for Leeds chiropractors,wordpress automation,Leeds,commercial,Best Automated WordPress Setup For Leeds Chiropractors,Best Automated WordPress Setup For Leeds Chiropractors (2026),Practical guide for best automated WordPress setup for Leeds chiropractors. Get a free AI mockup for your wordpress automation store or lead system — reply,Fluent Forms|Make.com|WhatsApp reply|CRM sheet|follow-up sequence,automation_demo,best-automated-wordpress-setup-for-leeds-chiropractors,Searching for “best automated WordPress setup for Leeds chiropractors”? This page breaks down a practical setup for wordpress automation in Leeds — plus how to get a ready system without waiting weeks.,How fast can I launch a wordpress automation solution?,Most turnkey Shopify transfers happen the same day after payment. WordPress lead automation usually goes live within 48–72 hours.,Is this DIY or done-for-you?,"Both paths exist: buy a prebuilt store, or get the same automation wired on your site. Start with a free WhatsApp mockup.",What do I need before we start?,"A WhatsApp number, niche preference, and budget range. Domain and Shopify/WordPress access come after the mockup call."
Leeds chiropractors WhatsApp lead automation,wordpress automation,Leeds,commercial,Leeds Chiropractors WhatsApp Lead Automation,Leeds Chiropractors WhatsApp Lead Automation (2026),Practical guide for Leeds chiropractors WhatsApp lead automation. Get a free AI mockup for your wordpress automation store or lead system — reply in under ,form fields|AI proposal|Whapi/Twilio|speed reply|CTA,automation_demo,leeds-chiropractors-whatsapp-lead-automation,Searching for “Leeds chiropractors WhatsApp lead automation”? This page breaks down a practical setup for wordpress automation in Leeds — plus how to get a ready system without waiting weeks.,How fast can I launch a wordpress automation solution?,Most turnkey Shopify transfers happen the same day after payment. WordPress lead automation usually goes live within 48–72 hours.,Is this DIY or done-for-you?,"Both paths exist: buy a prebuilt store, or get the same automation wired on your site. Start with a free WhatsApp mockup.",What do I need before we start?,"A WhatsApp number, niche preference, and budget range. Domain and Shopify/WordPress access come after the mockup call."
best automated WordPress setup for Leeds tutors,wordpress automation,Leeds,commercial,Best Automated WordPress Setup For Leeds Tutors,Best Automated WordPress Setup For Leeds Tutors (2026),Practical guide for best automated WordPress setup for Leeds tutors. Get a free AI mockup for your wordpress automation store or lead system — reply in und,Fluent Forms|Make.com|WhatsApp reply|CRM sheet|follow-up sequence,automation_demo,best-automated-wordpress-setup-for-leeds-tutors,Searching for “best automated WordPress setup for Leeds tutors”? This page breaks down a practical setup for wordpress automation in Leeds — plus how to get a ready system without waiting weeks.,How fast can I launch a wordpress automation solution?,Most turnkey Shopify transfers happen the same day after payment. WordPress lead automation usually goes live within 48–72 hours.,Is this DIY or done-for-you?,"Both paths exist: buy a prebuilt store, or get the same automation wired on your site. Start with a free WhatsApp mockup.",What do I need before we start?,"A WhatsApp number, niche preference, and budget range. Domain and Shopify/WordPress access come after the mockup call."
Leeds tutors WhatsApp lead automation,wordpress automation,Leeds,commercial,Leeds Tutors WhatsApp Lead Automation,Leeds Tutors WhatsApp Lead Automation (2026),Practical guide for Leeds tutors WhatsApp lead automation. Get a free AI mockup for your wordpress automation store or lead system — reply in under 60 seco,form fields|AI proposal|Whapi/Twilio|speed reply|CTA,automation_demo,leeds-tutors-whatsapp-lead-automation,Searching for “Leeds tutors WhatsApp lead automation”? This page breaks down a practical setup for wordpress automation in Leeds — plus how to get a ready system without waiting weeks.,How fast can I launch a wordpress automation solution?,Most turnkey Shopify transfers happen the same day after payment. WordPress lead automation usually goes live within 48–72 hours.,Is this DIY or done-for-you?,"Both paths exist: buy a prebuilt store, or get the same automation wired on your site. Start with a free WhatsApp mockup.",What do I need before we start?,"A WhatsApp number, niche preference, and budget range. Domain and Shopify/WordPress access come after the mockup call."
best automated WordPress setup for Leeds clinic managers,wordpress automation,Leeds,commercial,Best Automated WordPress Setup For Leeds Clinic Managers,Best Automated WordPress Setup For Leeds Clinic Managers (2026),Practical guide for best automated WordPress setup for Leeds clinic managers. Get a free AI mockup for your wordpress automation store or lead system — rep,Fluent Forms|Make.com|WhatsApp reply|CRM sheet|follow-up sequence,automation_demo,best-automated-wordpress-setup-for-leeds-clinic-managers,Searching for “best automated WordPress setup for Leeds clinic managers”? This page breaks down a practical setup for wordpress automation in Leeds — plus how to get a ready system without waiting weeks.,How fast can I launch a wordpress automation solution?,Most turnkey Shopify transfers happen the same day after payment. WordPress lead automation usually goes live within 48–72 hours.,Is this DIY or done-for-you?,"Both paths exist: buy a prebuilt store, or get the same automation wired on your site. Start with a free WhatsApp mockup.",What do I need before we start?,"A WhatsApp number, niche preference, and budget range. Domain and Shopify/WordPress access come after the mockup call."
Leeds clinic managers WhatsApp lead automation,wordpress automation,Leeds,commercial,Leeds Clinic Managers WhatsApp Lead Automation,Leeds Clinic Managers WhatsApp Lead Automation (2026),Practical guide for Leeds clinic managers WhatsApp lead automation. Get a free AI mockup for your wordpress automation store or lead system — reply in unde,form fields|AI proposal|Whapi/Twilio|speed reply|CTA,automation_demo,leeds-clinic-managers-whatsapp-lead-automation,Searching for “Leeds clinic managers WhatsApp lead automation”? This page breaks down a practical setup for wordpress automation in Leeds — plus how to get a ready system without waiting weeks.,How fast can I launch a wordpress automation solution?,Most turnkey Shopify transfers happen the same day after payment. WordPress lead automation usually goes live within 48–72 hours.,Is this DIY or done-for-you?,"Both paths exist: buy a prebuilt store, or get the same automation wired on your site. Start with a free WhatsApp mockup.",What do I need before we start?,"A WhatsApp number, niche preference, and budget range. Domain and Shopify/WordPress access come after the mockup call."
best automated WordPress setup for Leeds spa owners,wordpress automation,Leeds,commercial,Best Automated WordPress Setup For Leeds Spa Owners,Best Automated WordPress Setup For Leeds Spa Owners (2026),Practical guide for best automated WordPress setup for Leeds spa owners. Get a free AI mockup for your wordpress automation store or lead system — reply in,Fluent Forms|Make.com|WhatsApp reply|CRM sheet|follow-up sequence,automation_demo,best-automated-wordpress-setup-for-leeds-spa-owners,Searching for “best automated WordPress setup for Leeds spa owners”? This page breaks down a practical setup for wordpress automation in Leeds — plus how to get a ready system without waiting weeks.,How fast can I launch a wordpress automation solution?,Most turnkey Shopify transfers happen the same day after payment. WordPress lead automation usually goes live within 48–72 hours.,Is this DIY or done-for-you?,"Both paths exist: buy a prebuilt store, or get the same automation wired on your site. Start with a free WhatsApp mockup.",What do I need before we start?,"A WhatsApp number, niche preference, and budget range. Domain and Shopify/WordPress access come after the mockup call."
Leeds spa owners WhatsApp lead automation,wordpress automation,Leeds,commercial,Leeds Spa Owners WhatsApp Lead Automation,Leeds Spa Owners WhatsApp Lead Automation (2026),Practical guide for Leeds spa owners WhatsApp lead automation. Get a free AI mockup for your wordpress automation store or lead system — reply in under 60 ,form fields|AI proposal|Whapi/Twilio|speed reply|CTA,automation_demo,leeds-spa-owners-whatsapp-lead-automation,Searching for “Leeds spa owners WhatsApp lead automation”? This page breaks down a practical setup for wordpress automation in Leeds — plus how to get a ready system without waiting weeks.,How fast can I launch a wordpress automation solution?,Most turnkey Shopify transfers happen the same day after payment. WordPress lead automation usually goes live within 48–72 hours.,Is this DIY or done-for-you?,"Both paths exist: buy a prebuilt store, or get the same automation wired on your site. Start with a free WhatsApp mockup.",What do I need before we start?,"A WhatsApp number, niche preference, and budget range. Domain and Shopify/WordPress access come after the mockup call."
best automated WordPress setup for Leeds coaches,wordpress automation,Leeds,commercial,Best Automated WordPress Setup For Leeds Coaches,Best Automated WordPress Setup For Leeds Coaches (2026),Practical guide for best automated WordPress setup for Leeds coaches. Get a free AI mockup for your wordpress automation store or lead system — reply in un,Fluent Forms|Make.com|WhatsApp reply|CRM sheet|follow-up sequence,automation_demo,best-automated-wordpress-setup-for-leeds-coaches,Searching for “best automated WordPress setup for Leeds coaches”? This page breaks down a practical setup for wordpress automation in Leeds — plus how to get a ready system without waiting weeks.,How fast can I launch a wordpress automation solution?,Most turnkey Shopify transfers happen the same day after payment. WordPress lead automation usually goes live within 48–72 hours.,Is this DIY or done-for-you?,"Both paths exist: buy a prebuilt store, or get the same automation wired on your site. Start with a free WhatsApp mockup.",What do I need before we start?,"A WhatsApp number, niche preference, and budget range. Domain and Shopify/WordPress access come after the mockup call."
Leeds coaches WhatsApp lead automation,wordpress automation,Leeds,commercial,Leeds Coaches WhatsApp Lead Automation,Leeds Coaches WhatsApp Lead Automation (2026),Practical guide for Leeds coaches WhatsApp lead automation. Get a free AI mockup for your wordpress automation store or lead system — reply in under 60 sec,form fields|AI proposal|Whapi/Twilio|speed reply|CTA,automation_demo,leeds-coaches-whatsapp-lead-automation,Searching for “Leeds coaches WhatsApp lead automation”? This page breaks down a practical setup for wordpress automation in Leeds — plus how to get a ready system without waiting weeks.,How fast can I launch a wordpress automation solution?,Most turnkey Shopify transfers happen the same day after payment. WordPress lead automation usually goes live within 48–72 hours.,Is this DIY or done-for-you?,"Both paths exist: buy a prebuilt store, or get the same automation wired on your site. Start with a free WhatsApp mockup.",What do I need before we start?,"A WhatsApp number, niche preference, and budget range. Domain and Shopify/WordPress access come after the mockup call."
best automated WordPress setup for Edinburgh realtors,wordpress automation,Edinburgh,commercial,Best Automated WordPress Setup For Edinburgh Realtors,Best Automated WordPress Setup For Edinburgh Realtors (2026),Practical guide for best automated WordPress setup for Edinburgh realtors. Get a free AI mockup for your wordpress automation store or lead system — reply ,Fluent Forms|Make.com|WhatsApp reply|CRM sheet|follow-up sequence,automation_demo,best-automated-wordpress-setup-for-edinburgh-realtors,Searching for “best automated WordPress setup for Edinburgh realtors”? This page breaks down a practical setup for wordpress automation in Edinburgh — plus how to get a ready system without waiting weeks.,How fast can I launch a wordpress automation solution?,Most turnkey Shopify transfers happen the same day after payment. WordPress lead automation usually goes live within 48–72 hours.,Is this DIY or done-for-you?,"Both paths exist: buy a prebuilt store, or get the same automation wired on your site. Start with a free WhatsApp mockup.",What do I need before we start?,"A WhatsApp number, niche preference, and budget range. Domain and Shopify/WordPress access come after the mockup call."
Edinburgh realtors WhatsApp lead automation,wordpress automation,Edinburgh,commercial,Edinburgh Realtors WhatsApp Lead Automation,Edinburgh Realtors WhatsApp Lead Automation (2026),Practical guide for Edinburgh realtors WhatsApp lead automation. Get a free AI mockup for your wordpress automation store or lead system — reply in under 6,form fields|AI proposal|Whapi/Twilio|speed reply|CTA,automation_demo,edinburgh-realtors-whatsapp-lead-automation,Searching for “Edinburgh realtors WhatsApp lead automation”? This page breaks down a practical setup for wordpress automation in Edinburgh — plus how to get a ready system without waiting weeks.,How fast can I launch a wordpress automation solution?,Most turnkey Shopify transfers happen the same day after payment. WordPress lead automation usually goes live within 48–72 hours.,Is this DIY or done-for-you?,"Both paths exist: buy a prebuilt store, or get the same automation wired on your site. Start with a free WhatsApp mockup.",What do I need before we start?,"A WhatsApp number, niche preference, and budget range. Domain and Shopify/WordPress access come after the mockup call."
best automated WordPress setup for Edinburgh dentists,wordpress automation,Edinburgh,commercial,Best Automated WordPress Setup For Edinburgh Dentists,Best Automated WordPress Setup For Edinburgh Dentists (2026),Practical guide for best automated WordPress setup for Edinburgh dentists. Get a free AI mockup for your wordpress automation store or lead system — reply ,Fluent Forms|Make.com|WhatsApp reply|CRM sheet|follow-up sequence,automation_demo,best-automated-wordpress-setup-for-edinburgh-dentists,Searching for “best automated WordPress setup for Edinburgh dentists”? This page breaks down a practical setup for wordpress automation in Edinburgh — plus how to get a ready system without waiting weeks.,How fast can I launch a wordpress automation solution?,Most turnkey Shopify transfers happen the same day after payment. WordPress lead automation usually goes live within 48–72 hours.,Is this DIY or done-for-you?,"Both paths exist: buy a prebuilt store, or get the same automation wired on your site. Start with a free WhatsApp mockup.",What do I need before we start?,"A WhatsApp number, niche preference, and budget range. Domain and Shopify/WordPress access come after the mockup call."
Edinburgh dentists WhatsApp lead automation,wordpress automation,Edinburgh,commercial,Edinburgh Dentists WhatsApp Lead Automation,Edinburgh Dentists WhatsApp Lead Automation (2026),Practical guide for Edinburgh dentists WhatsApp lead automation. Get a free AI mockup for your wordpress automation store or lead system — reply in under 6,form fields|AI proposal|Whapi/Twilio|speed reply|CTA,automation_demo,edinburgh-dentists-whatsapp-lead-automation,Searching for “Edinburgh dentists WhatsApp lead automation”? This page breaks down a practical setup for wordpress automation in Edinburgh — plus how to get a ready system without waiting weeks.,How fast can I launch a wordpress automation solution?,Most turnkey Shopify transfers happen the same day after payment. WordPress lead automation usually goes live within 48–72 hours.,Is this DIY or done-for-you?,"Both paths exist: buy a prebuilt store, or get the same automation wired on your site. Start with a free WhatsApp mockup.",What do I need before we start?,"A WhatsApp number, niche preference, and budget range. Domain and Shopify/WordPress access come after the mockup call."
best automated WordPress setup for Edinburgh gym owners,wordpress automation,Edinburgh,commercial,Best Automated WordPress Setup For Edinburgh Gym Owners,Best Automated WordPress Setup For Edinburgh Gym Owners (2026),Practical guide for best automated WordPress setup for Edinburgh gym owners. Get a free AI mockup for your wordpress automation store or lead system — repl,Fluent Forms|Make.com|WhatsApp reply|CRM sheet|follow-up sequence,automation_demo,best-automated-wordpress-setup-for-edinburgh-gym-owners,Searching for “best automated WordPress setup for Edinburgh gym owners”? This page breaks down a practical setup for wordpress automation in Edinburgh — plus how to get a ready system without waiting weeks.,How fast can I launch a wordpress automation solution?,Most turnkey Shopify transfers happen the same day after payment. WordPress lead automation usually goes live within 48–72 hours.,Is this DIY or done-for-you?,"Both paths exist: buy a prebuilt store, or get the same automation wired on your site. Start with a free WhatsApp mockup.",What do I need before we start?,"A WhatsApp number, niche preference, and budget range. Domain and Shopify/WordPress access come after the mockup call."
Edinburgh gym owners WhatsApp lead automation,wordpress automation,Edinburgh,commercial,Edinburgh Gym Owners WhatsApp Lead Automation,Edinburgh Gym Owners WhatsApp Lead Automation (2026),Practical guide for Edinburgh gym owners WhatsApp lead automation. Get a free AI mockup for your wordpress automation store or lead system — reply in under,form fields|AI proposal|Whapi/Twilio|speed reply|CTA,automation_demo,edinburgh-gym-owners-whatsapp-lead-automation,Searching for “Edinburgh gym owners WhatsApp lead automation”? This page breaks down a practical setup for wordpress automation in Edinburgh — plus how to get a ready system without waiting weeks.,How fast can I launch a wordpress automation solution?,Most turnkey Shopify transfers happen the same day after payment. WordPress lead automation usually goes live within 48–72 hours.,Is this DIY or done-for-you?,"Both paths exist: buy a prebuilt store, or get the same automation wired on your site. Start with a free WhatsApp mockup.",What do I need before we start?,"A WhatsApp number, niche preference, and budget range. Domain and Shopify/WordPress access come after the mockup call."
best automated WordPress setup for Edinburgh salon owners,wordpress automation,Edinburgh,commercial,Best Automated WordPress Setup For Edinburgh Salon Owners,Best Automated WordPress Setup For Edinburgh Salon Owners (2026),Practical guide for best automated WordPress setup for Edinburgh salon owners. Get a free AI mockup for your wordpress automation store or lead system — re,Fluent Forms|Make.com|WhatsApp reply|CRM sheet|follow-up sequence,automation_demo,best-automated-wordpress-setup-for-edinburgh-salon-owners,Searching for “best automated WordPress setup for Edinburgh salon owners”? This page breaks down a practical setup for wordpress automation in Edinburgh — plus how to get a ready system without waiting weeks.,How fast can I launch a wordpress automation solution?,Most turnkey Shopify transfers happen the same day after payment. WordPress lead automation usually goes live within 48–72 hours.,Is this DIY or done-for-you?,"Both paths exist: buy a prebuilt store, or get the same automation wired on your site. Start with a free WhatsApp mockup.",What do I need before we start?,"A WhatsApp number, niche preference, and budget range. Domain and Shopify/WordPress access come after the mockup call."
Edinburgh salon owners WhatsApp lead automation,wordpress automation,Edinburgh,commercial,Edinburgh Salon Owners WhatsApp Lead Automation,Edinburgh Salon Owners WhatsApp Lead Automation (2026),Practical guide for Edinburgh salon owners WhatsApp lead automation. Get a free AI mockup for your wordpress automation store or lead system — reply in und,form fields|AI proposal|Whapi/Twilio|speed reply|CTA,automation_demo,edinburgh-salon-owners-whatsapp-lead-automation,Searching for “Edinburgh salon owners WhatsApp lead automation”? This page breaks down a practical setup for wordpress automation in Edinburgh — plus how to get a ready system without waiting weeks.,How fast can I launch a wordpress automation solution?,Most turnkey Shopify transfers happen the same day after payment. WordPress lead automation usually goes live within 48–72 hours.,Is this DIY or done-for-you?,"Both paths exist: buy a prebuilt store, or get the same automation wired on your site. Start with a free WhatsApp mockup.",What do I need before we start?,"A WhatsApp number, niche preference, and budget range. Domain and Shopify/WordPress access come after the mockup call."
best automated WordPress setup for Edinburgh restaurant owners,wordpress automation,Edinburgh,commercial,Best Automated WordPress Setup For Edinburgh Restaurant Owners,Best Automated WordPress Setup For Edinburgh Restaurant...,Practical guide for best automated WordPress setup for Edinburgh restaurant owners. Get a free AI mockup for your wordpress automation store or lead system,Fluent Forms|Make.com|WhatsApp reply|CRM sheet|follow-up sequence,automation_demo,best-automated-wordpress-setup-for-edinburgh-restaurant-owners,Searching for “best automated WordPress setup for Edinburgh restaurant owners”? This page breaks down a practical setup for wordpress automation in Edinburgh — plus how to get a ready system without waiting weeks.,How fast can I launch a wordpress automation solution?,Most turnkey Shopify transfers happen the same day after payment. WordPress lead automation usually goes live within 48–72 hours.,Is this DIY or done-for-you?,"Both paths exist: buy a prebuilt store, or get the same automation wired on your site. Start with a free WhatsApp mockup.",What do I need before we start?,"A WhatsApp number, niche preference, and budget range. Domain and Shopify/WordPress access come after the mockup call."
Edinburgh restaurant owners WhatsApp lead automation,wordpress automation,Edinburgh,commercial,Edinburgh Restaurant Owners WhatsApp Lead Automation,Edinburgh Restaurant Owners WhatsApp Lead Automation (2026),Practical guide for Edinburgh restaurant owners WhatsApp lead automation. Get a free AI mockup for your wordpress automation store or lead system — reply i,form fields|AI proposal|Whapi/Twilio|speed reply|CTA,automation_demo,edinburgh-restaurant-owners-whatsapp-lead-automation,Searching for “Edinburgh restaurant owners WhatsApp lead automation”? This page breaks down a practical setup for wordpress automation in Edinburgh — plus how to get a ready system without waiting weeks.,How fast can I launch a wordpress automation solution?,Most turnkey Shopify transfers happen the same day after payment. WordPress lead automation usually goes live within 48–72 hours.,Is this DIY or done-for-you?,"Both paths exist: buy a prebuilt store, or get the same automation wired on your site. Start with a free WhatsApp mockup.",What do I need before we start?,"A WhatsApp number, niche preference, and budget range. Domain and Shopify/WordPress access come after the mockup call."
best automated WordPress setup for Edinburgh chiropractors,wordpress automation,Edinburgh,commercial,Best Automated WordPress Setup For Edinburgh Chiropractors,Best Automated WordPress Setup For Edinburgh Chiropractors (2026),Practical guide for best automated WordPress setup for Edinburgh chiropractors. Get a free AI mockup for your wordpress automation store or lead system — r,Fluent Forms|Make.com|WhatsApp reply|CRM sheet|follow-up sequence,automation_demo,best-automated-wordpress-setup-for-edinburgh-chiropractors,Searching for “best automated WordPress setup for Edinburgh chiropractors”? This page breaks down a practical setup for wordpress automation in Edinburgh — plus how to get a ready system without waiting weeks.,How fast can I launch a wordpress automation solution?,Most turnkey Shopify transfers happen the same day after payment. WordPress lead automation usually goes live within 48–72 hours.,Is this DIY or done-for-you?,"Both paths exist: buy a prebuilt store, or get the same automation wired on your site. Start with a free WhatsApp mockup.",What do I need before we start?,"A WhatsApp number, niche preference, and budget range. Domain and Shopify/WordPress access come after the mockup call."
Edinburgh chiropractors WhatsApp lead automation,wordpress automation,Edinburgh,commercial,Edinburgh Chiropractors WhatsApp Lead Automation,Edinburgh Chiropractors WhatsApp Lead Automation (2026),Practical guide for Edinburgh chiropractors WhatsApp lead automation. Get a free AI mockup for your wordpress automation store or lead system — reply in un,form fields|AI proposal|Whapi/Twilio|speed reply|CTA,automation_demo,edinburgh-chiropractors-whatsapp-lead-automation,Searching for “Edinburgh chiropractors WhatsApp lead automation”? This page breaks down a practical setup for wordpress automation in Edinburgh — plus how to get a ready system without waiting weeks.,How fast can I launch a wordpress automation solution?,Most turnkey Shopify transfers happen the same day after payment. WordPress lead automation usually goes live within 48–72 hours.,Is this DIY or done-for-you?,"Both paths exist: buy a prebuilt store, or get the same automation wired on your site. Start with a free WhatsApp mockup.",What do I need before we start?,"A WhatsApp number, niche preference, and budget range. Domain and Shopify/WordPress access come after the mockup call."
best automated WordPress setup for Edinburgh tutors,wordpress automation,Edinburgh,commercial,Best Automated WordPress Setup For Edinburgh Tutors,Best Automated WordPress Setup For Edinburgh Tutors (2026),Practical guide for best automated WordPress setup for Edinburgh tutors. Get a free AI mockup for your wordpress automation store or lead system — reply in,Fluent Forms|Make.com|WhatsApp reply|CRM sheet|follow-up sequence,automation_demo,best-automated-wordpress-setup-for-edinburgh-tutors,Searching for “best automated WordPress setup for Edinburgh tutors”? This page breaks down a practical setup for wordpress automation in Edinburgh — plus how to get a ready system without waiting weeks.,How fast can I launch a wordpress automation solution?,Most turnkey Shopify transfers happen the same day after payment. WordPress lead automation usually goes live within 48–72 hours.,Is this DIY or done-for-you?,"Both paths exist: buy a prebuilt store, or get the same automation wired on your site. Start with a free WhatsApp mockup.",What do I need before we start?,"A WhatsApp number, niche preference, and budget range. Domain and Shopify/WordPress access come after the mockup call."
Edinburgh tutors WhatsApp lead automation,wordpress automation,Edinburgh,commercial,Edinburgh Tutors WhatsApp Lead Automation,Edinburgh Tutors WhatsApp Lead Automation (2026),Practical guide for Edinburgh tutors WhatsApp lead automation. Get a free AI mockup for your wordpress automation store or lead system — reply in under 60 ,form fields|AI proposal|Whapi/Twilio|speed reply|CTA,automation_demo,edinburgh-tutors-whatsapp-lead-automation,Searching for “Edinburgh tutors WhatsApp lead automation”? This page breaks down a practical setup for wordpress automation in Edinburgh — plus how to get a ready system without waiting weeks.,How fast can I launch a wordpress automation solution?,Most turnkey Shopify transfers happen the same day after payment. WordPress lead automation usually goes live within 48–72 hours.,Is this DIY or done-for-you?,"Both paths exist: buy a prebuilt store, or get the same automation wired on your site. Start with a free WhatsApp mockup.",What do I need before we start?,"A WhatsApp number, niche preference, and budget range. Domain and Shopify/WordPress access come after the mockup call."
best automated WordPress setup for Edinburgh clinic managers,wordpress automation,Edinburgh,commercial,Best Automated WordPress Setup For Edinburgh Clinic Managers,Best Automated WordPress Setup For Edinburgh Clinic Man...,Practical guide for best automated WordPress setup for Edinburgh clinic managers. Get a free AI mockup for your wordpress automation store or lead system —,Fluent Forms|Make.com|WhatsApp reply|CRM sheet|follow-up sequence,automation_demo,best-automated-wordpress-setup-for-edinburgh-clinic-managers,Searching for “best automated WordPress setup for Edinburgh clinic managers”? This page breaks down a practical setup for wordpress automation in Edinburgh — plus how to get a ready system without waiting weeks.,How fast can I launch a wordpress automation solution?,Most turnkey Shopify transfers happen the same day after payment. WordPress lead automation usually goes live within 48–72 hours.,Is this DIY or done-for-you?,"Both paths exist: buy a prebuilt store, or get the same automation wired on your site. Start with a free WhatsApp mockup.",What do I need before we start?,"A WhatsApp number, niche preference, and budget range. Domain and Shopify/WordPress access come after the mockup call."
Edinburgh clinic managers WhatsApp lead automation,wordpress automation,Edinburgh,commercial,Edinburgh Clinic Managers WhatsApp Lead Automation,Edinburgh Clinic Managers WhatsApp Lead Automation (2026),Practical guide for Edinburgh clinic managers WhatsApp lead automation. Get a free AI mockup for your wordpress automation store or lead system — reply in ,form fields|AI proposal|Whapi/Twilio|speed reply|CTA,automation_demo,edinburgh-clinic-managers-whatsapp-lead-automation,Searching for “Edinburgh clinic managers WhatsApp lead automation”? This page breaks down a practical setup for wordpress automation in Edinburgh — plus how to get a ready system without waiting weeks.,How fast can I launch a wordpress automation solution?,Most turnkey Shopify transfers happen the same day after payment. WordPress lead automation usually goes live within 48–72 hours.,Is this DIY or done-for-you?,"Both paths exist: buy a prebuilt store, or get the same automation wired on your site. Start with a free WhatsApp mockup.",What do I need before we start?,"A WhatsApp number, niche preference, and budget range. Domain and Shopify/WordPress access come after the mockup call."
best automated WordPress setup for Edinburgh spa owners,wordpress automation,Edinburgh,commercial,Best Automated WordPress Setup For Edinburgh Spa Owners,Best Automated WordPress Setup For Edinburgh Spa Owners (2026),Practical guide for best automated WordPress setup for Edinburgh spa owners. Get a free AI mockup for your wordpress automation store or lead system — repl,Fluent Forms|Make.com|WhatsApp reply|CRM sheet|follow-up sequence,automation_demo,best-automated-wordpress-setup-for-edinburgh-spa-owners,Searching for “best automated WordPress setup for Edinburgh spa owners”? This page breaks down a practical setup for wordpress automation in Edinburgh — plus how to get a ready system without waiting weeks.,How fast can I launch a wordpress automation solution?,Most turnkey Shopify transfers happen the same day after payment. WordPress lead automation usually goes live within 48–72 hours.,Is this DIY or done-for-you?,"Both paths exist: buy a prebuilt store, or get the same automation wired on your site. Start with a free WhatsApp mockup.",What do I need before we start?,"A WhatsApp number, niche preference, and budget range. Domain and Shopify/WordPress access come after the mockup call."
Edinburgh spa owners WhatsApp lead automation,wordpress automation,Edinburgh,commercial,Edinburgh Spa Owners WhatsApp Lead Automation,Edinburgh Spa Owners WhatsApp Lead Automation (2026),Practical guide for Edinburgh spa owners WhatsApp lead automation. Get a free AI mockup for your wordpress automation store or lead system — reply in under,form fields|AI proposal|Whapi/Twilio|speed reply|CTA,automation_demo,edinburgh-spa-owners-whatsapp-lead-automation,Searching for “Edinburgh spa owners WhatsApp lead automation”? This page breaks down a practical setup for wordpress automation in Edinburgh — plus how to get a ready system without waiting weeks.,How fast can I launch a wordpress automation solution?,Most turnkey Shopify transfers happen the same day after payment. WordPress lead automation usually goes live within 48–72 hours.,Is this DIY or done-for-you?,"Both paths exist: buy a prebuilt store, or get the same automation wired on your site. Start with a free WhatsApp mockup.",What do I need before we start?,"A WhatsApp number, niche preference, and budget range. Domain and Shopify/WordPress access come after the mockup call."
best automated WordPress setup for Edinburgh coaches,wordpress automation,Edinburgh,commercial,Best Automated WordPress Setup For Edinburgh Coaches,Best Automated WordPress Setup For Edinburgh Coaches (2026),Practical guide for best automated WordPress setup for Edinburgh coaches. Get a free AI mockup for your wordpress automation store or lead system — reply i,Fluent Forms|Make.com|WhatsApp reply|CRM sheet|follow-up sequence,automation_demo,best-automated-wordpress-setup-for-edinburgh-coaches,Searching for “best automated WordPress setup for Edinburgh coaches”? This page breaks down a practical setup for wordpress automation in Edinburgh — plus how to get a ready system without waiting weeks.,How fast can I launch a wordpress automation solution?,Most turnkey Shopify transfers happen the same day after payment. WordPress lead automation usually goes live within 48–72 hours.,Is this DIY or done-for-you?,"Both paths exist: buy a prebuilt store, or get the same automation wired on your site. Start with a free WhatsApp mockup.",What do I need before we start?,"A WhatsApp number, niche preference, and budget range. Domain and Shopify/WordPress access come after the mockup call."
Edinburgh coaches WhatsApp lead automation,wordpress automation,Edinburgh,commercial,Edinburgh Coaches WhatsApp Lead Automation,Edinburgh Coaches WhatsApp Lead Automation (2026),Practical guide for Edinburgh coaches WhatsApp lead automation. Get a free AI mockup for your wordpress automation store or lead system — reply in under 60,form fields|AI proposal|Whapi/Twilio|speed reply|CTA,automation_demo,edinburgh-coaches-whatsapp-lead-automation,Searching for “Edinburgh coaches WhatsApp lead automation”? This page breaks down a practical setup for wordpress automation in Edinburgh — plus how to get a ready system without waiting weeks.,How fast can I launch a wordpress automation solution?,Most turnkey Shopify transfers happen the same day after payment. WordPress lead automation usually goes live within 48–72 hours.,Is this DIY or done-for-you?,"Both paths exist: buy a prebuilt store, or get the same automation wired on your site. Start with a free WhatsApp mockup.",What do I need before we start?,"A WhatsApp number, niche preference, and budget range. Domain and Shopify/WordPress access come after the mockup call."
best automated WordPress setup for Birmingham realtors,wordpress automation,Birmingham,commercial,Best Automated WordPress Setup For Birmingham Realtors,Best Automated WordPress Setup For Birmingham Realtors (2026),Practical guide for best automated WordPress setup for Birmingham realtors. Get a free AI mockup for your wordpress automation store or lead system — reply,Fluent Forms|Make.com|WhatsApp reply|CRM sheet|follow-up sequence,automation_demo,best-automated-wordpress-setup-for-birmingham-realtors,Searching for “best automated WordPress setup for Birmingham realtors”? This page breaks down a practical setup for wordpress automation in Birmingham — plus how to get a ready system without waiting weeks.,How fast can I launch a wordpress automation solution?,Most turnkey Shopify transfers happen the same day after payment. WordPress lead automation usually goes live within 48–72 hours.,Is this DIY or done-for-you?,"Both paths exist: buy a prebuilt store, or get the same automation wired on your site. Start with a free WhatsApp mockup.",What do I need before we start?,"A WhatsApp number, niche preference, and budget range. Domain and Shopify/WordPress access come after the mockup call."
Birmingham realtors WhatsApp lead automation,wordpress automation,Birmingham,commercial,Birmingham Realtors WhatsApp Lead Automation,Birmingham Realtors WhatsApp Lead Automation (2026),Practical guide for Birmingham realtors WhatsApp lead automation. Get a free AI mockup for your wordpress automation store or lead system — reply in under ,form fields|AI proposal|Whapi/Twilio|speed reply|CTA,automation_demo,birmingham-realtors-whatsapp-lead-automation,Searching for “Birmingham realtors WhatsApp lead automation”? This page breaks down a practical setup for wordpress automation in Birmingham — plus how to get a ready system without waiting weeks.,How fast can I launch a wordpress automation solution?,Most turnkey Shopify transfers happen the same day after payment. WordPress lead automation usually goes live within 48–72 hours.,Is this DIY or done-for-you?,"Both paths exist: buy a prebuilt store, or get the same automation wired on your site. Start with a free WhatsApp mockup.",What do I need before we start?,"A WhatsApp number, niche preference, and budget range. Domain and Shopify/WordPress access come after the mockup call."
best automated WordPress setup for Birmingham dentists,wordpress automation,Birmingham,commercial,Best Automated WordPress Setup For Birmingham Dentists,Best Automated WordPress Setup For Birmingham Dentists (2026),Practical guide for best automated WordPress setup for Birmingham dentists. Get a free AI mockup for your wordpress automation store or lead system — reply,Fluent Forms|Make.com|WhatsApp reply|CRM sheet|follow-up sequence,automation_demo,best-automated-wordpress-setup-for-birmingham-dentists,Searching for “best automated WordPress setup for Birmingham dentists”? This page breaks down a practical setup for wordpress automation in Birmingham — plus how to get a ready system without waiting weeks.,How fast can I launch a wordpress automation solution?,Most turnkey Shopify transfers happen the same day after payment. WordPress lead automation usually goes live within 48–72 hours.,Is this DIY or done-for-you?,"Both paths exist: buy a prebuilt store, or get the same automation wired on your site. Start with a free WhatsApp mockup.",What do I need before we start?,"A WhatsApp number, niche preference, and budget range. Domain and Shopify/WordPress access come after the mockup call."
Birmingham dentists WhatsApp lead automation,wordpress automation,Birmingham,commercial,Birmingham Dentists WhatsApp Lead Automation,Birmingham Dentists WhatsApp Lead Automation (2026),Practical guide for Birmingham dentists WhatsApp lead automation. Get a free AI mockup for your wordpress automation store or lead system — reply in under ,form fields|AI proposal|Whapi/Twilio|speed reply|CTA,automation_demo,birmingham-dentists-whatsapp-lead-automation,Searching for “Birmingham dentists WhatsApp lead automation”? This page breaks down a practical setup for wordpress automation in Birmingham — plus how to get a ready system without waiting weeks.,How fast can I launch a wordpress automation solution?,Most turnkey Shopify transfers happen the same day after payment. WordPress lead automation usually goes live within 48–72 hours.,Is this DIY or done-for-you?,"Both paths exist: buy a prebuilt store, or get the same automation wired on your site. Start with a free WhatsApp mockup.",What do I need before we start?,"A WhatsApp number, niche preference, and budget range. Domain and Shopify/WordPress access come after the mockup call."
best automated WordPress setup for Birmingham gym owners,wordpress automation,Birmingham,commercial,Best Automated WordPress Setup For Birmingham Gym Owners,Best Automated WordPress Setup For Birmingham Gym Owners (2026),Practical guide for best automated WordPress setup for Birmingham gym owners. Get a free AI mockup for your wordpress automation store or lead system — rep,Fluent Forms|Make.com|WhatsApp reply|CRM sheet|follow-up sequence,automation_demo,best-automated-wordpress-setup-for-birmingham-gym-owners,Searching for “best automated WordPress setup for Birmingham gym owners”? This page breaks down a practical setup for wordpress automation in Birmingham — plus how to get a ready system without waiting weeks.,How fast can I launch a wordpress automation solution?,Most turnkey Shopify transfers happen the same day after payment. WordPress lead automation usually goes live within 48–72 hours.,Is this DIY or done-for-you?,"Both paths exist: buy a prebuilt store, or get the same automation wired on your site. Start with a free WhatsApp mockup.",What do I need before we start?,"A WhatsApp number, niche preference, and budget range. Domain and Shopify/WordPress access come after the mockup call."
Birmingham gym owners WhatsApp lead automation,wordpress automation,Birmingham,commercial,Birmingham Gym Owners WhatsApp Lead Automation,Birmingham Gym Owners WhatsApp Lead Automation (2026),Practical guide for Birmingham gym owners WhatsApp lead automation. Get a free AI mockup for your wordpress automation store or lead system — reply in unde,form fields|AI proposal|Whapi/Twilio|speed reply|CTA,automation_demo,birmingham-gym-owners-whatsapp-lead-automation,Searching for “Birmingham gym owners WhatsApp lead automation”? This page breaks down a practical setup for wordpress automation in Birmingham — plus how to get a ready system without waiting weeks.,How fast can I launch a wordpress automation solution?,Most turnkey Shopify transfers happen the same day after payment. WordPress lead automation usually goes live within 48–72 hours.,Is this DIY or done-for-you?,"Both paths exist: buy a prebuilt store, or get the same automation wired on your site. Start with a free WhatsApp mockup.",What do I need before we start?,"A WhatsApp number, niche preference, and budget range. Domain and Shopify/WordPress access come after the mockup call."
best automated WordPress setup for Birmingham salon owners,wordpress automation,Birmingham,commercial,Best Automated WordPress Setup For Birmingham Salon Owners,Best Automated WordPress Setup For Birmingham Salon Owners (2026),Practical guide for best automated WordPress setup for Birmingham salon owners. Get a free AI mockup for your wordpress automation store or lead system — r,Fluent Forms|Make.com|WhatsApp reply|CRM sheet|follow-up sequence,automation_demo,best-automated-wordpress-setup-for-birmingham-salon-owners,Searching for “best automated WordPress setup for Birmingham salon owners”? This page breaks down a practical setup for wordpress automation in Birmingham — plus how to get a ready system without waiting weeks.,How fast can I launch a wordpress automation solution?,Most turnkey Shopify transfers happen the same day after payment. WordPress lead automation usually goes live within 48–72 hours.,Is this DIY or done-for-you?,"Both paths exist: buy a prebuilt store, or get the same automation wired on your site. Start with a free WhatsApp mockup.",What do I need before we start?,"A WhatsApp number, niche preference, and budget range. Domain and Shopify/WordPress access come after the mockup call."
Birmingham salon owners WhatsApp lead automation,wordpress automation,Birmingham,commercial,Birmingham Salon Owners WhatsApp Lead Automation,Birmingham Salon Owners WhatsApp Lead Automation (2026),Practical guide for Birmingham salon owners WhatsApp lead automation. Get a free AI mockup for your wordpress automation store or lead system — reply in un,form fields|AI proposal|Whapi/Twilio|speed reply|CTA,automation_demo,birmingham-salon-owners-whatsapp-lead-automation,Searching for “Birmingham salon owners WhatsApp lead automation”? This page breaks down a practical setup for wordpress automation in Birmingham — plus how to get a ready system without waiting weeks.,How fast can I launch a wordpress automation solution?,Most turnkey Shopify transfers happen the same day after payment. WordPress lead automation usually goes live within 48–72 hours.,Is this DIY or done-for-you?,"Both paths exist: buy a prebuilt store, or get the same automation wired on your site. Start with a free WhatsApp mockup.",What do I need before we start?,"A WhatsApp number, niche preference, and budget range. Domain and Shopify/WordPress access come after the mockup call."
best automated WordPress setup for Birmingham restaurant owners,wordpress automation,Birmingham,commercial,Best Automated WordPress Setup For Birmingham Restaurant Owners,Best Automated WordPress Setup For Birmingham Restauran...,Practical guide for best automated WordPress setup for Birmingham restaurant owners. Get a free AI mockup for your wordpress automation store or lead syste,Fluent Forms|Make.com|WhatsApp reply|CRM sheet|follow-up sequence,automation_demo,best-automated-wordpress-setup-for-birmingham-restaurant-owners,Searching for “best automated WordPress setup for Birmingham restaurant owners”? This page breaks down a practical setup for wordpress automation in Birmingham — plus how to get a ready system without waiting weeks.,How fast can I launch a wordpress automation solution?,Most turnkey Shopify transfers happen the same day after payment. WordPress lead automation usually goes live within 48–72 hours.,Is this DIY or done-for-you?,"Both paths exist: buy a prebuilt store, or get the same automation wired on your site. Start with a free WhatsApp mockup.",What do I need before we start?,"A WhatsApp number, niche preference, and budget range. Domain and Shopify/WordPress access come after the mockup call."
Birmingham restaurant owners WhatsApp lead automation,wordpress automation,Birmingham,commercial,Birmingham Restaurant Owners WhatsApp Lead Automation,Birmingham Restaurant Owners WhatsApp Lead Automation (2026),Practical guide for Birmingham restaurant owners WhatsApp lead automation. Get a free AI mockup for your wordpress automation store or lead system — reply ,form fields|AI proposal|Whapi/Twilio|speed reply|CTA,automation_demo,birmingham-restaurant-owners-whatsapp-lead-automation,Searching for “Birmingham restaurant owners WhatsApp lead automation”? This page breaks down a practical setup for wordpress automation in Birmingham — plus how to get a ready system without waiting weeks.,How fast can I launch a wordpress automation solution?,Most turnkey Shopify transfers happen the same day after payment. WordPress lead automation usually goes live within 48–72 hours.,Is this DIY or done-for-you?,"Both paths exist: buy a prebuilt store, or get the same automation wired on your site. Start with a free WhatsApp mockup.",What do I need before we start?,"A WhatsApp number, niche preference, and budget range. Domain and Shopify/WordPress access come after the mockup call."
best automated WordPress setup for Birmingham chiropractors,wordpress automation,Birmingham,commercial,Best Automated WordPress Setup For Birmingham Chiropractors,Best Automated WordPress Setup For Birmingham Chiroprac...,Practical guide for best automated WordPress setup for Birmingham chiropractors. Get a free AI mockup for your wordpress automation store or lead system — ,Fluent Forms|Make.com|WhatsApp reply|CRM sheet|follow-up sequence,automation_demo,best-automated-wordpress-setup-for-birmingham-chiropractors,Searching for “best automated WordPress setup for Birmingham chiropractors”? This page breaks down a practical setup for wordpress automation in Birmingham — plus how to get a ready system without waiting weeks.,How fast can I launch a wordpress automation solution?,Most turnkey Shopify transfers happen the same day after payment. WordPress lead automation usually goes live within 48–72 hours.,Is this DIY or done-for-you?,"Both paths exist: buy a prebuilt store, or get the same automation wired on your site. Start with a free WhatsApp mockup.",What do I need before we start?,"A WhatsApp number, niche preference, and budget range. Domain and Shopify/WordPress access come after the mockup call."
Birmingham chiropractors WhatsApp lead automation,wordpress automation,Birmingham,commercial,Birmingham Chiropractors WhatsApp Lead Automation,Birmingham Chiropractors WhatsApp Lead Automation (2026),Practical guide for Birmingham chiropractors WhatsApp lead automation. Get a free AI mockup for your wordpress automation store or lead system — reply in u,form fields|AI proposal|Whapi/Twilio|speed reply|CTA,automation_demo,birmingham-chiropractors-whatsapp-lead-automation,Searching for “Birmingham chiropractors WhatsApp lead automation”? This page breaks down a practical setup for wordpress automation in Birmingham — plus how to get a ready system without waiting weeks.,How fast can I launch a wordpress automation solution?,Most turnkey Shopify transfers happen the same day after payment. WordPress lead automation usually goes live within 48–72 hours.,Is this DIY or done-for-you?,"Both paths exist: buy a prebuilt store, or get the same automation wired on your site. Start with a free WhatsApp mockup.",What do I need before we start?,"A WhatsApp number, niche preference, and budget range. Domain and Shopify/WordPress access come after the mockup call."
best automated WordPress setup for Birmingham tutors,wordpress automation,Birmingham,commercial,Best Automated WordPress Setup For Birmingham Tutors,Best Automated WordPress Setup For Birmingham Tutors (2026),Practical guide for best automated WordPress setup for Birmingham tutors. Get a free AI mockup for your wordpress automation store or lead system — reply i,Fluent Forms|Make.com|WhatsApp reply|CRM sheet|follow-up sequence,automation_demo,best-automated-wordpress-setup-for-birmingham-tutors,Searching for “best automated WordPress setup for Birmingham tutors”? This page breaks down a practical setup for wordpress automation in Birmingham — plus how to get a ready system without waiting weeks.,How fast can I launch a wordpress automation solution?,Most turnkey Shopify transfers happen the same day after payment. WordPress lead automation usually goes live within 48–72 hours.,Is this DIY or done-for-you?,"Both paths exist: buy a prebuilt store, or get the same automation wired on your site. Start with a free WhatsApp mockup.",What do I need before we start?,"A WhatsApp number, niche preference, and budget range. Domain and Shopify/WordPress access come after the mockup call."
Birmingham tutors WhatsApp lead automation,wordpress automation,Birmingham,commercial,Birmingham Tutors WhatsApp Lead Automation,Birmingham Tutors WhatsApp Lead Automation (2026),Practical guide for Birmingham tutors WhatsApp lead automation. Get a free AI mockup for your wordpress automation store or lead system — reply in under 60,form fields|AI proposal|Whapi/Twilio|speed reply|CTA,automation_demo,birmingham-tutors-whatsapp-lead-automation,Searching for “Birmingham tutors WhatsApp lead automation”? This page breaks down a practical setup for wordpress automation in Birmingham — plus how to get a ready system without waiting weeks.,How fast can I launch a wordpress automation solution?,Most turnkey Shopify transfers happen the same day after payment. WordPress lead automation usually goes live within 48–72 hours.,Is this DIY or done-for-you?,"Both paths exist: buy a prebuilt store, or get the same automation wired on your site. Start with a free WhatsApp mockup.",What do I need before we start?,"A WhatsApp number, niche preference, and budget range. Domain and Shopify/WordPress access come after the mockup call."
best automated WordPress setup for Birmingham clinic managers,wordpress automation,Birmingham,commercial,Best Automated WordPress Setup For Birmingham Clinic Managers,Best Automated WordPress Setup For Birmingham Clinic Ma...,Practical guide for best automated WordPress setup for Birmingham clinic managers. Get a free AI mockup for your wordpress automation store or lead system ,Fluent Forms|Make.com|WhatsApp reply|CRM sheet|follow-up sequence,automation_demo,best-automated-wordpress-setup-for-birmingham-clinic-managers,Searching for “best automated WordPress setup for Birmingham clinic managers”? This page breaks down a practical setup for wordpress automation in Birmingham — plus how to get a ready system without waiting weeks.,How fast can I launch a wordpress automation solution?,Most turnkey Shopify transfers happen the same day after payment. WordPress lead automation usually goes live within 48–72 hours.,Is this DIY or done-for-you?,"Both paths exist: buy a prebuilt store, or get the same automation wired on your site. Start with a free WhatsApp mockup.",What do I need before we start?,"A WhatsApp number, niche preference, and budget range. Domain and Shopify/WordPress access come after the mockup call."
Birmingham clinic managers WhatsApp lead automation,wordpress automation,Birmingham,commercial,Birmingham Clinic Managers WhatsApp Lead Automation,Birmingham Clinic Managers WhatsApp Lead Automation (2026),Practical guide for Birmingham clinic managers WhatsApp lead automation. Get a free AI mockup for your wordpress automation store or lead system — reply in,form fields|AI proposal|Whapi/Twilio|speed reply|CTA,automation_demo,birmingham-clinic-managers-whatsapp-lead-automation,Searching for “Birmingham clinic managers WhatsApp lead automation”? This page breaks down a practical setup for wordpress automation in Birmingham — plus how to get a ready system without waiting weeks.,How fast can I launch a wordpress automation solution?,Most turnkey Shopify transfers happen the same day after payment. WordPress lead automation usually goes live within 48–72 hours.,Is this DIY or done-for-you?,"Both paths exist: buy a prebuilt store, or get the same automation wired on your site. Start with a free WhatsApp mockup.",What do I need before we start?,"A WhatsApp number, niche preference, and budget range. Domain and Shopify/WordPress access come after the mockup call."
best automated WordPress setup for Birmingham spa owners,wordpress automation,Birmingham,commercial,Best Automated WordPress Setup For Birmingham Spa Owners,Best Automated WordPress Setup For Birmingham Spa Owners (2026),Practical guide for best automated WordPress setup for Birmingham spa owners. Get a free AI mockup for your wordpress automation store or lead system — rep,Fluent Forms|Make.com|WhatsApp reply|CRM sheet|follow-up sequence,automation_demo,best-automated-wordpress-setup-for-birmingham-spa-owners,Searching for “best automated WordPress setup for Birmingham spa owners”? This page breaks down a practical setup for wordpress automation in Birmingham — plus how to get a ready system without waiting weeks.,How fast can I launch a wordpress automation solution?,Most turnkey Shopify transfers happen the same day after payment. WordPress lead automation usually goes live within 48–72 hours.,Is this DIY or done-for-you?,"Both paths exist: buy a prebuilt store, or get the same automation wired on your site. Start with a free WhatsApp mockup.",What do I need before we start?,"A WhatsApp number, niche preference, and budget range. Domain and Shopify/WordPress access come after the mockup call."
Birmingham spa owners WhatsApp lead automation,wordpress automation,Birmingham,commercial,Birmingham Spa Owners WhatsApp Lead Automation,Birmingham Spa Owners WhatsApp Lead Automation (2026),Practical guide for Birmingham spa owners WhatsApp lead automation. Get a free AI mockup for your wordpress automation store or lead system — reply in unde,form fields|AI proposal|Whapi/Twilio|speed reply|CTA,automation_demo,birmingham-spa-owners-whatsapp-lead-automation,Searching for “Birmingham spa owners WhatsApp lead automation”? This page breaks down a practical setup for wordpress automation in Birmingham — plus how to get a ready system without waiting weeks.,How fast can I launch a wordpress automation solution?,Most turnkey Shopify transfers happen the same day after payment. WordPress lead automation usually goes live within 48–72 hours.,Is this DIY or done-for-you?,"Both paths exist: buy a prebuilt store, or get the same automation wired on your site. Start with a free WhatsApp mockup.",What do I need before we start?,"A WhatsApp number, niche preference, and budget range. Domain and Shopify/WordPress access come after the mockup call."
best automated WordPress setup for Birmingham coaches,wordpress automation,Birmingham,commercial,Best Automated WordPress Setup For Birmingham Coaches,Best Automated WordPress Setup For Birmingham Coaches (2026),Practical guide for best automated WordPress setup for Birmingham coaches. Get a free AI mockup for your wordpress automation store or lead system — reply ,Fluent Forms|Make.com|WhatsApp reply|CRM sheet|follow-up sequence,automation_demo,best-automated-wordpress-setup-for-birmingham-coaches,Searching for “best automated WordPress setup for Birmingham coaches”? This page breaks down a practical setup for wordpress automation in Birmingham — plus how to get a ready system without waiting weeks.,How fast can I launch a wordpress automation solution?,Most turnkey Shopify transfers happen the same day after payment. WordPress lead automation usually goes live within 48–72 hours.,Is this DIY or done-for-you?,"Both paths exist: buy a prebuilt store, or get the same automation wired on your site. Start with a free WhatsApp mockup.",What do I need before we start?,"A WhatsApp number, niche preference, and budget range. Domain and Shopify/WordPress access come after the mockup call."
Birmingham coaches WhatsApp lead automation,wordpress automation,Birmingham,commercial,Birmingham Coaches WhatsApp Lead Automation,Birmingham Coaches WhatsApp Lead Automation (2026),Practical guide for Birmingham coaches WhatsApp lead automation. Get a free AI mockup for your wordpress automation store or lead system — reply in under 6,form fields|AI proposal|Whapi/Twilio|speed reply|CTA,automation_demo,birmingham-coaches-whatsapp-lead-automation,Searching for “Birmingham coaches WhatsApp lead automation”? This page breaks down a practical setup for wordpress automation in Birmingham — plus how to get a ready system without waiting weeks.,How fast can I launch a wordpress automation solution?,Most turnkey Shopify transfers happen the same day after payment. WordPress lead automation usually goes live within 48–72 hours.,Is this DIY or done-for-you?,"Both paths exist: buy a prebuilt store, or get the same automation wired on your site. Start with a free WhatsApp mockup.",What do I need before we start?,"A WhatsApp number, niche preference, and budget range. Domain and Shopify/WordPress access come after the mockup call."
best automated WordPress setup for Dubai realtors,wordpress automation,Dubai,commercial,Best Automated WordPress Setup For Dubai Realtors,Best Automated WordPress Setup For Dubai Realtors (2026),Practical guide for best automated WordPress setup for Dubai realtors. Get a free AI mockup for your wordpress automation store or lead system — reply in u,Fluent Forms|Make.com|WhatsApp reply|CRM sheet|follow-up sequence,automation_demo,best-automated-wordpress-setup-for-dubai-realtors,Searching for “best automated WordPress setup for Dubai realtors”? This page breaks down a practical setup for wordpress automation in Dubai — plus how to get a ready system without waiting weeks.,How fast can I launch a wordpress automation solution?,Most turnkey Shopify transfers happen the same day after payment. WordPress lead automation usually goes live within 48–72 hours.,Is this DIY or done-for-you?,"Both paths exist: buy a prebuilt store, or get the same automation wired on your site. Start with a free WhatsApp mockup.",What do I need before we start?,"A WhatsApp number, niche preference, and budget range. Domain and Shopify/WordPress access come after the mockup call."
Dubai realtors WhatsApp lead automation,wordpress automation,Dubai,commercial,Dubai Realtors WhatsApp Lead Automation,Dubai Realtors WhatsApp Lead Automation (2026),Practical guide for Dubai realtors WhatsApp lead automation. Get a free AI mockup for your wordpress automation store or lead system — reply in under 60 se,form fields|AI proposal|Whapi/Twilio|speed reply|CTA,automation_demo,dubai-realtors-whatsapp-lead-automation,Searching for “Dubai realtors WhatsApp lead automation”? This page breaks down a practical setup for wordpress automation in Dubai — plus how to get a ready system without waiting weeks.,How fast can I launch a wordpress automation solution?,Most turnkey Shopify transfers happen the same day after payment. WordPress lead automation usually goes live within 48–72 hours.,Is this DIY or done-for-you?,"Both paths exist: buy a prebuilt store, or get the same automation wired on your site. Start with a free WhatsApp mockup.",What do I need before we start?,"A WhatsApp number, niche preference, and budget range. Domain and Shopify/WordPress access come after the mockup call."
best automated WordPress setup for Dubai dentists,wordpress automation,Dubai,commercial,Best Automated WordPress Setup For Dubai Dentists,Best Automated WordPress Setup For Dubai Dentists (2026),Practical guide for best automated WordPress setup for Dubai dentists. Get a free AI mockup for your wordpress automation store or lead system — reply in u,Fluent Forms|Make.com|WhatsApp reply|CRM sheet|follow-up sequence,automation_demo,best-automated-wordpress-setup-for-dubai-dentists,Searching for “best automated WordPress setup for Dubai dentists”? This page breaks down a practical setup for wordpress automation in Dubai — plus how to get a ready system without waiting weeks.,How fast can I launch a wordpress automation solution?,Most turnkey Shopify transfers happen the same day after payment. WordPress lead automation usually goes live within 48–72 hours.,Is this DIY or done-for-you?,"Both paths exist: buy a prebuilt store, or get the same automation wired on your site. Start with a free WhatsApp mockup.",What do I need before we start?,"A WhatsApp number, niche preference, and budget range. Domain and Shopify/WordPress access come after the mockup call."
Dubai dentists WhatsApp lead automation,wordpress automation,Dubai,commercial,Dubai Dentists WhatsApp Lead Automation,Dubai Dentists WhatsApp Lead Automation (2026),Practical guide for Dubai dentists WhatsApp lead automation. Get a free AI mockup for your wordpress automation store or lead system — reply in under 60 se,form fields|AI proposal|Whapi/Twilio|speed reply|CTA,automation_demo,dubai-dentists-whatsapp-lead-automation,Searching for “Dubai dentists WhatsApp lead automation”? This page breaks down a practical setup for wordpress automation in Dubai — plus how to get a ready system without waiting weeks.,How fast can I launch a wordpress automation solution?,Most turnkey Shopify transfers happen the same day after payment. WordPress lead automation usually goes live within 48–72 hours.,Is this DIY or done-for-you?,"Both paths exist: buy a prebuilt store, or get the same automation wired on your site. Start with a free WhatsApp mockup.",What do I need before we start?,"A WhatsApp number, niche preference, and budget range. Domain and Shopify/WordPress access come after the mockup call."
best automated WordPress setup for Dubai gym owners,wordpress automation,Dubai,commercial,Best Automated WordPress Setup For Dubai Gym Owners,Best Automated WordPress Setup For Dubai Gym Owners (2026),Practical guide for best automated WordPress setup for Dubai gym owners. Get a free AI mockup for your wordpress automation store or lead system — reply in,Fluent Forms|Make.com|WhatsApp reply|CRM sheet|follow-up sequence,automation_demo,best-automated-wordpress-setup-for-dubai-gym-owners,Searching for “best automated WordPress setup for Dubai gym owners”? This page breaks down a practical setup for wordpress automation in Dubai — plus how to get a ready system without waiting weeks.,How fast can I launch a wordpress automation solution?,Most turnkey Shopify transfers happen the same day after payment. WordPress lead automation usually goes live within 48–72 hours.,Is this DIY or done-for-you?,"Both paths exist: buy a prebuilt store, or get the same automation wired on your site. Start with a free WhatsApp mockup.",What do I need before we start?,"A WhatsApp number, niche preference, and budget range. Domain and Shopify/WordPress access come after the mockup call."
Dubai gym owners WhatsApp lead automation,wordpress automation,Dubai,commercial,Dubai Gym Owners WhatsApp Lead Automation,Dubai Gym Owners WhatsApp Lead Automation (2026),Practical guide for Dubai gym owners WhatsApp lead automation. Get a free AI mockup for your wordpress automation store or lead system — reply in under 60 ,form fields|AI proposal|Whapi/Twilio|speed reply|CTA,automation_demo,dubai-gym-owners-whatsapp-lead-automation,Searching for “Dubai gym owners WhatsApp lead automation”? This page breaks down a practical setup for wordpress automation in Dubai — plus how to get a ready system without waiting weeks.,How fast can I launch a wordpress automation solution?,Most turnkey Shopify transfers happen the same day after payment. WordPress lead automation usually goes live within 48–72 hours.,Is this DIY or done-for-you?,"Both paths exist: buy a prebuilt store, or get the same automation wired on your site. Start with a free WhatsApp mockup.",What do I need before we start?,"A WhatsApp number, niche preference, and budget range. Domain and Shopify/WordPress access come after the mockup call."
best automated WordPress setup for Dubai salon owners,wordpress automation,Dubai,commercial,Best Automated WordPress Setup For Dubai Salon Owners,Best Automated WordPress Setup For Dubai Salon Owners (2026),Practical guide for best automated WordPress setup for Dubai salon owners. Get a free AI mockup for your wordpress automation store or lead system — reply ,Fluent Forms|Make.com|WhatsApp reply|CRM sheet|follow-up sequence,automation_demo,best-automated-wordpress-setup-for-dubai-salon-owners,Searching for “best automated WordPress setup for Dubai salon owners”? This page breaks down a practical setup for wordpress automation in Dubai — plus how to get a ready system without waiting weeks.,How fast can I launch a wordpress automation solution?,Most turnkey Shopify transfers happen the same day after payment. WordPress lead automation usually goes live within 48–72 hours.,Is this DIY or done-for-you?,"Both paths exist: buy a prebuilt store, or get the same automation wired on your site. Start with a free WhatsApp mockup.",What do I need before we start?,"A WhatsApp number, niche preference, and budget range. Domain and Shopify/WordPress access come after the mockup call."
Dubai salon owners WhatsApp lead automation,wordpress automation,Dubai,commercial,Dubai Salon Owners WhatsApp Lead Automation,Dubai Salon Owners WhatsApp Lead Automation (2026),Practical guide for Dubai salon owners WhatsApp lead automation. Get a free AI mockup for your wordpress automation store or lead system — reply in under 6,form fields|AI proposal|Whapi/Twilio|speed reply|CTA,automation_demo,dubai-salon-owners-whatsapp-lead-automation,Searching for “Dubai salon owners WhatsApp lead automation”? This page breaks down a practical setup for wordpress automation in Dubai — plus how to get a ready system without waiting weeks.,How fast can I launch a wordpress automation solution?,Most turnkey Shopify transfers happen the same day after payment. WordPress lead automation usually goes live within 48–72 hours.,Is this DIY or done-for-you?,"Both paths exist: buy a prebuilt store, or get the same automation wired on your site. Start with a free WhatsApp mockup.",What do I need before we start?,"A WhatsApp number, niche preference, and budget range. Domain and Shopify/WordPress access come after the mockup call."
best automated WordPress setup for Dubai restaurant owners,wordpress automation,Dubai,commercial,Best Automated WordPress Setup For Dubai Restaurant Owners,Best Automated WordPress Setup For Dubai Restaurant Owners (2026),Practical guide for best automated WordPress setup for Dubai restaurant owners. Get a free AI mockup for your wordpress automation store or lead system — r,Fluent Forms|Make.com|WhatsApp reply|CRM sheet|follow-up sequence,automation_demo,best-automated-wordpress-setup-for-dubai-restaurant-owners,Searching for “best automated WordPress setup for Dubai restaurant owners”? This page breaks down a practical setup for wordpress automation in Dubai — plus how to get a ready system without waiting weeks.,How fast can I launch a wordpress automation solution?,Most turnkey Shopify transfers happen the same day after payment. WordPress lead automation usually goes live within 48–72 hours.,Is this DIY or done-for-you?,"Both paths exist: buy a prebuilt store, or get the same automation wired on your site. Start with a free WhatsApp mockup.",What do I need before we start?,"A WhatsApp number, niche preference, and budget range. Domain and Shopify/WordPress access come after the mockup call."
Dubai restaurant owners WhatsApp lead automation,wordpress automation,Dubai,commercial,Dubai Restaurant Owners WhatsApp Lead Automation,Dubai Restaurant Owners WhatsApp Lead Automation (2026),Practical guide for Dubai restaurant owners WhatsApp lead automation. Get a free AI mockup for your wordpress automation store or lead system — reply in un,form fields|AI proposal|Whapi/Twilio|speed reply|CTA,automation_demo,dubai-restaurant-owners-whatsapp-lead-automation,Searching for “Dubai restaurant owners WhatsApp lead automation”? This page breaks down a practical setup for wordpress automation in Dubai — plus how to get a ready system without waiting weeks.,How fast can I launch a wordpress automation solution?,Most turnkey Shopify transfers happen the same day after payment. WordPress lead automation usually goes live within 48–72 hours.,Is this DIY or done-for-you?,"Both paths exist: buy a prebuilt store, or get the same automation wired on your site. Start with a free WhatsApp mockup.",What do I need before we start?,"A WhatsApp number, niche preference, and budget range. Domain and Shopify/WordPress access come after the mockup call."
best automated WordPress setup for Dubai chiropractors,wordpress automation,Dubai,commercial,Best Automated WordPress Setup For Dubai Chiropractors,Best Automated WordPress Setup For Dubai Chiropractors (2026),Practical guide for best automated WordPress setup for Dubai chiropractors. Get a free AI mockup for your wordpress automation store or lead system — reply,Fluent Forms|Make.com|WhatsApp reply|CRM sheet|follow-up sequence,automation_demo,best-automated-wordpress-setup-for-dubai-chiropractors,Searching for “best automated WordPress setup for Dubai chiropractors”? This page breaks down a practical setup for wordpress automation in Dubai — plus how to get a ready system without waiting weeks.,How fast can I launch a wordpress automation solution?,Most turnkey Shopify transfers happen the same day after payment. WordPress lead automation usually goes live within 48–72 hours.,Is this DIY or done-for-you?,"Both paths exist: buy a prebuilt store, or get the same automation wired on your site. Start with a free WhatsApp mockup.",What do I need before we start?,"A WhatsApp number, niche preference, and budget range. Domain and Shopify/WordPress access come after the mockup call."
Dubai chiropractors WhatsApp lead automation,wordpress automation,Dubai,commercial,Dubai Chiropractors WhatsApp Lead Automation,Dubai Chiropractors WhatsApp Lead Automation (2026),Practical guide for Dubai chiropractors WhatsApp lead automation. Get a free AI mockup for your wordpress automation store or lead system — reply in under ,form fields|AI proposal|Whapi/Twilio|speed reply|CTA,automation_demo,dubai-chiropractors-whatsapp-lead-automation,Searching for “Dubai chiropractors WhatsApp lead automation”? This page breaks down a practical setup for wordpress automation in Dubai — plus how to get a ready system without waiting weeks.,How fast can I launch a wordpress automation solution?,Most turnkey Shopify transfers happen the same day after payment. WordPress lead automation usually goes live within 48–72 hours.,Is this DIY or done-for-you?,"Both paths exist: buy a prebuilt store, or get the same automation wired on your site. Start with a free WhatsApp mockup.",What do I need before we start?,"A WhatsApp number, niche preference, and budget range. Domain and Shopify/WordPress access come after the mockup call."
best automated WordPress setup for Dubai tutors,wordpress automation,Dubai,commercial,Best Automated WordPress Setup For Dubai Tutors,Best Automated WordPress Setup For Dubai Tutors (2026),Practical guide for best automated WordPress setup for Dubai tutors. Get a free AI mockup for your wordpress automation store or lead system — reply in und,Fluent Forms|Make.com|WhatsApp reply|CRM sheet|follow-up sequence,automation_demo,best-automated-wordpress-setup-for-dubai-tutors,Searching for “best automated WordPress setup for Dubai tutors”? This page breaks down a practical setup for wordpress automation in Dubai — plus how to get a ready system without waiting weeks.,How fast can I launch a wordpress automation solution?,Most turnkey Shopify transfers happen the same day after payment. WordPress lead automation usually goes live within 48–72 hours.,Is this DIY or done-for-you?,"Both paths exist: buy a prebuilt store, or get the same automation wired on your site. Start with a free WhatsApp mockup.",What do I need before we start?,"A WhatsApp number, niche preference, and budget range. Domain and Shopify/WordPress access come after the mockup call."
Dubai tutors WhatsApp lead automation,wordpress automation,Dubai,commercial,Dubai Tutors WhatsApp Lead Automation,Dubai Tutors WhatsApp Lead Automation (2026),Practical guide for Dubai tutors WhatsApp lead automation. Get a free AI mockup for your wordpress automation store or lead system — reply in under 60 seco,form fields|AI proposal|Whapi/Twilio|speed reply|CTA,automation_demo,dubai-tutors-whatsapp-lead-automation,Searching for “Dubai tutors WhatsApp lead automation”? This page breaks down a practical setup for wordpress automation in Dubai — plus how to get a ready system without waiting weeks.,How fast can I launch a wordpress automation solution?,Most turnkey Shopify transfers happen the same day after payment. WordPress lead automation usually goes live within 48–72 hours.,Is this DIY or done-for-you?,"Both paths exist: buy a prebuilt store, or get the same automation wired on your site. Start with a free WhatsApp mockup.",What do I need before we start?,"A WhatsApp number, niche preference, and budget range. Domain and Shopify/WordPress access come after the mockup call."
best automated WordPress setup for Dubai clinic managers,wordpress automation,Dubai,commercial,Best Automated WordPress Setup For Dubai Clinic Managers,Best Automated WordPress Setup For Dubai Clinic Managers (2026),Practical guide for best automated WordPress setup for Dubai clinic managers. Get a free AI mockup for your wordpress automation store or lead system — rep,Fluent Forms|Make.com|WhatsApp reply|CRM sheet|follow-up sequence,automation_demo,best-automated-wordpress-setup-for-dubai-clinic-managers,Searching for “best automated WordPress setup for Dubai clinic managers”? This page breaks down a practical setup for wordpress automation in Dubai — plus how to get a ready system without waiting weeks.,How fast can I launch a wordpress automation solution?,Most turnkey Shopify transfers happen the same day after payment. WordPress lead automation usually goes live within 48–72 hours.,Is this DIY or done-for-you?,"Both paths exist: buy a prebuilt store, or get the same automation wired on your site. Start with a free WhatsApp mockup.",What do I need before we start?,"A WhatsApp number, niche preference, and budget range. Domain and Shopify/WordPress access come after the mockup call."
Dubai clinic managers WhatsApp lead automation,wordpress automation,Dubai,commercial,Dubai Clinic Managers WhatsApp Lead Automation,Dubai Clinic Managers WhatsApp Lead Automation (2026),Practical guide for Dubai clinic managers WhatsApp lead automation. Get a free AI mockup for your wordpress automation store or lead system — reply in unde,form fields|AI proposal|Whapi/Twilio|speed reply|CTA,automation_demo,dubai-clinic-managers-whatsapp-lead-automation,Searching for “Dubai clinic managers WhatsApp lead automation”? This page breaks down a practical setup for wordpress automation in Dubai — plus how to get a ready system without waiting weeks.,How fast can I launch a wordpress automation solution?,Most turnkey Shopify transfers happen the same day after payment. WordPress lead automation usually goes live within 48–72 hours.,Is this DIY or done-for-you?,"Both paths exist: buy a prebuilt store, or get the same automation wired on your site. Start with a free WhatsApp mockup.",What do I need before we start?,"A WhatsApp number, niche preference, and budget range. Domain and Shopify/WordPress access come after the mockup call."
best automated WordPress setup for Dubai spa owners,wordpress automation,Dubai,commercial,Best Automated WordPress Setup For Dubai Spa Owners,Best Automated WordPress Setup For Dubai Spa Owners (2026),Practical guide for best automated WordPress setup for Dubai spa owners. Get a free AI mockup for your wordpress automation store or lead system — reply in,Fluent Forms|Make.com|WhatsApp reply|CRM sheet|follow-up sequence,automation_demo,best-automated-wordpress-setup-for-dubai-spa-owners,Searching for “best automated WordPress setup for Dubai spa owners”? This page breaks down a practical setup for wordpress automation in Dubai — plus how to get a ready system without waiting weeks.,How fast can I launch a wordpress automation solution?,Most turnkey Shopify transfers happen the same day after payment. WordPress lead automation usually goes live within 48–72 hours.,Is this DIY or done-for-you?,"Both paths exist: buy a prebuilt store, or get the same automation wired on your site. Start with a free WhatsApp mockup.",What do I need before we start?,"A WhatsApp number, niche preference, and budget range. Domain and Shopify/WordPress access come after the mockup call."
Dubai spa owners WhatsApp lead automation,wordpress automation,Dubai,commercial,Dubai Spa Owners WhatsApp Lead Automation,Dubai Spa Owners WhatsApp Lead Automation (2026),Practical guide for Dubai spa owners WhatsApp lead automation. Get a free AI mockup for your wordpress automation store or lead system — reply in under 60 ,form fields|AI proposal|Whapi/Twilio|speed reply|CTA,automation_demo,dubai-spa-owners-whatsapp-lead-automation,Searching for “Dubai spa owners WhatsApp lead automation”? This page breaks down a practical setup for wordpress automation in Dubai — plus how to get a ready system without waiting weeks.,How fast can I launch a wordpress automation solution?,Most turnkey Shopify transfers happen the same day after payment. WordPress lead automation usually goes live within 48–72 hours.,Is this DIY or done-for-you?,"Both paths exist: buy a prebuilt store, or get the same automation wired on your site. Start with a free WhatsApp mockup.",What do I need before we start?,"A WhatsApp number, niche preference, and budget range. Domain and Shopify/WordPress access come after the mockup call."
best automated WordPress setup for Dubai coaches,wordpress automation,Dubai,commercial,Best Automated WordPress Setup For Dubai Coaches,Best Automated WordPress Setup For Dubai Coaches (2026),Practical guide for best automated WordPress setup for Dubai coaches. Get a free AI mockup for your wordpress automation store or lead system — reply in un,Fluent Forms|Make.com|WhatsApp reply|CRM sheet|follow-up sequence,automation_demo,best-automated-wordpress-setup-for-dubai-coaches,Searching for “best automated WordPress setup for Dubai coaches”? This page breaks down a practical setup for wordpress automation in Dubai — plus how to get a ready system without waiting weeks.,How fast can I launch a wordpress automation solution?,Most turnkey Shopify transfers happen the same day after payment. WordPress lead automation usually goes live within 48–72 hours.,Is this DIY or done-for-you?,"Both paths exist: buy a prebuilt store, or get the same automation wired on your site. Start with a free WhatsApp mockup.",What do I need before we start?,"A WhatsApp number, niche preference, and budget range. Domain and Shopify/WordPress access come after the mockup call."
Dubai coaches WhatsApp lead automation,wordpress automation,Dubai,commercial,Dubai Coaches WhatsApp Lead Automation,Dubai Coaches WhatsApp Lead Automation (2026),Practical guide for Dubai coaches WhatsApp lead automation. Get a free AI mockup for your wordpress automation store or lead system — reply in under 60 sec,form fields|AI proposal|Whapi/Twilio|speed reply|CTA,automation_demo,dubai-coaches-whatsapp-lead-automation,Searching for “Dubai coaches WhatsApp lead automation”? This page breaks down a practical setup for wordpress automation in Dubai — plus how to get a ready system without waiting weeks.,How fast can I launch a wordpress automation solution?,Most turnkey Shopify transfers happen the same day after payment. WordPress lead automation usually goes live within 48–72 hours.,Is this DIY or done-for-you?,"Both paths exist: buy a prebuilt store, or get the same automation wired on your site. Start with a free WhatsApp mockup.",What do I need before we start?,"A WhatsApp number, niche preference, and budget range. Domain and Shopify/WordPress access come after the mockup call."
best automated WordPress setup for Abu Dhabi realtors,wordpress automation,Abu Dhabi,commercial,Best Automated WordPress Setup For Abu Dhabi Realtors,Best Automated WordPress Setup For Abu Dhabi Realtors (2026),Practical guide for best automated WordPress setup for Abu Dhabi realtors. Get a free AI mockup for your wordpress automation store or lead system — reply ,Fluent Forms|Make.com|WhatsApp reply|CRM sheet|follow-up sequence,automation_demo,best-automated-wordpress-setup-for-abu-dhabi-realtors,Searching for “best automated WordPress setup for Abu Dhabi realtors”? This page breaks down a practical setup for wordpress automation in Abu Dhabi — plus how to get a ready system without waiting weeks.,How fast can I launch a wordpress automation solution?,Most turnkey Shopify transfers happen the same day after payment. WordPress lead automation usually goes live within 48–72 hours.,Is this DIY or done-for-you?,"Both paths exist: buy a prebuilt store, or get the same automation wired on your site. Start with a free WhatsApp mockup.",What do I need before we start?,"A WhatsApp number, niche preference, and budget range. Domain and Shopify/WordPress access come after the mockup call."
Abu Dhabi realtors WhatsApp lead automation,wordpress automation,Abu Dhabi,commercial,Abu Dhabi Realtors WhatsApp Lead Automation,Abu Dhabi Realtors WhatsApp Lead Automation (2026),Practical guide for Abu Dhabi realtors WhatsApp lead automation. Get a free AI mockup for your wordpress automation store or lead system — reply in under 6,form fields|AI proposal|Whapi/Twilio|speed reply|CTA,automation_demo,abu-dhabi-realtors-whatsapp-lead-automation,Searching for “Abu Dhabi realtors WhatsApp lead automation”? This page breaks down a practical setup for wordpress automation in Abu Dhabi — plus how to get a ready system without waiting weeks.,How fast can I launch a wordpress automation solution?,Most turnkey Shopify transfers happen the same day after payment. WordPress lead automation usually goes live within 48–72 hours.,Is this DIY or done-for-you?,"Both paths exist: buy a prebuilt store, or get the same automation wired on your site. Start with a free WhatsApp mockup.",What do I need before we start?,"A WhatsApp number, niche preference, and budget range. Domain and Shopify/WordPress access come after the mockup call."
best automated WordPress setup for Abu Dhabi dentists,wordpress automation,Abu Dhabi,commercial,Best Automated WordPress Setup For Abu Dhabi Dentists,Best Automated WordPress Setup For Abu Dhabi Dentists (2026),Practical guide for best automated WordPress setup for Abu Dhabi dentists. Get a free AI mockup for your wordpress automation store or lead system — reply ,Fluent Forms|Make.com|WhatsApp reply|CRM sheet|follow-up sequence,automation_demo,best-automated-wordpress-setup-for-abu-dhabi-dentists,Searching for “best automated WordPress setup for Abu Dhabi dentists”? This page breaks down a practical setup for wordpress automation in Abu Dhabi — plus how to get a ready system without waiting weeks.,How fast can I launch a wordpress automation solution?,Most turnkey Shopify transfers happen the same day after payment. WordPress lead automation usually goes live within 48–72 hours.,Is this DIY or done-for-you?,"Both paths exist: buy a prebuilt store, or get the same automation wired on your site. Start with a free WhatsApp mockup.",What do I need before we start?,"A WhatsApp number, niche preference, and budget range. Domain and Shopify/WordPress access come after the mockup call."
Abu Dhabi dentists WhatsApp lead automation,wordpress automation,Abu Dhabi,commercial,Abu Dhabi Dentists WhatsApp Lead Automation,Abu Dhabi Dentists WhatsApp Lead Automation (2026),Practical guide for Abu Dhabi dentists WhatsApp lead automation. Get a free AI mockup for your wordpress automation store or lead system — reply in under 6,form fields|AI proposal|Whapi/Twilio|speed reply|CTA,automation_demo,abu-dhabi-dentists-whatsapp-lead-automation,Searching for “Abu Dhabi dentists WhatsApp lead automation”? This page breaks down a practical setup for wordpress automation in Abu Dhabi — plus how to get a ready system without waiting weeks.,How fast can I launch a wordpress automation solution?,Most turnkey Shopify transfers happen the same day after payment. WordPress lead automation usually goes live within 48–72 hours.,Is this DIY or done-for-you?,"Both paths exist: buy a prebuilt store, or get the same automation wired on your site. Start with a free WhatsApp mockup.",What do I need before we start?,"A WhatsApp number, niche preference, and budget range. Domain and Shopify/WordPress access come after the mockup call."
best automated WordPress setup for Abu Dhabi gym owners,wordpress automation,Abu Dhabi,commercial,Best Automated WordPress Setup For Abu Dhabi Gym Owners,Best Automated WordPress Setup For Abu Dhabi Gym Owners (2026),Practical guide for best automated WordPress setup for Abu Dhabi gym owners. Get a free AI mockup for your wordpress automation store or lead system — repl,Fluent Forms|Make.com|WhatsApp reply|CRM sheet|follow-up sequence,automation_demo,best-automated-wordpress-setup-for-abu-dhabi-gym-owners,Searching for “best automated WordPress setup for Abu Dhabi gym owners”? This page breaks down a practical setup for wordpress automation in Abu Dhabi — plus how to get a ready system without waiting weeks.,How fast can I launch a wordpress automation solution?,Most turnkey Shopify transfers happen the same day after payment. WordPress lead automation usually goes live within 48–72 hours.,Is this DIY or done-for-you?,"Both paths exist: buy a prebuilt store, or get the same automation wired on your site. Start with a free WhatsApp mockup.",What do I need before we start?,"A WhatsApp number, niche preference, and budget range. Domain and Shopify/WordPress access come after the mockup call."
Abu Dhabi gym owners WhatsApp lead automation,wordpress automation,Abu Dhabi,commercial,Abu Dhabi Gym Owners WhatsApp Lead Automation,Abu Dhabi Gym Owners WhatsApp Lead Automation (2026),Practical guide for Abu Dhabi gym owners WhatsApp lead automation. Get a free AI mockup for your wordpress automation store or lead system — reply in under,form fields|AI proposal|Whapi/Twilio|speed reply|CTA,automation_demo,abu-dhabi-gym-owners-whatsapp-lead-automation,Searching for “Abu Dhabi gym owners WhatsApp lead automation”? This page breaks down a practical setup for wordpress automation in Abu Dhabi — plus how to get a ready system without waiting weeks.,How fast can I launch a wordpress automation solution?,Most turnkey Shopify transfers happen the same day after payment. WordPress lead automation usually goes live within 48–72 hours.,Is this DIY or done-for-you?,"Both paths exist: buy a prebuilt store, or get the same automation wired on your site. Start with a free WhatsApp mockup.",What do I need before we start?,"A WhatsApp number, niche preference, and budget range. Domain and Shopify/WordPress access come after the mockup call."
best automated WordPress setup for Abu Dhabi salon owners,wordpress automation,Abu Dhabi,commercial,Best Automated WordPress Setup For Abu Dhabi Salon Owners,Best Automated WordPress Setup For Abu Dhabi Salon Owners (2026),Practical guide for best automated WordPress setup for Abu Dhabi salon owners. Get a free AI mockup for your wordpress automation store or lead system — re,Fluent Forms|Make.com|WhatsApp reply|CRM sheet|follow-up sequence,automation_demo,best-automated-wordpress-setup-for-abu-dhabi-salon-owners,Searching for “best automated WordPress setup for Abu Dhabi salon owners”? This page breaks down a practical setup for wordpress automation in Abu Dhabi — plus how to get a ready system without waiting weeks.,How fast can I launch a wordpress automation solution?,Most turnkey Shopify transfers happen the same day after payment. WordPress lead automation usually goes live within 48–72 hours.,Is this DIY or done-for-you?,"Both paths exist: buy a prebuilt store, or get the same automation wired on your site. Start with a free WhatsApp mockup.",What do I need before we start?,"A WhatsApp number, niche preference, and budget range. Domain and Shopify/WordPress access come after the mockup call."
Abu Dhabi salon owners WhatsApp lead automation,wordpress automation,Abu Dhabi,commercial,Abu Dhabi Salon Owners WhatsApp Lead Automation,Abu Dhabi Salon Owners WhatsApp Lead Automation (2026),Practical guide for Abu Dhabi salon owners WhatsApp lead automation. Get a free AI mockup for your wordpress automation store or lead system — reply in und,form fields|AI proposal|Whapi/Twilio|speed reply|CTA,automation_demo,abu-dhabi-salon-owners-whatsapp-lead-automation,Searching for “Abu Dhabi salon owners WhatsApp lead automation”? This page breaks down a practical setup for wordpress automation in Abu Dhabi — plus how to get a ready system without waiting weeks.,How fast can I launch a wordpress automation solution?,Most turnkey Shopify transfers happen the same day after payment. WordPress lead automation usually goes live within 48–72 hours.,Is this DIY or done-for-you?,"Both paths exist: buy a prebuilt store, or get the same automation wired on your site. Start with a free WhatsApp mockup.",What do I need before we start?,"A WhatsApp number, niche preference, and budget range. Domain and Shopify/WordPress access come after the mockup call."
best automated WordPress setup for Abu Dhabi restaurant owners,wordpress automation,Abu Dhabi,commercial,Best Automated WordPress Setup For Abu Dhabi Restaurant Owners,Best Automated WordPress Setup For Abu Dhabi Restaurant...,Practical guide for best automated WordPress setup for Abu Dhabi restaurant owners. Get a free AI mockup for your wordpress automation store or lead system,Fluent Forms|Make.com|WhatsApp reply|CRM sheet|follow-up sequence,automation_demo,best-automated-wordpress-setup-for-abu-dhabi-restaurant-owners,Searching for “best automated WordPress setup for Abu Dhabi restaurant owners”? This page breaks down a practical setup for wordpress automation in Abu Dhabi — plus how to get a ready system without waiting weeks.,How fast can I launch a wordpress automation solution?,Most turnkey Shopify transfers happen the same day after payment. WordPress lead automation usually goes live within 48–72 hours.,Is this DIY or done-for-you?,"Both paths exist: buy a prebuilt store, or get the same automation wired on your site. Start with a free WhatsApp mockup.",What do I need before we start?,"A WhatsApp number, niche preference, and budget range. Domain and Shopify/WordPress access come after the mockup call."
Abu Dhabi restaurant owners WhatsApp lead automation,wordpress automation,Abu Dhabi,commercial,Abu Dhabi Restaurant Owners WhatsApp Lead Automation,Abu Dhabi Restaurant Owners WhatsApp Lead Automation (2026),Practical guide for Abu Dhabi restaurant owners WhatsApp lead automation. Get a free AI mockup for your wordpress automation store or lead system — reply i,form fields|AI proposal|Whapi/Twilio|speed reply|CTA,automation_demo,abu-dhabi-restaurant-owners-whatsapp-lead-automation,Searching for “Abu Dhabi restaurant owners WhatsApp lead automation”? This page breaks down a practical setup for wordpress automation in Abu Dhabi — plus how to get a ready system without waiting weeks.,How fast can I launch a wordpress automation solution?,Most turnkey Shopify transfers happen the same day after payment. WordPress lead automation usually goes live within 48–72 hours.,Is this DIY or done-for-you?,"Both paths exist: buy a prebuilt store, or get the same automation wired on your site. Start with a free WhatsApp mockup.",What do I need before we start?,"A WhatsApp number, niche preference, and budget range. Domain and Shopify/WordPress access come after the mockup call."
best automated WordPress setup for Abu Dhabi chiropractors,wordpress automation,Abu Dhabi,commercial,Best Automated WordPress Setup For Abu Dhabi Chiropractors,Best Automated WordPress Setup For Abu Dhabi Chiropractors (2026),Practical guide for best automated WordPress setup for Abu Dhabi chiropractors. Get a free AI mockup for your wordpress automation store or lead system — r,Fluent Forms|Make.com|WhatsApp reply|CRM sheet|follow-up sequence,automation_demo,best-automated-wordpress-setup-for-abu-dhabi-chiropractors,Searching for “best automated WordPress setup for Abu Dhabi chiropractors”? This page breaks down a practical setup for wordpress automation in Abu Dhabi — plus how to get a ready system without waiting weeks.,How fast can I launch a wordpress automation solution?,Most turnkey Shopify transfers happen the same day after payment. WordPress lead automation usually goes live within 48–72 hours.,Is this DIY or done-for-you?,"Both paths exist: buy a prebuilt store, or get the same automation wired on your site. Start with a free WhatsApp mockup.",What do I need before we start?,"A WhatsApp number, niche preference, and budget range. Domain and Shopify/WordPress access come after the mockup call."
Abu Dhabi chiropractors WhatsApp lead automation,wordpress automation,Abu Dhabi,commercial,Abu Dhabi Chiropractors WhatsApp Lead Automation,Abu Dhabi Chiropractors WhatsApp Lead Automation (2026),Practical guide for Abu Dhabi chiropractors WhatsApp lead automation. Get a free AI mockup for your wordpress automation store or lead system — reply in un,form fields|AI proposal|Whapi/Twilio|speed reply|CTA,automation_demo,abu-dhabi-chiropractors-whatsapp-lead-automation,Searching for “Abu Dhabi chiropractors WhatsApp lead automation”? This page breaks down a practical setup for wordpress automation in Abu Dhabi — plus how to get a ready system without waiting weeks.,How fast can I launch a wordpress automation solution?,Most turnkey Shopify transfers happen the same day after payment. WordPress lead automation usually goes live within 48–72 hours.,Is this DIY or done-for-you?,"Both paths exist: buy a prebuilt store, or get the same automation wired on your site. Start with a free WhatsApp mockup.",What do I need before we start?,"A WhatsApp number, niche preference, and budget range. Domain and Shopify/WordPress access come after the mockup call."
best automated WordPress setup for Abu Dhabi tutors,wordpress automation,Abu Dhabi,commercial,Best Automated WordPress Setup For Abu Dhabi Tutors,Best Automated WordPress Setup For Abu Dhabi Tutors (2026),Practical guide for best automated WordPress setup for Abu Dhabi tutors. Get a free AI mockup for your wordpress automation store or lead system — reply in,Fluent Forms|Make.com|WhatsApp reply|CRM sheet|follow-up sequence,automation_demo,best-automated-wordpress-setup-for-abu-dhabi-tutors,Searching for “best automated WordPress setup for Abu Dhabi tutors”? This page breaks down a practical setup for wordpress automation in Abu Dhabi — plus how to get a ready system without waiting weeks.,How fast can I launch a wordpress automation solution?,Most turnkey Shopify transfers happen the same day after payment. WordPress lead automation usually goes live within 48–72 hours.,Is this DIY or done-for-you?,"Both paths exist: buy a prebuilt store, or get the same automation wired on your site. Start with a free WhatsApp mockup.",What do I need before we start?,"A WhatsApp number, niche preference, and budget range. Domain and Shopify/WordPress access come after the mockup call."
Abu Dhabi tutors WhatsApp lead automation,wordpress automation,Abu Dhabi,commercial,Abu Dhabi Tutors WhatsApp Lead Automation,Abu Dhabi Tutors WhatsApp Lead Automation (2026),Practical guide for Abu Dhabi tutors WhatsApp lead automation. Get a free AI mockup for your wordpress automation store or lead system — reply in under 60 ,form fields|AI proposal|Whapi/Twilio|speed reply|CTA,automation_demo,abu-dhabi-tutors-whatsapp-lead-automation,Searching for “Abu Dhabi tutors WhatsApp lead automation”? This page breaks down a practical setup for wordpress automation in Abu Dhabi — plus how to get a ready system without waiting weeks.,How fast can I launch a wordpress automation solution?,Most turnkey Shopify transfers happen the same day after payment. WordPress lead automation usually goes live within 48–72 hours.,Is this DIY or done-for-you?,"Both paths exist: buy a prebuilt store, or get the same automation wired on your site. Start with a free WhatsApp mockup.",What do I need before we start?,"A WhatsApp number, niche preference, and budget range. Domain and Shopify/WordPress access come after the mockup call."
best automated WordPress setup for Abu Dhabi clinic managers,wordpress automation,Abu Dhabi,commercial,Best Automated WordPress Setup For Abu Dhabi Clinic Managers,Best Automated WordPress Setup For Abu Dhabi Clinic Man...,Practical guide for best automated WordPress setup for Abu Dhabi clinic managers. Get a free AI mockup for your wordpress automation store or lead system —,Fluent Forms|Make.com|WhatsApp reply|CRM sheet|follow-up sequence,automation_demo,best-automated-wordpress-setup-for-abu-dhabi-clinic-managers,Searching for “best automated WordPress setup for Abu Dhabi clinic managers”? This page breaks down a practical setup for wordpress automation in Abu Dhabi — plus how to get a ready system without waiting weeks.,How fast can I launch a wordpress automation solution?,Most turnkey Shopify transfers happen the same day after payment. WordPress lead automation usually goes live within 48–72 hours.,Is this DIY or done-for-you?,"Both paths exist: buy a prebuilt store, or get the same automation wired on your site. Start with a free WhatsApp mockup.",What do I need before we start?,"A WhatsApp number, niche preference, and budget range. Domain and Shopify/WordPress access come after the mockup call."
Abu Dhabi clinic managers WhatsApp lead automation,wordpress automation,Abu Dhabi,commercial,Abu Dhabi Clinic Managers WhatsApp Lead Automation,Abu Dhabi Clinic Managers WhatsApp Lead Automation (2026),Practical guide for Abu Dhabi clinic managers WhatsApp lead automation. Get a free AI mockup for your wordpress automation store or lead system — reply in ,form fields|AI proposal|Whapi/Twilio|speed reply|CTA,automation_demo,abu-dhabi-clinic-managers-whatsapp-lead-automation,Searching for “Abu Dhabi clinic managers WhatsApp lead automation”? This page breaks down a practical setup for wordpress automation in Abu Dhabi — plus how to get a ready system without waiting weeks.,How fast can I launch a wordpress automation solution?,Most turnkey Shopify transfers happen the same day after payment. WordPress lead automation usually goes live within 48–72 hours.,Is this DIY or done-for-you?,"Both paths exist: buy a prebuilt store, or get the same automation wired on your site. Start with a free WhatsApp mockup.",What do I need before we start?,"A WhatsApp number, niche preference, and budget range. Domain and Shopify/WordPress access come after the mockup call."
best automated WordPress setup for Abu Dhabi spa owners,wordpress automation,Abu Dhabi,commercial,Best Automated WordPress Setup For Abu Dhabi Spa Owners,Best Automated WordPress Setup For Abu Dhabi Spa Owners (2026),Practical guide for best automated WordPress setup for Abu Dhabi spa owners. Get a free AI mockup for your wordpress automation store or lead system — repl,Fluent Forms|Make.com|WhatsApp reply|CRM sheet|follow-up sequence,automation_demo,best-automated-wordpress-setup-for-abu-dhabi-spa-owners,Searching for “best automated WordPress setup for Abu Dhabi spa owners”? This page breaks down a practical setup for wordpress automation in Abu Dhabi — plus how to get a ready system without waiting weeks.,How fast can I launch a wordpress automation solution?,Most turnkey Shopify transfers happen the same day after payment. WordPress lead automation usually goes live within 48–72 hours.,Is this DIY or done-for-you?,"Both paths exist: buy a prebuilt store, or get the same automation wired on your site. Start with a free WhatsApp mockup.",What do I need before we start?,"A WhatsApp number, niche preference, and budget range. Domain and Shopify/WordPress access come after the mockup call."
Abu Dhabi spa owners WhatsApp lead automation,wordpress automation,Abu Dhabi,commercial,Abu Dhabi Spa Owners WhatsApp Lead Automation,Abu Dhabi Spa Owners WhatsApp Lead Automation (2026),Practical guide for Abu Dhabi spa owners WhatsApp lead automation. Get a free AI mockup for your wordpress automation store or lead system — reply in under,form fields|AI proposal|Whapi/Twilio|speed reply|CTA,automation_demo,abu-dhabi-spa-owners-whatsapp-lead-automation,Searching for “Abu Dhabi spa owners WhatsApp lead automation”? This page breaks down a practical setup for wordpress automation in Abu Dhabi — plus how to get a ready system without waiting weeks.,How fast can I launch a wordpress automation solution?,Most turnkey Shopify transfers happen the same day after payment. WordPress lead automation usually goes live within 48–72 hours.,Is this DIY or done-for-you?,"Both paths exist: buy a prebuilt store, or get the same automation wired on your site. Start with a free WhatsApp mockup.",What do I need before we start?,"A WhatsApp number, niche preference, and budget range. Domain and Shopify/WordPress access come after the mockup call."
best automated WordPress setup for Abu Dhabi coaches,wordpress automation,Abu Dhabi,commercial,Best Automated WordPress Setup For Abu Dhabi Coaches,Best Automated WordPress Setup For Abu Dhabi Coaches (2026),Practical guide for best automated WordPress setup for Abu Dhabi coaches. Get a free AI mockup for your wordpress automation store or lead system — reply i,Fluent Forms|Make.com|WhatsApp reply|CRM sheet|follow-up sequence,automation_demo,best-automated-wordpress-setup-for-abu-dhabi-coaches,Searching for “best automated WordPress setup for Abu Dhabi coaches”? This page breaks down a practical setup for wordpress automation in Abu Dhabi — plus how to get a ready system without waiting weeks.,How fast can I launch a wordpress automation solution?,Most turnkey Shopify transfers happen the same day after payment. WordPress lead automation usually goes live within 48–72 hours.,Is this DIY or done-for-you?,"Both paths exist: buy a prebuilt store, or get the same automation wired on your site. Start with a free WhatsApp mockup.",What do I need before we start?,"A WhatsApp number, niche preference, and budget range. Domain and Shopify/WordPress access come after the mockup call."
Abu Dhabi coaches WhatsApp lead automation,wordpress automation,Abu Dhabi,commercial,Abu Dhabi Coaches WhatsApp Lead Automation,Abu Dhabi Coaches WhatsApp Lead Automation (2026),Practical guide for Abu Dhabi coaches WhatsApp lead automation. Get a free AI mockup for your wordpress automation store or lead system — reply in under 60,form fields|AI proposal|Whapi/Twilio|speed reply|CTA,automation_demo,abu-dhabi-coaches-whatsapp-lead-automation,Searching for “Abu Dhabi coaches WhatsApp lead automation”? This page breaks down a practical setup for wordpress automation in Abu Dhabi — plus how to get a ready system without waiting weeks.,How fast can I launch a wordpress automation solution?,Most turnkey Shopify transfers happen the same day after payment. WordPress lead automation usually goes live within 48–72 hours.,Is this DIY or done-for-you?,"Both paths exist: buy a prebuilt store, or get the same automation wired on your site. Start with a free WhatsApp mockup.",What do I need before we start?,"A WhatsApp number, niche preference, and budget range. Domain and Shopify/WordPress access come after the mockup call."
best automated WordPress setup for Riyadh realtors,wordpress automation,Riyadh,commercial,Best Automated WordPress Setup For Riyadh Realtors,Best Automated WordPress Setup For Riyadh Realtors (2026),Practical guide for best automated WordPress setup for Riyadh realtors. Get a free AI mockup for your wordpress automation store or lead system — reply in ,Fluent Forms|Make.com|WhatsApp reply|CRM sheet|follow-up sequence,automation_demo,best-automated-wordpress-setup-for-riyadh-realtors,Searching for “best automated WordPress setup for Riyadh realtors”? This page breaks down a practical setup for wordpress automation in Riyadh — plus how to get a ready system without waiting weeks.,How fast can I launch a wordpress automation solution?,Most turnkey Shopify transfers happen the same day after payment. WordPress lead automation usually goes live within 48–72 hours.,Is this DIY or done-for-you?,"Both paths exist: buy a prebuilt store, or get the same automation wired on your site. Start with a free WhatsApp mockup.",What do I need before we start?,"A WhatsApp number, niche preference, and budget range. Domain and Shopify/WordPress access come after the mockup call."
Riyadh realtors WhatsApp lead automation,wordpress automation,Riyadh,commercial,Riyadh Realtors WhatsApp Lead Automation,Riyadh Realtors WhatsApp Lead Automation (2026),Practical guide for Riyadh realtors WhatsApp lead automation. Get a free AI mockup for your wordpress automation store or lead system — reply in under 60 s,form fields|AI proposal|Whapi/Twilio|speed reply|CTA,automation_demo,riyadh-realtors-whatsapp-lead-automation,Searching for “Riyadh realtors WhatsApp lead automation”? This page breaks down a practical setup for wordpress automation in Riyadh — plus how to get a ready system without waiting weeks.,How fast can I launch a wordpress automation solution?,Most turnkey Shopify transfers happen the same day after payment. WordPress lead automation usually goes live within 48–72 hours.,Is this DIY or done-for-you?,"Both paths exist: buy a prebuilt store, or get the same automation wired on your site. Start with a free WhatsApp mockup.",What do I need before we start?,"A WhatsApp number, niche preference, and budget range. Domain and Shopify/WordPress access come after the mockup call."
best automated WordPress setup for Riyadh dentists,wordpress automation,Riyadh,commercial,Best Automated WordPress Setup For Riyadh Dentists,Best Automated WordPress Setup For Riyadh Dentists (2026),Practical guide for best automated WordPress setup for Riyadh dentists. Get a free AI mockup for your wordpress automation store or lead system — reply in ,Fluent Forms|Make.com|WhatsApp reply|CRM sheet|follow-up sequence,automation_demo,best-automated-wordpress-setup-for-riyadh-dentists,Searching for “best automated WordPress setup for Riyadh dentists”? This page breaks down a practical setup for wordpress automation in Riyadh — plus how to get a ready system without waiting weeks.,How fast can I launch a wordpress automation solution?,Most turnkey Shopify transfers happen the same day after payment. WordPress lead automation usually goes live within 48–72 hours.,Is this DIY or done-for-you?,"Both paths exist: buy a prebuilt store, or get the same automation wired on your site. Start with a free WhatsApp mockup.",What do I need before we start?,"A WhatsApp number, niche preference, and budget range. Domain and Shopify/WordPress access come after the mockup call."
Riyadh dentists WhatsApp lead automation,wordpress automation,Riyadh,commercial,Riyadh Dentists WhatsApp Lead Automation,Riyadh Dentists WhatsApp Lead Automation (2026),Practical guide for Riyadh dentists WhatsApp lead automation. Get a free AI mockup for your wordpress automation store or lead system — reply in under 60 s,form fields|AI proposal|Whapi/Twilio|speed reply|CTA,automation_demo,riyadh-dentists-whatsapp-lead-automation,Searching for “Riyadh dentists WhatsApp lead automation”? This page breaks down a practical setup for wordpress automation in Riyadh — plus how to get a ready system without waiting weeks.,How fast can I launch a wordpress automation solution?,Most turnkey Shopify transfers happen the same day after payment. WordPress lead automation usually goes live within 48–72 hours.,Is this DIY or done-for-you?,"Both paths exist: buy a prebuilt store, or get the same automation wired on your site. Start with a free WhatsApp mockup.",What do I need before we start?,"A WhatsApp number, niche preference, and budget range. Domain and Shopify/WordPress access come after the mockup call."
best automated WordPress setup for Riyadh gym owners,wordpress automation,Riyadh,commercial,Best Automated WordPress Setup For Riyadh Gym Owners,Best Automated WordPress Setup For Riyadh Gym Owners (2026),Practical guide for best automated WordPress setup for Riyadh gym owners. Get a free AI mockup for your wordpress automation store or lead system — reply i,Fluent Forms|Make.com|WhatsApp reply|CRM sheet|follow-up sequence,automation_demo,best-automated-wordpress-setup-for-riyadh-gym-owners,Searching for “best automated WordPress setup for Riyadh gym owners”? This page breaks down a practical setup for wordpress automation in Riyadh — plus how to get a ready system without waiting weeks.,How fast can I launch a wordpress automation solution?,Most turnkey Shopify transfers happen the same day after payment. WordPress lead automation usually goes live within 48–72 hours.,Is this DIY or done-for-you?,"Both paths exist: buy a prebuilt store, or get the same automation wired on your site. Start with a free WhatsApp mockup.",What do I need before we start?,"A WhatsApp number, niche preference, and budget range. Domain and Shopify/WordPress access come after the mockup call."
Riyadh gym owners WhatsApp lead automation,wordpress automation,Riyadh,commercial,Riyadh Gym Owners WhatsApp Lead Automation,Riyadh Gym Owners WhatsApp Lead Automation (2026),Practical guide for Riyadh gym owners WhatsApp lead automation. Get a free AI mockup for your wordpress automation store or lead system — reply in under 60,form fields|AI proposal|Whapi/Twilio|speed reply|CTA,automation_demo,riyadh-gym-owners-whatsapp-lead-automation,Searching for “Riyadh gym owners WhatsApp lead automation”? This page breaks down a practical setup for wordpress automation in Riyadh — plus how to get a ready system without waiting weeks.,How fast can I launch a wordpress automation solution?,Most turnkey Shopify transfers happen the same day after payment. WordPress lead automation usually goes live within 48–72 hours.,Is this DIY or done-for-you?,"Both paths exist: buy a prebuilt store, or get the same automation wired on your site. Start with a free WhatsApp mockup.",What do I need before we start?,"A WhatsApp number, niche preference, and budget range. Domain and Shopify/WordPress access come after the mockup call."
best automated WordPress setup for Riyadh salon owners,wordpress automation,Riyadh,commercial,Best Automated WordPress Setup For Riyadh Salon Owners,Best Automated WordPress Setup For Riyadh Salon Owners (2026),Practical guide for best automated WordPress setup for Riyadh salon owners. Get a free AI mockup for your wordpress automation store or lead system — reply,Fluent Forms|Make.com|WhatsApp reply|CRM sheet|follow-up sequence,automation_demo,best-automated-wordpress-setup-for-riyadh-salon-owners,Searching for “best automated WordPress setup for Riyadh salon owners”? This page breaks down a practical setup for wordpress automation in Riyadh — plus how to get a ready system without waiting weeks.,How fast can I launch a wordpress automation solution?,Most turnkey Shopify transfers happen the same day after payment. WordPress lead automation usually goes live within 48–72 hours.,Is this DIY or done-for-you?,"Both paths exist: buy a prebuilt store, or get the same automation wired on your site. Start with a free WhatsApp mockup.",What do I need before we start?,"A WhatsApp number, niche preference, and budget range. Domain and Shopify/WordPress access come after the mockup call."
Riyadh salon owners WhatsApp lead automation,wordpress automation,Riyadh,commercial,Riyadh Salon Owners WhatsApp Lead Automation,Riyadh Salon Owners WhatsApp Lead Automation (2026),Practical guide for Riyadh salon owners WhatsApp lead automation. Get a free AI mockup for your wordpress automation store or lead system — reply in under ,form fields|AI proposal|Whapi/Twilio|speed reply|CTA,automation_demo,riyadh-salon-owners-whatsapp-lead-automation,Searching for “Riyadh salon owners WhatsApp lead automation”? This page breaks down a practical setup for wordpress automation in Riyadh — plus how to get a ready system without waiting weeks.,How fast can I launch a wordpress automation solution?,Most turnkey Shopify transfers happen the same day after payment. WordPress lead automation usually goes live within 48–72 hours.,Is this DIY or done-for-you?,"Both paths exist: buy a prebuilt store, or get the same automation wired on your site. Start with a free WhatsApp mockup.",What do I need before we start?,"A WhatsApp number, niche preference, and budget range. Domain and Shopify/WordPress access come after the mockup call."
best automated WordPress setup for Riyadh restaurant owners,wordpress automation,Riyadh,commercial,Best Automated WordPress Setup For Riyadh Restaurant Owners,Best Automated WordPress Setup For Riyadh Restaurant Ow...,Practical guide for best automated WordPress setup for Riyadh restaurant owners. Get a free AI mockup for your wordpress automation store or lead system — ,Fluent Forms|Make.com|WhatsApp reply|CRM sheet|follow-up sequence,automation_demo,best-automated-wordpress-setup-for-riyadh-restaurant-owners,Searching for “best automated WordPress setup for Riyadh restaurant owners”? This page breaks down a practical setup for wordpress automation in Riyadh — plus how to get a ready system without waiting weeks.,How fast can I launch a wordpress automation solution?,Most turnkey Shopify transfers happen the same day after payment. WordPress lead automation usually goes live within 48–72 hours.,Is this DIY or done-for-you?,"Both paths exist: buy a prebuilt store, or get the same automation wired on your site. Start with a free WhatsApp mockup.",What do I need before we start?,"A WhatsApp number, niche preference, and budget range. Domain and Shopify/WordPress access come after the mockup call."
Riyadh restaurant owners WhatsApp lead automation,wordpress automation,Riyadh,commercial,Riyadh Restaurant Owners WhatsApp Lead Automation,Riyadh Restaurant Owners WhatsApp Lead Automation (2026),Practical guide for Riyadh restaurant owners WhatsApp lead automation. Get a free AI mockup for your wordpress automation store or lead system — reply in u,form fields|AI proposal|Whapi/Twilio|speed reply|CTA,automation_demo,riyadh-restaurant-owners-whatsapp-lead-automation,Searching for “Riyadh restaurant owners WhatsApp lead automation”? This page breaks down a practical setup for wordpress automation in Riyadh — plus how to get a ready system without waiting weeks.,How fast can I launch a wordpress automation solution?,Most turnkey Shopify transfers happen the same day after payment. WordPress lead automation usually goes live within 48–72 hours.,Is this DIY or done-for-you?,"Both paths exist: buy a prebuilt store, or get the same automation wired on your site. Start with a free WhatsApp mockup.",What do I need before we start?,"A WhatsApp number, niche preference, and budget range. Domain and Shopify/WordPress access come after the mockup call."
best automated WordPress setup for Riyadh chiropractors,wordpress automation,Riyadh,commercial,Best Automated WordPress Setup For Riyadh Chiropractors,Best Automated WordPress Setup For Riyadh Chiropractors (2026),Practical guide for best automated WordPress setup for Riyadh chiropractors. Get a free AI mockup for your wordpress automation store or lead system — repl,Fluent Forms|Make.com|WhatsApp reply|CRM sheet|follow-up sequence,automation_demo,best-automated-wordpress-setup-for-riyadh-chiropractors,Searching for “best automated WordPress setup for Riyadh chiropractors”? This page breaks down a practical setup for wordpress automation in Riyadh — plus how to get a ready system without waiting weeks.,How fast can I launch a wordpress automation solution?,Most turnkey Shopify transfers happen the same day after payment. WordPress lead automation usually goes live within 48–72 hours.,Is this DIY or done-for-you?,"Both paths exist: buy a prebuilt store, or get the same automation wired on your site. Start with a free WhatsApp mockup.",What do I need before we start?,"A WhatsApp number, niche preference, and budget range. Domain and Shopify/WordPress access come after the mockup call."
Riyadh chiropractors WhatsApp lead automation,wordpress automation,Riyadh,commercial,Riyadh Chiropractors WhatsApp Lead Automation,Riyadh Chiropractors WhatsApp Lead Automation (2026),Practical guide for Riyadh chiropractors WhatsApp lead automation. Get a free AI mockup for your wordpress automation store or lead system — reply in under,form fields|AI proposal|Whapi/Twilio|speed reply|CTA,automation_demo,riyadh-chiropractors-whatsapp-lead-automation,Searching for “Riyadh chiropractors WhatsApp lead automation”? This page breaks down a practical setup for wordpress automation in Riyadh — plus how to get a ready system without waiting weeks.,How fast can I launch a wordpress automation solution?,Most turnkey Shopify transfers happen the same day after payment. WordPress lead automation usually goes live within 48–72 hours.,Is this DIY or done-for-you?,"Both paths exist: buy a prebuilt store, or get the same automation wired on your site. Start with a free WhatsApp mockup.",What do I need before we start?,"A WhatsApp number, niche preference, and budget range. Domain and Shopify/WordPress access come after the mockup call."
best automated WordPress setup for Riyadh tutors,wordpress automation,Riyadh,commercial,Best Automated WordPress Setup For Riyadh Tutors,Best Automated WordPress Setup For Riyadh Tutors (2026),Practical guide for best automated WordPress setup for Riyadh tutors. Get a free AI mockup for your wordpress automation store or lead system — reply in un,Fluent Forms|Make.com|WhatsApp reply|CRM sheet|follow-up sequence,automation_demo,best-automated-wordpress-setup-for-riyadh-tutors,Searching for “best automated WordPress setup for Riyadh tutors”? This page breaks down a practical setup for wordpress automation in Riyadh — plus how to get a ready system without waiting weeks.,How fast can I launch a wordpress automation solution?,Most turnkey Shopify transfers happen the same day after payment. WordPress lead automation usually goes live within 48–72 hours.,Is this DIY or done-for-you?,"Both paths exist: buy a prebuilt store, or get the same automation wired on your site. Start with a free WhatsApp mockup.",What do I need before we start?,"A WhatsApp number, niche preference, and budget range. Domain and Shopify/WordPress access come after the mockup call."
Riyadh tutors WhatsApp lead automation,wordpress automation,Riyadh,commercial,Riyadh Tutors WhatsApp Lead Automation,Riyadh Tutors WhatsApp Lead Automation (2026),Practical guide for Riyadh tutors WhatsApp lead automation. Get a free AI mockup for your wordpress automation store or lead system — reply in under 60 sec,form fields|AI proposal|Whapi/Twilio|speed reply|CTA,automation_demo,riyadh-tutors-whatsapp-lead-automation,Searching for “Riyadh tutors WhatsApp lead automation”? This page breaks down a practical setup for wordpress automation in Riyadh — plus how to get a ready system without waiting weeks.,How fast can I launch a wordpress automation solution?,Most turnkey Shopify transfers happen the same day after payment. WordPress lead automation usually goes live within 48–72 hours.,Is this DIY or done-for-you?,"Both paths exist: buy a prebuilt store, or get the same automation wired on your site. Start with a free WhatsApp mockup.",What do I need before we start?,"A WhatsApp number, niche preference, and budget range. Domain and Shopify/WordPress access come after the mockup call."
best automated WordPress setup for Riyadh clinic managers,wordpress automation,Riyadh,commercial,Best Automated WordPress Setup For Riyadh Clinic Managers,Best Automated WordPress Setup For Riyadh Clinic Managers (2026),Practical guide for best automated WordPress setup for Riyadh clinic managers. Get a free AI mockup for your wordpress automation store or lead system — re,Fluent Forms|Make.com|WhatsApp reply|CRM sheet|follow-up sequence,automation_demo,best-automated-wordpress-setup-for-riyadh-clinic-managers,Searching for “best automated WordPress setup for Riyadh clinic managers”? This page breaks down a practical setup for wordpress automation in Riyadh — plus how to get a ready system without waiting weeks.,How fast can I launch a wordpress automation solution?,Most turnkey Shopify transfers happen the same day after payment. WordPress lead automation usually goes live within 48–72 hours.,Is this DIY or done-for-you?,"Both paths exist: buy a prebuilt store, or get the same automation wired on your site. Start with a free WhatsApp mockup.",What do I need before we start?,"A WhatsApp number, niche preference, and budget range. Domain and Shopify/WordPress access come after the mockup call."
Riyadh clinic managers WhatsApp lead automation,wordpress automation,Riyadh,commercial,Riyadh Clinic Managers WhatsApp Lead Automation,Riyadh Clinic Managers WhatsApp Lead Automation (2026),Practical guide for Riyadh clinic managers WhatsApp lead automation. Get a free AI mockup for your wordpress automation store or lead system — reply in und,form fields|AI proposal|Whapi/Twilio|speed reply|CTA,automation_demo,riyadh-clinic-managers-whatsapp-lead-automation,Searching for “Riyadh clinic managers WhatsApp lead automation”? This page breaks down a practical setup for wordpress automation in Riyadh — plus how to get a ready system without waiting weeks.,How fast can I launch a wordpress automation solution?,Most turnkey Shopify transfers happen the same day after payment. WordPress lead automation usually goes live within 48–72 hours.,Is this DIY or done-for-you?,"Both paths exist: buy a prebuilt store, or get the same automation wired on your site. Start with a free WhatsApp mockup.",What do I need before we start?,"A WhatsApp number, niche preference, and budget range. Domain and Shopify/WordPress access come after the mockup call."
best automated WordPress setup for Riyadh spa owners,wordpress automation,Riyadh,commercial,Best Automated WordPress Setup For Riyadh Spa Owners,Best Automated WordPress Setup For Riyadh Spa Owners (2026),Practical guide for best automated WordPress setup for Riyadh spa owners. Get a free AI mockup for your wordpress automation store or lead system — reply i,Fluent Forms|Make.com|WhatsApp reply|CRM sheet|follow-up sequence,automation_demo,best-automated-wordpress-setup-for-riyadh-spa-owners,Searching for “best automated WordPress setup for Riyadh spa owners”? This page breaks down a practical setup for wordpress automation in Riyadh — plus how to get a ready system without waiting weeks.,How fast can I launch a wordpress automation solution?,Most turnkey Shopify transfers happen the same day after payment. WordPress lead automation usually goes live within 48–72 hours.,Is this DIY or done-for-you?,"Both paths exist: buy a prebuilt store, or get the same automation wired on your site. Start with a free WhatsApp mockup.",What do I need before we start?,"A WhatsApp number, niche preference, and budget range. Domain and Shopify/WordPress access come after the mockup call."
Riyadh spa owners WhatsApp lead automation,wordpress automation,Riyadh,commercial,Riyadh Spa Owners WhatsApp Lead Automation,Riyadh Spa Owners WhatsApp Lead Automation (2026),Practical guide for Riyadh spa owners WhatsApp lead automation. Get a free AI mockup for your wordpress automation store or lead system — reply in under 60,form fields|AI proposal|Whapi/Twilio|speed reply|CTA,automation_demo,riyadh-spa-owners-whatsapp-lead-automation,Searching for “Riyadh spa owners WhatsApp lead automation”? This page breaks down a practical setup for wordpress automation in Riyadh — plus how to get a ready system without waiting weeks.,How fast can I launch a wordpress automation solution?,Most turnkey Shopify transfers happen the same day after payment. WordPress lead automation usually goes live within 48–72 hours.,Is this DIY or done-for-you?,"Both paths exist: buy a prebuilt store, or get the same automation wired on your site. Start with a free WhatsApp mockup.",What do I need before we start?,"A WhatsApp number, niche preference, and budget range. Domain and Shopify/WordPress access come after the mockup call."
best automated WordPress setup for Riyadh coaches,wordpress automation,Riyadh,commercial,Best Automated WordPress Setup For Riyadh Coaches,Best Automated WordPress Setup For Riyadh Coaches (2026),Practical guide for best automated WordPress setup for Riyadh coaches. Get a free AI mockup for your wordpress automation store or lead system — reply in u,Fluent Forms|Make.com|WhatsApp reply|CRM sheet|follow-up sequence,automation_demo,best-automated-wordpress-setup-for-riyadh-coaches,Searching for “best automated WordPress setup for Riyadh coaches”? This page breaks down a practical setup for wordpress automation in Riyadh — plus how to get a ready system without waiting weeks.,How fast can I launch a wordpress automation solution?,Most turnkey Shopify transfers happen the same day after payment. WordPress lead automation usually goes live within 48–72 hours.,Is this DIY or done-for-you?,"Both paths exist: buy a prebuilt store, or get the same automation wired on your site. Start with a free WhatsApp mockup.",What do I need before we start?,"A WhatsApp number, niche preference, and budget range. Domain and Shopify/WordPress access come after the mockup call."
Riyadh coaches WhatsApp lead automation,wordpress automation,Riyadh,commercial,Riyadh Coaches WhatsApp Lead Automation,Riyadh Coaches WhatsApp Lead Automation (2026),Practical guide for Riyadh coaches WhatsApp lead automation. Get a free AI mockup for your wordpress automation store or lead system — reply in under 60 se,form fields|AI proposal|Whapi/Twilio|speed reply|CTA,automation_demo,riyadh-coaches-whatsapp-lead-automation,Searching for “Riyadh coaches WhatsApp lead automation”? This page breaks down a practical setup for wordpress automation in Riyadh — plus how to get a ready system without waiting weeks.,How fast can I launch a wordpress automation solution?,Most turnkey Shopify transfers happen the same day after payment. WordPress lead automation usually goes live within 48–72 hours.,Is this DIY or done-for-you?,"Both paths exist: buy a prebuilt store, or get the same automation wired on your site. Start with a free WhatsApp mockup.",What do I need before we start?,"A WhatsApp number, niche preference, and budget range. Domain and Shopify/WordPress access come after the mockup call."
best automated WordPress setup for Jeddah realtors,wordpress automation,Jeddah,commercial,Best Automated WordPress Setup For Jeddah Realtors,Best Automated WordPress Setup For Jeddah Realtors (2026),Practical guide for best automated WordPress setup for Jeddah realtors. Get a free AI mockup for your wordpress automation store or lead system — reply in ,Fluent Forms|Make.com|WhatsApp reply|CRM sheet|follow-up sequence,automation_demo,best-automated-wordpress-setup-for-jeddah-realtors,Searching for “best automated WordPress setup for Jeddah realtors”? This page breaks down a practical setup for wordpress automation in Jeddah — plus how to get a ready system without waiting weeks.,How fast can I launch a wordpress automation solution?,Most turnkey Shopify transfers happen the same day after payment. WordPress lead automation usually goes live within 48–72 hours.,Is this DIY or done-for-you?,"Both paths exist: buy a prebuilt store, or get the same automation wired on your site. Start with a free WhatsApp mockup.",What do I need before we start?,"A WhatsApp number, niche preference, and budget range. Domain and Shopify/WordPress access come after the mockup call."
Jeddah realtors WhatsApp lead automation,wordpress automation,Jeddah,commercial,Jeddah Realtors WhatsApp Lead Automation,Jeddah Realtors WhatsApp Lead Automation (2026),Practical guide for Jeddah realtors WhatsApp lead automation. Get a free AI mockup for your wordpress automation store or lead system — reply in under 60 s,form fields|AI proposal|Whapi/Twilio|speed reply|CTA,automation_demo,jeddah-realtors-whatsapp-lead-automation,Searching for “Jeddah realtors WhatsApp lead automation”? This page breaks down a practical setup for wordpress automation in Jeddah — plus how to get a ready system without waiting weeks.,How fast can I launch a wordpress automation solution?,Most turnkey Shopify transfers happen the same day after payment. WordPress lead automation usually goes live within 48–72 hours.,Is this DIY or done-for-you?,"Both paths exist: buy a prebuilt store, or get the same automation wired on your site. Start with a free WhatsApp mockup.",What do I need before we start?,"A WhatsApp number, niche preference, and budget range. Domain and Shopify/WordPress access come after the mockup call."
best automated WordPress setup for Jeddah dentists,wordpress automation,Jeddah,commercial,Best Automated WordPress Setup For Jeddah Dentists,Best Automated WordPress Setup For Jeddah Dentists (2026),Practical guide for best automated WordPress setup for Jeddah dentists. Get a free AI mockup for your wordpress automation store or lead system — reply in ,Fluent Forms|Make.com|WhatsApp reply|CRM sheet|follow-up sequence,automation_demo,best-automated-wordpress-setup-for-jeddah-dentists,Searching for “best automated WordPress setup for Jeddah dentists”? This page breaks down a practical setup for wordpress automation in Jeddah — plus how to get a ready system without waiting weeks.,How fast can I launch a wordpress automation solution?,Most turnkey Shopify transfers happen the same day after payment. WordPress lead automation usually goes live within 48–72 hours.,Is this DIY or done-for-you?,"Both paths exist: buy a prebuilt store, or get the same automation wired on your site. Start with a free WhatsApp mockup.",What do I need before we start?,"A WhatsApp number, niche preference, and budget range. Domain and Shopify/WordPress access come after the mockup call."
Jeddah dentists WhatsApp lead automation,wordpress automation,Jeddah,commercial,Jeddah Dentists WhatsApp Lead Automation,Jeddah Dentists WhatsApp Lead Automation (2026),Practical guide for Jeddah dentists WhatsApp lead automation. Get a free AI mockup for your wordpress automation store or lead system — reply in under 60 s,form fields|AI proposal|Whapi/Twilio|speed reply|CTA,automation_demo,jeddah-dentists-whatsapp-lead-automation,Searching for “Jeddah dentists WhatsApp lead automation”? This page breaks down a practical setup for wordpress automation in Jeddah — plus how to get a ready system without waiting weeks.,How fast can I launch a wordpress automation solution?,Most turnkey Shopify transfers happen the same day after payment. WordPress lead automation usually goes live within 48–72 hours.,Is this DIY or done-for-you?,"Both paths exist: buy a prebuilt store, or get the same automation wired on your site. Start with a free WhatsApp mockup.",What do I need before we start?,"A WhatsApp number, niche preference, and budget range. Domain and Shopify/WordPress access come after the mockup call."
best automated WordPress setup for Jeddah gym owners,wordpress automation,Jeddah,commercial,Best Automated WordPress Setup For Jeddah Gym Owners,Best Automated WordPress Setup For Jeddah Gym Owners (2026),Practical guide for best automated WordPress setup for Jeddah gym owners. Get a free AI mockup for your wordpress automation store or lead system — reply i,Fluent Forms|Make.com|WhatsApp reply|CRM sheet|follow-up sequence,automation_demo,best-automated-wordpress-setup-for-jeddah-gym-owners,Searching for “best automated WordPress setup for Jeddah gym owners”? This page breaks down a practical setup for wordpress automation in Jeddah — plus how to get a ready system without waiting weeks.,How fast can I launch a wordpress automation solution?,Most turnkey Shopify transfers happen the same day after payment. WordPress lead automation usually goes live within 48–72 hours.,Is this DIY or done-for-you?,"Both paths exist: buy a prebuilt store, or get the same automation wired on your site. Start with a free WhatsApp mockup.",What do I need before we start?,"A WhatsApp number, niche preference, and budget range. Domain and Shopify/WordPress access come after the mockup call."
Jeddah gym owners WhatsApp lead automation,wordpress automation,Jeddah,commercial,Jeddah Gym Owners WhatsApp Lead Automation,Jeddah Gym Owners WhatsApp Lead Automation (2026),Practical guide for Jeddah gym owners WhatsApp lead automation. Get a free AI mockup for your wordpress automation store or lead system — reply in under 60,form fields|AI proposal|Whapi/Twilio|speed reply|CTA,automation_demo,jeddah-gym-owners-whatsapp-lead-automation,Searching for “Jeddah gym owners WhatsApp lead automation”? This page breaks down a practical setup for wordpress automation in Jeddah — plus how to get a ready system without waiting weeks.,How fast can I launch a wordpress automation solution?,Most turnkey Shopify transfers happen the same day after payment. WordPress lead automation usually goes live within 48–72 hours.,Is this DIY or done-for-you?,"Both paths exist: buy a prebuilt store, or get the same automation wired on your site. Start with a free WhatsApp mockup.",What do I need before we start?,"A WhatsApp number, niche preference, and budget range. Domain and Shopify/WordPress access come after the mockup call."
best automated WordPress setup for Jeddah salon owners,wordpress automation,Jeddah,commercial,Best Automated WordPress Setup For Jeddah Salon Owners,Best Automated WordPress Setup For Jeddah Salon Owners (2026),Practical guide for best automated WordPress setup for Jeddah salon owners. Get a free AI mockup for your wordpress automation store or lead system — reply,Fluent Forms|Make.com|WhatsApp reply|CRM sheet|follow-up sequence,automation_demo,best-automated-wordpress-setup-for-jeddah-salon-owners,Searching for “best automated WordPress setup for Jeddah salon owners”? This page breaks down a practical setup for wordpress automation in Jeddah — plus how to get a ready system without waiting weeks.,How fast can I launch a wordpress automation solution?,Most turnkey Shopify transfers happen the same day after payment. WordPress lead automation usually goes live within 48–72 hours.,Is this DIY or done-for-you?,"Both paths exist: buy a prebuilt store, or get the same automation wired on your site. Start with a free WhatsApp mockup.",What do I need before we start?,"A WhatsApp number, niche preference, and budget range. Domain and Shopify/WordPress access come after the mockup call."
Jeddah salon owners WhatsApp lead automation,wordpress automation,Jeddah,commercial,Jeddah Salon Owners WhatsApp Lead Automation,Jeddah Salon Owners WhatsApp Lead Automation (2026),Practical guide for Jeddah salon owners WhatsApp lead automation. Get a free AI mockup for your wordpress automation store or lead system — reply in under ,form fields|AI proposal|Whapi/Twilio|speed reply|CTA,automation_demo,jeddah-salon-owners-whatsapp-lead-automation,Searching for “Jeddah salon owners WhatsApp lead automation”? This page breaks down a practical setup for wordpress automation in Jeddah — plus how to get a ready system without waiting weeks.,How fast can I launch a wordpress automation solution?,Most turnkey Shopify transfers happen the same day after payment. WordPress lead automation usually goes live within 48–72 hours.,Is this DIY or done-for-you?,"Both paths exist: buy a prebuilt store, or get the same automation wired on your site. Start with a free WhatsApp mockup.",What do I need before we start?,"A WhatsApp number, niche preference, and budget range. Domain and Shopify/WordPress access come after the mockup call."
best automated WordPress setup for Jeddah restaurant owners,wordpress automation,Jeddah,commercial,Best Automated WordPress Setup For Jeddah Restaurant Owners,Best Automated WordPress Setup For Jeddah Restaurant Ow...,Practical guide for best automated WordPress setup for Jeddah restaurant owners. Get a free AI mockup for your wordpress automation store or lead system — ,Fluent Forms|Make.com|WhatsApp reply|CRM sheet|follow-up sequence,automation_demo,best-automated-wordpress-setup-for-jeddah-restaurant-owners,Searching for “best automated WordPress setup for Jeddah restaurant owners”? This page breaks down a practical setup for wordpress automation in Jeddah — plus how to get a ready system without waiting weeks.,How fast can I launch a wordpress automation solution?,Most turnkey Shopify transfers happen the same day after payment. WordPress lead automation usually goes live within 48–72 hours.,Is this DIY or done-for-you?,"Both paths exist: buy a prebuilt store, or get the same automation wired on your site. Start with a free WhatsApp mockup.",What do I need before we start?,"A WhatsApp number, niche preference, and budget range. Domain and Shopify/WordPress access come after the mockup call."
Jeddah restaurant owners WhatsApp lead automation,wordpress automation,Jeddah,commercial,Jeddah Restaurant Owners WhatsApp Lead Automation,Jeddah Restaurant Owners WhatsApp Lead Automation (2026),Practical guide for Jeddah restaurant owners WhatsApp lead automation. Get a free AI mockup for your wordpress automation store or lead system — reply in u,form fields|AI proposal|Whapi/Twilio|speed reply|CTA,automation_demo,jeddah-restaurant-owners-whatsapp-lead-automation,Searching for “Jeddah restaurant owners WhatsApp lead automation”? This page breaks down a practical setup for wordpress automation in Jeddah — plus how to get a ready system without waiting weeks.,How fast can I launch a wordpress automation solution?,Most turnkey Shopify transfers happen the same day after payment. WordPress lead automation usually goes live within 48–72 hours.,Is this DIY or done-for-you?,"Both paths exist: buy a prebuilt store, or get the same automation wired on your site. Start with a free WhatsApp mockup.",What do I need before we start?,"A WhatsApp number, niche preference, and budget range. Domain and Shopify/WordPress access come after the mockup call."
best automated WordPress setup for Jeddah chiropractors,wordpress automation,Jeddah,commercial,Best Automated WordPress Setup For Jeddah Chiropractors,Best Automated WordPress Setup For Jeddah Chiropractors (2026),Practical guide for best automated WordPress setup for Jeddah chiropractors. Get a free AI mockup for your wordpress automation store or lead system — repl,Fluent Forms|Make.com|WhatsApp reply|CRM sheet|follow-up sequence,automation_demo,best-automated-wordpress-setup-for-jeddah-chiropractors,Searching for “best automated WordPress setup for Jeddah chiropractors”? This page breaks down a practical setup for wordpress automation in Jeddah — plus how to get a ready system without waiting weeks.,How fast can I launch a wordpress automation solution?,Most turnkey Shopify transfers happen the same day after payment. WordPress lead automation usually goes live within 48–72 hours.,Is this DIY or done-for-you?,"Both paths exist: buy a prebuilt store, or get the same automation wired on your site. Start with a free WhatsApp mockup.",What do I need before we start?,"A WhatsApp number, niche preference, and budget range. Domain and Shopify/WordPress access come after the mockup call."
Jeddah chiropractors WhatsApp lead automation,wordpress automation,Jeddah,commercial,Jeddah Chiropractors WhatsApp Lead Automation,Jeddah Chiropractors WhatsApp Lead Automation (2026),Practical guide for Jeddah chiropractors WhatsApp lead automation. Get a free AI mockup for your wordpress automation store or lead system — reply in under,form fields|AI proposal|Whapi/Twilio|speed reply|CTA,automation_demo,jeddah-chiropractors-whatsapp-lead-automation,Searching for “Jeddah chiropractors WhatsApp lead automation”? This page breaks down a practical setup for wordpress automation in Jeddah — plus how to get a ready system without waiting weeks.,How fast can I launch a wordpress automation solution?,Most turnkey Shopify transfers happen the same day after payment. WordPress lead automation usually goes live within 48–72 hours.,Is this DIY or done-for-you?,"Both paths exist: buy a prebuilt store, or get the same automation wired on your site. Start with a free WhatsApp mockup.",What do I need before we start?,"A WhatsApp number, niche preference, and budget range. Domain and Shopify/WordPress access come after the mockup call."
best automated WordPress setup for Jeddah tutors,wordpress automation,Jeddah,commercial,Best Automated WordPress Setup For Jeddah Tutors,Best Automated WordPress Setup For Jeddah Tutors (2026),Practical guide for best automated WordPress setup for Jeddah tutors. Get a free AI mockup for your wordpress automation store or lead system — reply in un,Fluent Forms|Make.com|WhatsApp reply|CRM sheet|follow-up sequence,automation_demo,best-automated-wordpress-setup-for-jeddah-tutors,Searching for “best automated WordPress setup for Jeddah tutors”? This page breaks down a practical setup for wordpress automation in Jeddah — plus how to get a ready system without waiting weeks.,How fast can I launch a wordpress automation solution?,Most turnkey Shopify transfers happen the same day after payment. WordPress lead automation usually goes live within 48–72 hours.,Is this DIY or done-for-you?,"Both paths exist: buy a prebuilt store, or get the same automation wired on your site. Start with a free WhatsApp mockup.",What do I need before we start?,"A WhatsApp number, niche preference, and budget range. Domain and Shopify/WordPress access come after the mockup call."
Jeddah tutors WhatsApp lead automation,wordpress automation,Jeddah,commercial,Jeddah Tutors WhatsApp Lead Automation,Jeddah Tutors WhatsApp Lead Automation (2026),Practical guide for Jeddah tutors WhatsApp lead automation. Get a free AI mockup for your wordpress automation store or lead system — reply in under 60 sec,form fields|AI proposal|Whapi/Twilio|speed reply|CTA,automation_demo,jeddah-tutors-whatsapp-lead-automation,Searching for “Jeddah tutors WhatsApp lead automation”? This page breaks down a practical setup for wordpress automation in Jeddah — plus how to get a ready system without waiting weeks.,How fast can I launch a wordpress automation solution?,Most turnkey Shopify transfers happen the same day after payment. WordPress lead automation usually goes live within 48–72 hours.,Is this DIY or done-for-you?,"Both paths exist: buy a prebuilt store, or get the same automation wired on your site. Start with a free WhatsApp mockup.",What do I need before we start?,"A WhatsApp number, niche preference, and budget range. Domain and Shopify/WordPress access come after the mockup call."
best automated WordPress setup for Jeddah clinic managers,wordpress automation,Jeddah,commercial,Best Automated WordPress Setup For Jeddah Clinic Managers,Best Automated WordPress Setup For Jeddah Clinic Managers (2026),Practical guide for best automated WordPress setup for Jeddah clinic managers. Get a free AI mockup for your wordpress automation store or lead system — re,Fluent Forms|Make.com|WhatsApp reply|CRM sheet|follow-up sequence,automation_demo,best-automated-wordpress-setup-for-jeddah-clinic-managers,Searching for “best automated WordPress setup for Jeddah clinic managers”? This page breaks down a practical setup for wordpress automation in Jeddah — plus how to get a ready system without waiting weeks.,How fast can I launch a wordpress automation solution?,Most turnkey Shopify transfers happen the same day after payment. WordPress lead automation usually goes live within 48–72 hours.,Is this DIY or done-for-you?,"Both paths exist: buy a prebuilt store, or get the same automation wired on your site. Start with a free WhatsApp mockup.",What do I need before we start?,"A WhatsApp number, niche preference, and budget range. Domain and Shopify/WordPress access come after the mockup call."
Jeddah clinic managers WhatsApp lead automation,wordpress automation,Jeddah,commercial,Jeddah Clinic Managers WhatsApp Lead Automation,Jeddah Clinic Managers WhatsApp Lead Automation (2026),Practical guide for Jeddah clinic managers WhatsApp lead automation. Get a free AI mockup for your wordpress automation store or lead system — reply in und,form fields|AI proposal|Whapi/Twilio|speed reply|CTA,automation_demo,jeddah-clinic-managers-whatsapp-lead-automation,Searching for “Jeddah clinic managers WhatsApp lead automation”? This page breaks down a practical setup for wordpress automation in Jeddah — plus how to get a ready system without waiting weeks.,How fast can I launch a wordpress automation solution?,Most turnkey Shopify transfers happen the same day after payment. WordPress lead automation usually goes live within 48–72 hours.,Is this DIY or done-for-you?,"Both paths exist: buy a prebuilt store, or get the same automation wired on your site. Start with a free WhatsApp mockup.",What do I need before we start?,"A WhatsApp number, niche preference, and budget range. Domain and Shopify/WordPress access come after the mockup call."
best automated WordPress setup for Jeddah spa owners,wordpress automation,Jeddah,commercial,Best Automated WordPress Setup For Jeddah Spa Owners,Best Automated WordPress Setup For Jeddah Spa Owners (2026),Practical guide for best automated WordPress setup for Jeddah spa owners. Get a free AI mockup for your wordpress automation store or lead system — reply i,Fluent Forms|Make.com|WhatsApp reply|CRM sheet|follow-up sequence,automation_demo,best-automated-wordpress-setup-for-jeddah-spa-owners,Searching for “best automated WordPress setup for Jeddah spa owners”? This page breaks down a practical setup for wordpress automation in Jeddah — plus how to get a ready system without waiting weeks.,How fast can I launch a wordpress automation solution?,Most turnkey Shopify transfers happen the same day after payment. WordPress lead automation usually goes live within 48–72 hours.,Is this DIY or done-for-you?,"Both paths exist: buy a prebuilt store, or get the same automation wired on your site. Start with a free WhatsApp mockup.",What do I need before we start?,"A WhatsApp number, niche preference, and budget range. Domain and Shopify/WordPress access come after the mockup call."
Jeddah spa owners WhatsApp lead automation,wordpress automation,Jeddah,commercial,Jeddah Spa Owners WhatsApp Lead Automation,Jeddah Spa Owners WhatsApp Lead Automation (2026),Practical guide for Jeddah spa owners WhatsApp lead automation. Get a free AI mockup for your wordpress automation store or lead system — reply in under 60,form fields|AI proposal|Whapi/Twilio|speed reply|CTA,automation_demo,jeddah-spa-owners-whatsapp-lead-automation,Searching for “Jeddah spa owners WhatsApp lead automation”? This page breaks down a practical setup for wordpress automation in Jeddah — plus how to get a ready system without waiting weeks.,How fast can I launch a wordpress automation solution?,Most turnkey Shopify transfers happen the same day after payment. WordPress lead automation usually goes live within 48–72 hours.,Is this DIY or done-for-you?,"Both paths exist: buy a prebuilt store, or get the same automation wired on your site. Start with a free WhatsApp mockup.",What do I need before we start?,"A WhatsApp number, niche preference, and budget range. Domain and Shopify/WordPress access come after the mockup call."
best automated WordPress setup for Jeddah coaches,wordpress automation,Jeddah,commercial,Best Automated WordPress Setup For Jeddah Coaches,Best Automated WordPress Setup For Jeddah Coaches (2026),Practical guide for best automated WordPress setup for Jeddah coaches. Get a free AI mockup for your wordpress automation store or lead system — reply in u,Fluent Forms|Make.com|WhatsApp reply|CRM sheet|follow-up sequence,automation_demo,best-automated-wordpress-setup-for-jeddah-coaches,Searching for “best automated WordPress setup for Jeddah coaches”? This page breaks down a practical setup for wordpress automation in Jeddah — plus how to get a ready system without waiting weeks.,How fast can I launch a wordpress automation solution?,Most turnkey Shopify transfers happen the same day after payment. WordPress lead automation usually goes live within 48–72 hours.,Is this DIY or done-for-you?,"Both paths exist: buy a prebuilt store, or get the same automation wired on your site. Start with a free WhatsApp mockup.",What do I need before we start?,"A WhatsApp number, niche preference, and budget range. Domain and Shopify/WordPress access come after the mockup call."
Jeddah coaches WhatsApp lead automation,wordpress automation,Jeddah,commercial,Jeddah Coaches WhatsApp Lead Automation,Jeddah Coaches WhatsApp Lead Automation (2026),Practical guide for Jeddah coaches WhatsApp lead automation. Get a free AI mockup for your wordpress automation store or lead system — reply in under 60 se,form fields|AI proposal|Whapi/Twilio|speed reply|CTA,automation_demo,jeddah-coaches-whatsapp-lead-automation,Searching for “Jeddah coaches WhatsApp lead automation”? This page breaks down a practical setup for wordpress automation in Jeddah — plus how to get a ready system without waiting weeks.,How fast can I launch a wordpress automation solution?,Most turnkey Shopify transfers happen the same day after payment. WordPress lead automation usually goes live within 48–72 hours.,Is this DIY or done-for-you?,"Both paths exist: buy a prebuilt store, or get the same automation wired on your site. Start with a free WhatsApp mockup.",What do I need before we start?,"A WhatsApp number, niche preference, and budget range. Domain and Shopify/WordPress access come after the mockup call."
best automated WordPress setup for Doha realtors,wordpress automation,Doha,commercial,Best Automated WordPress Setup For Doha Realtors,Best Automated WordPress Setup For Doha Realtors (2026),Practical guide for best automated WordPress setup for Doha realtors. Get a free AI mockup for your wordpress automation store or lead system — reply in un,Fluent Forms|Make.com|WhatsApp reply|CRM sheet|follow-up sequence,automation_demo,best-automated-wordpress-setup-for-doha-realtors,Searching for “best automated WordPress setup for Doha realtors”? This page breaks down a practical setup for wordpress automation in Doha — plus how to get a ready system without waiting weeks.,How fast can I launch a wordpress automation solution?,Most turnkey Shopify transfers happen the same day after payment. WordPress lead automation usually goes live within 48–72 hours.,Is this DIY or done-for-you?,"Both paths exist: buy a prebuilt store, or get the same automation wired on your site. Start with a free WhatsApp mockup.",What do I need before we start?,"A WhatsApp number, niche preference, and budget range. Domain and Shopify/WordPress access come after the mockup call."
Doha realtors WhatsApp lead automation,wordpress automation,Doha,commercial,Doha Realtors WhatsApp Lead Automation,Doha Realtors WhatsApp Lead Automation (2026),Practical guide for Doha realtors WhatsApp lead automation. Get a free AI mockup for your wordpress automation store or lead system — reply in under 60 sec,form fields|AI proposal|Whapi/Twilio|speed reply|CTA,automation_demo,doha-realtors-whatsapp-lead-automation,Searching for “Doha realtors WhatsApp lead automation”? This page breaks down a practical setup for wordpress automation in Doha — plus how to get a ready system without waiting weeks.,How fast can I launch a wordpress automation solution?,Most turnkey Shopify transfers happen the same day after payment. WordPress lead automation usually goes live within 48–72 hours.,Is this DIY or done-for-you?,"Both paths exist: buy a prebuilt store, or get the same automation wired on your site. Start with a free WhatsApp mockup.",What do I need before we start?,"A WhatsApp number, niche preference, and budget range. Domain and Shopify/WordPress access come after the mockup call."
best automated WordPress setup for Doha dentists,wordpress automation,Doha,commercial,Best Automated WordPress Setup For Doha Dentists,Best Automated WordPress Setup For Doha Dentists (2026),Practical guide for best automated WordPress setup for Doha dentists. Get a free AI mockup for your wordpress automation store or lead system — reply in un,Fluent Forms|Make.com|WhatsApp reply|CRM sheet|follow-up sequence,automation_demo,best-automated-wordpress-setup-for-doha-dentists,Searching for “best automated WordPress setup for Doha dentists”? This page breaks down a practical setup for wordpress automation in Doha — plus how to get a ready system without waiting weeks.,How fast can I launch a wordpress automation solution?,Most turnkey Shopify transfers happen the same day after payment. WordPress lead automation usually goes live within 48–72 hours.,Is this DIY or done-for-you?,"Both paths exist: buy a prebuilt store, or get the same automation wired on your site. Start with a free WhatsApp mockup.",What do I need before we start?,"A WhatsApp number, niche preference, and budget range. Domain and Shopify/WordPress access come after the mockup call."
Doha dentists WhatsApp lead automation,wordpress automation,Doha,commercial,Doha Dentists WhatsApp Lead Automation,Doha Dentists WhatsApp Lead Automation (2026),Practical guide for Doha dentists WhatsApp lead automation. Get a free AI mockup for your wordpress automation store or lead system — reply in under 60 sec,form fields|AI proposal|Whapi/Twilio|speed reply|CTA,automation_demo,doha-dentists-whatsapp-lead-automation,Searching for “Doha dentists WhatsApp lead automation”? This page breaks down a practical setup for wordpress automation in Doha — plus how to get a ready system without waiting weeks.,How fast can I launch a wordpress automation solution?,Most turnkey Shopify transfers happen the same day after payment. WordPress lead automation usually goes live within 48–72 hours.,Is this DIY or done-for-you?,"Both paths exist: buy a prebuilt store, or get the same automation wired on your site. Start with a free WhatsApp mockup.",What do I need before we start?,"A WhatsApp number, niche preference, and budget range. Domain and Shopify/WordPress access come after the mockup call."
best automated WordPress setup for Doha gym owners,wordpress automation,Doha,commercial,Best Automated WordPress Setup For Doha Gym Owners,Best Automated WordPress Setup For Doha Gym Owners (2026),Practical guide for best automated WordPress setup for Doha gym owners. Get a free AI mockup for your wordpress automation store or lead system — reply in ,Fluent Forms|Make.com|WhatsApp reply|CRM sheet|follow-up sequence,automation_demo,best-automated-wordpress-setup-for-doha-gym-owners,Searching for “best automated WordPress setup for Doha gym owners”? This page breaks down a practical setup for wordpress automation in Doha — plus how to get a ready system without waiting weeks.,How fast can I launch a wordpress automation solution?,Most turnkey Shopify transfers happen the same day after payment. WordPress lead automation usually goes live within 48–72 hours.,Is this DIY or done-for-you?,"Both paths exist: buy a prebuilt store, or get the same automation wired on your site. Start with a free WhatsApp mockup.",What do I need before we start?,"A WhatsApp number, niche preference, and budget range. Domain and Shopify/WordPress access come after the mockup call."
Doha gym owners WhatsApp lead automation,wordpress automation,Doha,commercial,Doha Gym Owners WhatsApp Lead Automation,Doha Gym Owners WhatsApp Lead Automation (2026),Practical guide for Doha gym owners WhatsApp lead automation. Get a free AI mockup for your wordpress automation store or lead system — reply in under 60 s,form fields|AI proposal|Whapi/Twilio|speed reply|CTA,automation_demo,doha-gym-owners-whatsapp-lead-automation,Searching for “Doha gym owners WhatsApp lead automation”? This page breaks down a practical setup for wordpress automation in Doha — plus how to get a ready system without waiting weeks.,How fast can I launch a wordpress automation solution?,Most turnkey Shopify transfers happen the same day after payment. WordPress lead automation usually goes live within 48–72 hours.,Is this DIY or done-for-you?,"Both paths exist: buy a prebuilt store, or get the same automation wired on your site. Start with a free WhatsApp mockup.",What do I need before we start?,"A WhatsApp number, niche preference, and budget range. Domain and Shopify/WordPress access come after the mockup call."
best automated WordPress setup for Doha salon owners,wordpress automation,Doha,commercial,Best Automated WordPress Setup For Doha Salon Owners,Best Automated WordPress Setup For Doha Salon Owners (2026),Practical guide for best automated WordPress setup for Doha salon owners. Get a free AI mockup for your wordpress automation store or lead system — reply i,Fluent Forms|Make.com|WhatsApp reply|CRM sheet|follow-up sequence,automation_demo,best-automated-wordpress-setup-for-doha-salon-owners,Searching for “best automated WordPress setup for Doha salon owners”? This page breaks down a practical setup for wordpress automation in Doha — plus how to get a ready system without waiting weeks.,How fast can I launch a wordpress automation solution?,Most turnkey Shopify transfers happen the same day after payment. WordPress lead automation usually goes live within 48–72 hours.,Is this DIY or done-for-you?,"Both paths exist: buy a prebuilt store, or get the same automation wired on your site. Start with a free WhatsApp mockup.",What do I need before we start?,"A WhatsApp number, niche preference, and budget range. Domain and Shopify/WordPress access come after the mockup call."
Doha salon owners WhatsApp lead automation,wordpress automation,Doha,commercial,Doha Salon Owners WhatsApp Lead Automation,Doha Salon Owners WhatsApp Lead Automation (2026),Practical guide for Doha salon owners WhatsApp lead automation. Get a free AI mockup for your wordpress automation store or lead system — reply in under 60,form fields|AI proposal|Whapi/Twilio|speed reply|CTA,automation_demo,doha-salon-owners-whatsapp-lead-automation,Searching for “Doha salon owners WhatsApp lead automation”? This page breaks down a practical setup for wordpress automation in Doha — plus how to get a ready system without waiting weeks.,How fast can I launch a wordpress automation solution?,Most turnkey Shopify transfers happen the same day after payment. WordPress lead automation usually goes live within 48–72 hours.,Is this DIY or done-for-you?,"Both paths exist: buy a prebuilt store, or get the same automation wired on your site. Start with a free WhatsApp mockup.",What do I need before we start?,"A WhatsApp number, niche preference, and budget range. Domain and Shopify/WordPress access come after the mockup call."
best automated WordPress setup for Doha restaurant owners,wordpress automation,Doha,commercial,Best Automated WordPress Setup For Doha Restaurant Owners,Best Automated WordPress Setup For Doha Restaurant Owners (2026),Practical guide for best automated WordPress setup for Doha restaurant owners. Get a free AI mockup for your wordpress automation store or lead system — re,Fluent Forms|Make.com|WhatsApp reply|CRM sheet|follow-up sequence,automation_demo,best-automated-wordpress-setup-for-doha-restaurant-owners,Searching for “best automated WordPress setup for Doha restaurant owners”? This page breaks down a practical setup for wordpress automation in Doha — plus how to get a ready system without waiting weeks.,How fast can I launch a wordpress automation solution?,Most turnkey Shopify transfers happen the same day after payment. WordPress lead automation usually goes live within 48–72 hours.,Is this DIY or done-for-you?,"Both paths exist: buy a prebuilt store, or get the same automation wired on your site. Start with a free WhatsApp mockup.",What do I need before we start?,"A WhatsApp number, niche preference, and budget range. Domain and Shopify/WordPress access come after the mockup call."
Doha restaurant owners WhatsApp lead automation,wordpress automation,Doha,commercial,Doha Restaurant Owners WhatsApp Lead Automation,Doha Restaurant Owners WhatsApp Lead Automation (2026),Practical guide for Doha restaurant owners WhatsApp lead automation. Get a free AI mockup for your wordpress automation store or lead system — reply in und,form fields|AI proposal|Whapi/Twilio|speed reply|CTA,automation_demo,doha-restaurant-owners-whatsapp-lead-automation,Searching for “Doha restaurant owners WhatsApp lead automation”? This page breaks down a practical setup for wordpress automation in Doha — plus how to get a ready system without waiting weeks.,How fast can I launch a wordpress automation solution?,Most turnkey Shopify transfers happen the same day after payment. WordPress lead automation usually goes live within 48–72 hours.,Is this DIY or done-for-you?,"Both paths exist: buy a prebuilt store, or get the same automation wired on your site. Start with a free WhatsApp mockup.",What do I need before we start?,"A WhatsApp number, niche preference, and budget range. Domain and Shopify/WordPress access come after the mockup call."
best automated WordPress setup for Doha chiropractors,wordpress automation,Doha,commercial,Best Automated WordPress Setup For Doha Chiropractors,Best Automated WordPress Setup For Doha Chiropractors (2026),Practical guide for best automated WordPress setup for Doha chiropractors. Get a free AI mockup for your wordpress automation store or lead system — reply ,Fluent Forms|Make.com|WhatsApp reply|CRM sheet|follow-up sequence,automation_demo,best-automated-wordpress-setup-for-doha-chiropractors,Searching for “best automated WordPress setup for Doha chiropractors”? This page breaks down a practical setup for wordpress automation in Doha — plus how to get a ready system without waiting weeks.,How fast can I launch a wordpress automation solution?,Most turnkey Shopify transfers happen the same day after payment. WordPress lead automation usually goes live within 48–72 hours.,Is this DIY or done-for-you?,"Both paths exist: buy a prebuilt store, or get the same automation wired on your site. Start with a free WhatsApp mockup.",What do I need before we start?,"A WhatsApp number, niche preference, and budget range. Domain and Shopify/WordPress access come after the mockup call."
Doha chiropractors WhatsApp lead automation,wordpress automation,Doha,commercial,Doha Chiropractors WhatsApp Lead Automation,Doha Chiropractors WhatsApp Lead Automation (2026),Practical guide for Doha chiropractors WhatsApp lead automation. Get a free AI mockup for your wordpress automation store or lead system — reply in under 6,form fields|AI proposal|Whapi/Twilio|speed reply|CTA,automation_demo,doha-chiropractors-whatsapp-lead-automation,Searching for “Doha chiropractors WhatsApp lead automation”? This page breaks down a practical setup for wordpress automation in Doha — plus how to get a ready system without waiting weeks.,How fast can I launch a wordpress automation solution?,Most turnkey Shopify transfers happen the same day after payment. WordPress lead automation usually goes live within 48–72 hours.,Is this DIY or done-for-you?,"Both paths exist: buy a prebuilt store, or get the same automation wired on your site. Start with a free WhatsApp mockup.",What do I need before we start?,"A WhatsApp number, niche preference, and budget range. Domain and Shopify/WordPress access come after the mockup call."
best automated WordPress setup for Doha tutors,wordpress automation,Doha,commercial,Best Automated WordPress Setup For Doha Tutors,Best Automated WordPress Setup For Doha Tutors (2026),Practical guide for best automated WordPress setup for Doha tutors. Get a free AI mockup for your wordpress automation store or lead system — reply in unde,Fluent Forms|Make.com|WhatsApp reply|CRM sheet|follow-up sequence,automation_demo,best-automated-wordpress-setup-for-doha-tutors,Searching for “best automated WordPress setup for Doha tutors”? This page breaks down a practical setup for wordpress automation in Doha — plus how to get a ready system without waiting weeks.,How fast can I launch a wordpress automation solution?,Most turnkey Shopify transfers happen the same day after payment. WordPress lead automation usually goes live within 48–72 hours.,Is this DIY or done-for-you?,"Both paths exist: buy a prebuilt store, or get the same automation wired on your site. Start with a free WhatsApp mockup.",What do I need before we start?,"A WhatsApp number, niche preference, and budget range. Domain and Shopify/WordPress access come after the mockup call."
Doha tutors WhatsApp lead automation,wordpress automation,Doha,commercial,Doha Tutors WhatsApp Lead Automation,Doha Tutors WhatsApp Lead Automation (2026),Practical guide for Doha tutors WhatsApp lead automation. Get a free AI mockup for your wordpress automation store or lead system — reply in under 60 secon,form fields|AI proposal|Whapi/Twilio|speed reply|CTA,automation_demo,doha-tutors-whatsapp-lead-automation,Searching for “Doha tutors WhatsApp lead automation”? This page breaks down a practical setup for wordpress automation in Doha — plus how to get a ready system without waiting weeks.,How fast can I launch a wordpress automation solution?,Most turnkey Shopify transfers happen the same day after payment. WordPress lead automation usually goes live within 48–72 hours.,Is this DIY or done-for-you?,"Both paths exist: buy a prebuilt store, or get the same automation wired on your site. Start with a free WhatsApp mockup.",What do I need before we start?,"A WhatsApp number, niche preference, and budget range. Domain and Shopify/WordPress access come after the mockup call."
best automated WordPress setup for Doha clinic managers,wordpress automation,Doha,commercial,Best Automated WordPress Setup For Doha Clinic Managers,Best Automated WordPress Setup For Doha Clinic Managers (2026),Practical guide for best automated WordPress setup for Doha clinic managers. Get a free AI mockup for your wordpress automation store or lead system — repl,Fluent Forms|Make.com|WhatsApp reply|CRM sheet|follow-up sequence,automation_demo,best-automated-wordpress-setup-for-doha-clinic-managers,Searching for “best automated WordPress setup for Doha clinic managers”? This page breaks down a practical setup for wordpress automation in Doha — plus how to get a ready system without waiting weeks.,How fast can I launch a wordpress automation solution?,Most turnkey Shopify transfers happen the same day after payment. WordPress lead automation usually goes live within 48–72 hours.,Is this DIY or done-for-you?,"Both paths exist: buy a prebuilt store, or get the same automation wired on your site. Start with a free WhatsApp mockup.",What do I need before we start?,"A WhatsApp number, niche preference, and budget range. Domain and Shopify/WordPress access come after the mockup call."
Doha clinic managers WhatsApp lead automation,wordpress automation,Doha,commercial,Doha Clinic Managers WhatsApp Lead Automation,Doha Clinic Managers WhatsApp Lead Automation (2026),Practical guide for Doha clinic managers WhatsApp lead automation. Get a free AI mockup for your wordpress automation store or lead system — reply in under,form fields|AI proposal|Whapi/Twilio|speed reply|CTA,automation_demo,doha-clinic-managers-whatsapp-lead-automation,Searching for “Doha clinic managers WhatsApp lead automation”? This page breaks down a practical setup for wordpress automation in Doha — plus how to get a ready system without waiting weeks.,How fast can I launch a wordpress automation solution?,Most turnkey Shopify transfers happen the same day after payment. WordPress lead automation usually goes live within 48–72 hours.,Is this DIY or done-for-you?,"Both paths exist: buy a prebuilt store, or get the same automation wired on your site. Start with a free WhatsApp mockup.",What do I need before we start?,"A WhatsApp number, niche preference, and budget range. Domain and Shopify/WordPress access come after the mockup call."
best automated WordPress setup for Doha spa owners,wordpress automation,Doha,commercial,Best Automated WordPress Setup For Doha Spa Owners,Best Automated WordPress Setup For Doha Spa Owners (2026),Practical guide for best automated WordPress setup for Doha spa owners. Get a free AI mockup for your wordpress automation store or lead system — reply in ,Fluent Forms|Make.com|WhatsApp reply|CRM sheet|follow-up sequence,automation_demo,best-automated-wordpress-setup-for-doha-spa-owners,Searching for “best automated WordPress setup for Doha spa owners”? This page breaks down a practical setup for wordpress automation in Doha — plus how to get a ready system without waiting weeks.,How fast can I launch a wordpress automation solution?,Most turnkey Shopify transfers happen the same day after payment. WordPress lead automation usually goes live within 48–72 hours.,Is this DIY or done-for-you?,"Both paths exist: buy a prebuilt store, or get the same automation wired on your site. Start with a free WhatsApp mockup.",What do I need before we start?,"A WhatsApp number, niche preference, and budget range. Domain and Shopify/WordPress access come after the mockup call."
Doha spa owners WhatsApp lead automation,wordpress automation,Doha,commercial,Doha Spa Owners WhatsApp Lead Automation,Doha Spa Owners WhatsApp Lead Automation (2026),Practical guide for Doha spa owners WhatsApp lead automation. Get a free AI mockup for your wordpress automation store or lead system — reply in under 60 s,form fields|AI proposal|Whapi/Twilio|speed reply|CTA,automation_demo,doha-spa-owners-whatsapp-lead-automation,Searching for “Doha spa owners WhatsApp lead automation”? This page breaks down a practical setup for wordpress automation in Doha — plus how to get a ready system without waiting weeks.,How fast can I launch a wordpress automation solution?,Most turnkey Shopify transfers happen the same day after payment. WordPress lead automation usually goes live within 48–72 hours.,Is this DIY or done-for-you?,"Both paths exist: buy a prebuilt store, or get the same automation wired on your site. Start with a free WhatsApp mockup.",What do I need before we start?,"A WhatsApp number, niche preference, and budget range. Domain and Shopify/WordPress access come after the mockup call."
best automated WordPress setup for Doha coaches,wordpress automation,Doha,commercial,Best Automated WordPress Setup For Doha Coaches,Best Automated WordPress Setup For Doha Coaches (2026),Practical guide for best automated WordPress setup for Doha coaches. Get a free AI mockup for your wordpress automation store or lead system — reply in und,Fluent Forms|Make.com|WhatsApp reply|CRM sheet|follow-up sequence,automation_demo,best-automated-wordpress-setup-for-doha-coaches,Searching for “best automated WordPress setup for Doha coaches”? This page breaks down a practical setup for wordpress automation in Doha — plus how to get a ready system without waiting weeks.,How fast can I launch a wordpress automation solution?,Most turnkey Shopify transfers happen the same day after payment. WordPress lead automation usually goes live within 48–72 hours.,Is this DIY or done-for-you?,"Both paths exist: buy a prebuilt store, or get the same automation wired on your site. Start with a free WhatsApp mockup.",What do I need before we start?,"A WhatsApp number, niche preference, and budget range. Domain and Shopify/WordPress access come after the mockup call."
Doha coaches WhatsApp lead automation,wordpress automation,Doha,commercial,Doha Coaches WhatsApp Lead Automation,Doha Coaches WhatsApp Lead Automation (2026),Practical guide for Doha coaches WhatsApp lead automation. Get a free AI mockup for your wordpress automation store or lead system — reply in under 60 seco,form fields|AI proposal|Whapi/Twilio|speed reply|CTA,automation_demo,doha-coaches-whatsapp-lead-automation,Searching for “Doha coaches WhatsApp lead automation”? This page breaks down a practical setup for wordpress automation in Doha — plus how to get a ready system without waiting weeks.,How fast can I launch a wordpress automation solution?,Most turnkey Shopify transfers happen the same day after payment. WordPress lead automation usually goes live within 48–72 hours.,Is this DIY or done-for-you?,"Both paths exist: buy a prebuilt store, or get the same automation wired on your site. Start with a free WhatsApp mockup.",What do I need before we start?,"A WhatsApp number, niche preference, and budget range. Domain and Shopify/WordPress access come after the mockup call."
best automated WordPress setup for Kuwait City realtors,wordpress automation,Kuwait City,commercial,Best Automated WordPress Setup For Kuwait City Realtors,Best Automated WordPress Setup For Kuwait City Realtors (2026),Practical guide for best automated WordPress setup for Kuwait City realtors. Get a free AI mockup for your wordpress automation store or lead system — repl,Fluent Forms|Make.com|WhatsApp reply|CRM sheet|follow-up sequence,automation_demo,best-automated-wordpress-setup-for-kuwait-city-realtors,Searching for “best automated WordPress setup for Kuwait City realtors”? This page breaks down a practical setup for wordpress automation in Kuwait City — plus how to get a ready system without waiting weeks.,How fast can I launch a wordpress automation solution?,Most turnkey Shopify transfers happen the same day after payment. WordPress lead automation usually goes live within 48–72 hours.,Is this DIY or done-for-you?,"Both paths exist: buy a prebuilt store, or get the same automation wired on your site. Start with a free WhatsApp mockup.",What do I need before we start?,"A WhatsApp number, niche preference, and budget range. Domain and Shopify/WordPress access come after the mockup call."
Kuwait City realtors WhatsApp lead automation,wordpress automation,Kuwait City,commercial,Kuwait City Realtors WhatsApp Lead Automation,Kuwait City Realtors WhatsApp Lead Automation (2026),Practical guide for Kuwait City realtors WhatsApp lead automation. Get a free AI mockup for your wordpress automation store or lead system — reply in under,form fields|AI proposal|Whapi/Twilio|speed reply|CTA,automation_demo,kuwait-city-realtors-whatsapp-lead-automation,Searching for “Kuwait City realtors WhatsApp lead automation”? This page breaks down a practical setup for wordpress automation in Kuwait City — plus how to get a ready system without waiting weeks.,How fast can I launch a wordpress automation solution?,Most turnkey Shopify transfers happen the same day after payment. WordPress lead automation usually goes live within 48–72 hours.,Is this DIY or done-for-you?,"Both paths exist: buy a prebuilt store, or get the same automation wired on your site. Start with a free WhatsApp mockup.",What do I need before we start?,"A WhatsApp number, niche preference, and budget range. Domain and Shopify/WordPress access come after the mockup call."
best automated WordPress setup for Kuwait City dentists,wordpress automation,Kuwait City,commercial,Best Automated WordPress Setup For Kuwait City Dentists,Best Automated WordPress Setup For Kuwait City Dentists (2026),Practical guide for best automated WordPress setup for Kuwait City dentists. Get a free AI mockup for your wordpress automation store or lead system — repl,Fluent Forms|Make.com|WhatsApp reply|CRM sheet|follow-up sequence,automation_demo,best-automated-wordpress-setup-for-kuwait-city-dentists,Searching for “best automated WordPress setup for Kuwait City dentists”? This page breaks down a practical setup for wordpress automation in Kuwait City — plus how to get a ready system without waiting weeks.,How fast can I launch a wordpress automation solution?,Most turnkey Shopify transfers happen the same day after payment. WordPress lead automation usually goes live within 48–72 hours.,Is this DIY or done-for-you?,"Both paths exist: buy a prebuilt store, or get the same automation wired on your site. Start with a free WhatsApp mockup.",What do I need before we start?,"A WhatsApp number, niche preference, and budget range. Domain and Shopify/WordPress access come after the mockup call."
Kuwait City dentists WhatsApp lead automation,wordpress automation,Kuwait City,commercial,Kuwait City Dentists WhatsApp Lead Automation,Kuwait City Dentists WhatsApp Lead Automation (2026),Practical guide for Kuwait City dentists WhatsApp lead automation. Get a free AI mockup for your wordpress automation store or lead system — reply in under,form fields|AI proposal|Whapi/Twilio|speed reply|CTA,automation_demo,kuwait-city-dentists-whatsapp-lead-automation,Searching for “Kuwait City dentists WhatsApp lead automation”? This page breaks down a practical setup for wordpress automation in Kuwait City — plus how to get a ready system without waiting weeks.,How fast can I launch a wordpress automation solution?,Most turnkey Shopify transfers happen the same day after payment. WordPress lead automation usually goes live within 48–72 hours.,Is this DIY or done-for-you?,"Both paths exist: buy a prebuilt store, or get the same automation wired on your site. Start with a free WhatsApp mockup.",What do I need before we start?,"A WhatsApp number, niche preference, and budget range. Domain and Shopify/WordPress access come after the mockup call."
best automated WordPress setup for Kuwait City gym owners,wordpress automation,Kuwait City,commercial,Best Automated WordPress Setup For Kuwait City Gym Owners,Best Automated WordPress Setup For Kuwait City Gym Owners (2026),Practical guide for best automated WordPress setup for Kuwait City gym owners. Get a free AI mockup for your wordpress automation store or lead system — re,Fluent Forms|Make.com|WhatsApp reply|CRM sheet|follow-up sequence,automation_demo,best-automated-wordpress-setup-for-kuwait-city-gym-owners,Searching for “best automated WordPress setup for Kuwait City gym owners”? This page breaks down a practical setup for wordpress automation in Kuwait City — plus how to get a ready system without waiting weeks.,How fast can I launch a wordpress automation solution?,Most turnkey Shopify transfers happen the same day after payment. WordPress lead automation usually goes live within 48–72 hours.,Is this DIY or done-for-you?,"Both paths exist: buy a prebuilt store, or get the same automation wired on your site. Start with a free WhatsApp mockup.",What do I need before we start?,"A WhatsApp number, niche preference, and budget range. Domain and Shopify/WordPress access come after the mockup call."
Kuwait City gym owners WhatsApp lead automation,wordpress automation,Kuwait City,commercial,Kuwait City Gym Owners WhatsApp Lead Automation,Kuwait City Gym Owners WhatsApp Lead Automation (2026),Practical guide for Kuwait City gym owners WhatsApp lead automation. Get a free AI mockup for your wordpress automation store or lead system — reply in und,form fields|AI proposal|Whapi/Twilio|speed reply|CTA,automation_demo,kuwait-city-gym-owners-whatsapp-lead-automation,Searching for “Kuwait City gym owners WhatsApp lead automation”? This page breaks down a practical setup for wordpress automation in Kuwait City — plus how to get a ready system without waiting weeks.,How fast can I launch a wordpress automation solution?,Most turnkey Shopify transfers happen the same day after payment. WordPress lead automation usually goes live within 48–72 hours.,Is this DIY or done-for-you?,"Both paths exist: buy a prebuilt store, or get the same automation wired on your site. Start with a free WhatsApp mockup.",What do I need before we start?,"A WhatsApp number, niche preference, and budget range. Domain and Shopify/WordPress access come after the mockup call."
best automated WordPress setup for Kuwait City salon owners,wordpress automation,Kuwait City,commercial,Best Automated WordPress Setup For Kuwait City Salon Owners,Best Automated WordPress Setup For Kuwait City Salon Ow...,Practical guide for best automated WordPress setup for Kuwait City salon owners. Get a free AI mockup for your wordpress automation store or lead system — ,Fluent Forms|Make.com|WhatsApp reply|CRM sheet|follow-up sequence,automation_demo,best-automated-wordpress-setup-for-kuwait-city-salon-owners,Searching for “best automated WordPress setup for Kuwait City salon owners”? This page breaks down a practical setup for wordpress automation in Kuwait City — plus how to get a ready system without waiting weeks.,How fast can I launch a wordpress automation solution?,Most turnkey Shopify transfers happen the same day after payment. WordPress lead automation usually goes live within 48–72 hours.,Is this DIY or done-for-you?,"Both paths exist: buy a prebuilt store, or get the same automation wired on your site. Start with a free WhatsApp mockup.",What do I need before we start?,"A WhatsApp number, niche preference, and budget range. Domain and Shopify/WordPress access come after the mockup call."
Kuwait City salon owners WhatsApp lead automation,wordpress automation,Kuwait City,commercial,Kuwait City Salon Owners WhatsApp Lead Automation,Kuwait City Salon Owners WhatsApp Lead Automation (2026),Practical guide for Kuwait City salon owners WhatsApp lead automation. Get a free AI mockup for your wordpress automation store or lead system — reply in u,form fields|AI proposal|Whapi/Twilio|speed reply|CTA,automation_demo,kuwait-city-salon-owners-whatsapp-lead-automation,Searching for “Kuwait City salon owners WhatsApp lead automation”? This page breaks down a practical setup for wordpress automation in Kuwait City — plus how to get a ready system without waiting weeks.,How fast can I launch a wordpress automation solution?,Most turnkey Shopify transfers happen the same day after payment. WordPress lead automation usually goes live within 48–72 hours.,Is this DIY or done-for-you?,"Both paths exist: buy a prebuilt store, or get the same automation wired on your site. Start with a free WhatsApp mockup.",What do I need before we start?,"A WhatsApp number, niche preference, and budget range. Domain and Shopify/WordPress access come after the mockup call."
best automated WordPress setup for Kuwait City restaurant owners,wordpress automation,Kuwait City,commercial,Best Automated WordPress Setup For Kuwait City Restaurant Owners,Best Automated WordPress Setup For Kuwait City Restaura...,Practical guide for best automated WordPress setup for Kuwait City restaurant owners. Get a free AI mockup for your wordpress automation store or lead syst,Fluent Forms|Make.com|WhatsApp reply|CRM sheet|follow-up sequence,automation_demo,best-automated-wordpress-setup-for-kuwait-city-restaurant-owners,Searching for “best automated WordPress setup for Kuwait City restaurant owners”? This page breaks down a practical setup for wordpress automation in Kuwait City — plus how to get a ready system without waiting weeks.,How fast can I launch a wordpress automation solution?,Most turnkey Shopify transfers happen the same day after payment. WordPress lead automation usually goes live within 48–72 hours.,Is this DIY or done-for-you?,"Both paths exist: buy a prebuilt store, or get the same automation wired on your site. Start with a free WhatsApp mockup.",What do I need before we start?,"A WhatsApp number, niche preference, and budget range. Domain and Shopify/WordPress access come after the mockup call."
Kuwait City restaurant owners WhatsApp lead automation,wordpress automation,Kuwait City,commercial,Kuwait City Restaurant Owners WhatsApp Lead Automation,Kuwait City Restaurant Owners WhatsApp Lead Automation (2026),Practical guide for Kuwait City restaurant owners WhatsApp lead automation. Get a free AI mockup for your wordpress automation store or lead system — reply,form fields|AI proposal|Whapi/Twilio|speed reply|CTA,automation_demo,kuwait-city-restaurant-owners-whatsapp-lead-automation,Searching for “Kuwait City restaurant owners WhatsApp lead automation”? This page breaks down a practical setup for wordpress automation in Kuwait City — plus how to get a ready system without waiting weeks.,How fast can I launch a wordpress automation solution?,Most turnkey Shopify transfers happen the same day after payment. WordPress lead automation usually goes live within 48–72 hours.,Is this DIY or done-for-you?,"Both paths exist: buy a prebuilt store, or get the same automation wired on your site. Start with a free WhatsApp mockup.",What do I need before we start?,"A WhatsApp number, niche preference, and budget range. Domain and Shopify/WordPress access come after the mockup call."
best automated WordPress setup for Kuwait City chiropractors,wordpress automation,Kuwait City,commercial,Best Automated WordPress Setup For Kuwait City Chiropractors,Best Automated WordPress Setup For Kuwait City Chiropra...,Practical guide for best automated WordPress setup for Kuwait City chiropractors. Get a free AI mockup for your wordpress automation store or lead system —,Fluent Forms|Make.com|WhatsApp reply|CRM sheet|follow-up sequence,automation_demo,best-automated-wordpress-setup-for-kuwait-city-chiropractors,Searching for “best automated WordPress setup for Kuwait City chiropractors”? This page breaks down a practical setup for wordpress automation in Kuwait City — plus how to get a ready system without waiting weeks.,How fast can I launch a wordpress automation solution?,Most turnkey Shopify transfers happen the same day after payment. WordPress lead automation usually goes live within 48–72 hours.,Is this DIY or done-for-you?,"Both paths exist: buy a prebuilt store, or get the same automation wired on your site. Start with a free WhatsApp mockup.",What do I need before we start?,"A WhatsApp number, niche preference, and budget range. Domain and Shopify/WordPress access come after the mockup call."
Kuwait City chiropractors WhatsApp lead automation,wordpress automation,Kuwait City,commercial,Kuwait City Chiropractors WhatsApp Lead Automation,Kuwait City Chiropractors WhatsApp Lead Automation (2026),Practical guide for Kuwait City chiropractors WhatsApp lead automation. Get a free AI mockup for your wordpress automation store or lead system — reply in ,form fields|AI proposal|Whapi/Twilio|speed reply|CTA,automation_demo,kuwait-city-chiropractors-whatsapp-lead-automation,Searching for “Kuwait City chiropractors WhatsApp lead automation”? This page breaks down a practical setup for wordpress automation in Kuwait City — plus how to get a ready system without waiting weeks.,How fast can I launch a wordpress automation solution?,Most turnkey Shopify transfers happen the same day after payment. WordPress lead automation usually goes live within 48–72 hours.,Is this DIY or done-for-you?,"Both paths exist: buy a prebuilt store, or get the same automation wired on your site. Start with a free WhatsApp mockup.",What do I need before we start?,"A WhatsApp number, niche preference, and budget range. Domain and Shopify/WordPress access come after the mockup call."
best automated WordPress setup for Kuwait City tutors,wordpress automation,Kuwait City,commercial,Best Automated WordPress Setup For Kuwait City Tutors,Best Automated WordPress Setup For Kuwait City Tutors (2026),Practical guide for best automated WordPress setup for Kuwait City tutors. Get a free AI mockup for your wordpress automation store or lead system — reply ,Fluent Forms|Make.com|WhatsApp reply|CRM sheet|follow-up sequence,automation_demo,best-automated-wordpress-setup-for-kuwait-city-tutors,Searching for “best automated WordPress setup for Kuwait City tutors”? This page breaks down a practical setup for wordpress automation in Kuwait City — plus how to get a ready system without waiting weeks.,How fast can I launch a wordpress automation solution?,Most turnkey Shopify transfers happen the same day after payment. WordPress lead automation usually goes live within 48–72 hours.,Is this DIY or done-for-you?,"Both paths exist: buy a prebuilt store, or get the same automation wired on your site. Start with a free WhatsApp mockup.",What do I need before we start?,"A WhatsApp number, niche preference, and budget range. Domain and Shopify/WordPress access come after the mockup call."
Kuwait City tutors WhatsApp lead automation,wordpress automation,Kuwait City,commercial,Kuwait City Tutors WhatsApp Lead Automation,Kuwait City Tutors WhatsApp Lead Automation (2026),Practical guide for Kuwait City tutors WhatsApp lead automation. Get a free AI mockup for your wordpress automation store or lead system — reply in under 6,form fields|AI proposal|Whapi/Twilio|speed reply|CTA,automation_demo,kuwait-city-tutors-whatsapp-lead-automation,Searching for “Kuwait City tutors WhatsApp lead automation”? This page breaks down a practical setup for wordpress automation in Kuwait City — plus how to get a ready system without waiting weeks.,How fast can I launch a wordpress automation solution?,Most turnkey Shopify transfers happen the same day after payment. WordPress lead automation usually goes live within 48–72 hours.,Is this DIY or done-for-you?,"Both paths exist: buy a prebuilt store, or get the same automation wired on your site. Start with a free WhatsApp mockup.",What do I need before we start?,"A WhatsApp number, niche preference, and budget range. Domain and Shopify/WordPress access come after the mockup call."
best automated WordPress setup for Kuwait City clinic managers,wordpress automation,Kuwait City,commercial,Best Automated WordPress Setup For Kuwait City Clinic Managers,Best Automated WordPress Setup For Kuwait City Clinic M...,Practical guide for best automated WordPress setup for Kuwait City clinic managers. Get a free AI mockup for your wordpress automation store or lead system,Fluent Forms|Make.com|WhatsApp reply|CRM sheet|follow-up sequence,automation_demo,best-automated-wordpress-setup-for-kuwait-city-clinic-managers,Searching for “best automated WordPress setup for Kuwait City clinic managers”? This page breaks down a practical setup for wordpress automation in Kuwait City — plus how to get a ready system without waiting weeks.,How fast can I launch a wordpress automation solution?,Most turnkey Shopify transfers happen the same day after payment. WordPress lead automation usually goes live within 48–72 hours.,Is this DIY or done-for-you?,"Both paths exist: buy a prebuilt store, or get the same automation wired on your site. Start with a free WhatsApp mockup.",What do I need before we start?,"A WhatsApp number, niche preference, and budget range. Domain and Shopify/WordPress access come after the mockup call."
Kuwait City clinic managers WhatsApp lead automation,wordpress automation,Kuwait City,commercial,Kuwait City Clinic Managers WhatsApp Lead Automation,Kuwait City Clinic Managers WhatsApp Lead Automation (2026),Practical guide for Kuwait City clinic managers WhatsApp lead automation. Get a free AI mockup for your wordpress automation store or lead system — reply i,form fields|AI proposal|Whapi/Twilio|speed reply|CTA,automation_demo,kuwait-city-clinic-managers-whatsapp-lead-automation,Searching for “Kuwait City clinic managers WhatsApp lead automation”? This page breaks down a practical setup for wordpress automation in Kuwait City — plus how to get a ready system without waiting weeks.,How fast can I launch a wordpress automation solution?,Most turnkey Shopify transfers happen the same day after payment. WordPress lead automation usually goes live within 48–72 hours.,Is this DIY or done-for-you?,"Both paths exist: buy a prebuilt store, or get the same automation wired on your site. Start with a free WhatsApp mockup.",What do I need before we start?,"A WhatsApp number, niche preference, and budget range. Domain and Shopify/WordPress access come after the mockup call."
best automated WordPress setup for Kuwait City spa owners,wordpress automation,Kuwait City,commercial,Best Automated WordPress Setup For Kuwait City Spa Owners,Best Automated WordPress Setup For Kuwait City Spa Owners (2026),Practical guide for best automated WordPress setup for Kuwait City spa owners. Get a free AI mockup for your wordpress automation store or lead system — re,Fluent Forms|Make.com|WhatsApp reply|CRM sheet|follow-up sequence,automation_demo,best-automated-wordpress-setup-for-kuwait-city-spa-owners,Searching for “best automated WordPress setup for Kuwait City spa owners”? This page breaks down a practical setup for wordpress automation in Kuwait City — plus how to get a ready system without waiting weeks.,How fast can I launch a wordpress automation solution?,Most turnkey Shopify transfers happen the same day after payment. WordPress lead automation usually goes live within 48–72 hours.,Is this DIY or done-for-you?,"Both paths exist: buy a prebuilt store, or get the same automation wired on your site. Start with a free WhatsApp mockup.",What do I need before we start?,"A WhatsApp number, niche preference, and budget range. Domain and Shopify/WordPress access come after the mockup call."
Kuwait City spa owners WhatsApp lead automation,wordpress automation,Kuwait City,commercial,Kuwait City Spa Owners WhatsApp Lead Automation,Kuwait City Spa Owners WhatsApp Lead Automation (2026),Practical guide for Kuwait City spa owners WhatsApp lead automation. Get a free AI mockup for your wordpress automation store or lead system — reply in und,form fields|AI proposal|Whapi/Twilio|speed reply|CTA,automation_demo,kuwait-city-spa-owners-whatsapp-lead-automation,Searching for “Kuwait City spa owners WhatsApp lead automation”? This page breaks down a practical setup for wordpress automation in Kuwait City — plus how to get a ready system without waiting weeks.,How fast can I launch a wordpress automation solution?,Most turnkey Shopify transfers happen the same day after payment. WordPress lead automation usually goes live within 48–72 hours.,Is this DIY or done-for-you?,"Both paths exist: buy a prebuilt store, or get the same automation wired on your site. Start with a free WhatsApp mockup.",What do I need before we start?,"A WhatsApp number, niche preference, and budget range. Domain and Shopify/WordPress access come after the mockup call."
best automated WordPress setup for Kuwait City coaches,wordpress automation,Kuwait City,commercial,Best Automated WordPress Setup For Kuwait City Coaches,Best Automated WordPress Setup For Kuwait City Coaches (2026),Practical guide for best automated WordPress setup for Kuwait City coaches. Get a free AI mockup for your wordpress automation store or lead system — reply,Fluent Forms|Make.com|WhatsApp reply|CRM sheet|follow-up sequence,automation_demo,best-automated-wordpress-setup-for-kuwait-city-coaches,Searching for “best automated WordPress setup for Kuwait City coaches”? This page breaks down a practical setup for wordpress automation in Kuwait City — plus how to get a ready system without waiting weeks.,How fast can I launch a wordpress automation solution?,Most turnkey Shopify transfers happen the same day after payment. WordPress lead automation usually goes live within 48–72 hours.,Is this DIY or done-for-you?,"Both paths exist: buy a prebuilt store, or get the same automation wired on your site. Start with a free WhatsApp mockup.",What do I need before we start?,"A WhatsApp number, niche preference, and budget range. Domain and Shopify/WordPress access come after the mockup call."
Kuwait City coaches WhatsApp lead automation,wordpress automation,Kuwait City,commercial,Kuwait City Coaches WhatsApp Lead Automation,Kuwait City Coaches WhatsApp Lead Automation (2026),Practical guide for Kuwait City coaches WhatsApp lead automation. Get a free AI mockup for your wordpress automation store or lead system — reply in under ,form fields|AI proposal|Whapi/Twilio|speed reply|CTA,automation_demo,kuwait-city-coaches-whatsapp-lead-automation,Searching for “Kuwait City coaches WhatsApp lead automation”? This page breaks down a practical setup for wordpress automation in Kuwait City — plus how to get a ready system without waiting weeks.,How fast can I launch a wordpress automation solution?,Most turnkey Shopify transfers happen the same day after payment. WordPress lead automation usually goes live within 48–72 hours.,Is this DIY or done-for-you?,"Both paths exist: buy a prebuilt store, or get the same automation wired on your site. Start with a free WhatsApp mockup.",What do I need before we start?,"A WhatsApp number, niche preference, and budget range. Domain and Shopify/WordPress access come after the mockup call."
best automated WordPress setup for Toronto realtors,wordpress automation,Toronto,commercial,Best Automated WordPress Setup For Toronto Realtors,Best Automated WordPress Setup For Toronto Realtors (2026),Practical guide for best automated WordPress setup for Toronto realtors. Get a free AI mockup for your wordpress automation store or lead system — reply in,Fluent Forms|Make.com|WhatsApp reply|CRM sheet|follow-up sequence,automation_demo,best-automated-wordpress-setup-for-toronto-realtors,Searching for “best automated WordPress setup for Toronto realtors”? This page breaks down a practical setup for wordpress automation in Toronto — plus how to get a ready system without waiting weeks.,How fast can I launch a wordpress automation solution?,Most turnkey Shopify transfers happen the same day after payment. WordPress lead automation usually goes live within 48–72 hours.,Is this DIY or done-for-you?,"Both paths exist: buy a prebuilt store, or get the same automation wired on your site. Start with a free WhatsApp mockup.",What do I need before we start?,"A WhatsApp number, niche preference, and budget range. Domain and Shopify/WordPress access come after the mockup call."
Toronto realtors WhatsApp lead automation,wordpress automation,Toronto,commercial,Toronto Realtors WhatsApp Lead Automation,Toronto Realtors WhatsApp Lead Automation (2026),Practical guide for Toronto realtors WhatsApp lead automation. Get a free AI mockup for your wordpress automation store or lead system — reply in under 60 ,form fields|AI proposal|Whapi/Twilio|speed reply|CTA,automation_demo,toronto-realtors-whatsapp-lead-automation,Searching for “Toronto realtors WhatsApp lead automation”? This page breaks down a practical setup for wordpress automation in Toronto — plus how to get a ready system without waiting weeks.,How fast can I launch a wordpress automation solution?,Most turnkey Shopify transfers happen the same day after payment. WordPress lead automation usually goes live within 48–72 hours.,Is this DIY or done-for-you?,"Both paths exist: buy a prebuilt store, or get the same automation wired on your site. Start with a free WhatsApp mockup.",What do I need before we start?,"A WhatsApp number, niche preference, and budget range. Domain and Shopify/WordPress access come after the mockup call."
best automated WordPress setup for Toronto dentists,wordpress automation,Toronto,commercial,Best Automated WordPress Setup For Toronto Dentists,Best Automated WordPress Setup For Toronto Dentists (2026),Practical guide for best automated WordPress setup for Toronto dentists. Get a free AI mockup for your wordpress automation store or lead system — reply in,Fluent Forms|Make.com|WhatsApp reply|CRM sheet|follow-up sequence,automation_demo,best-automated-wordpress-setup-for-toronto-dentists,Searching for “best automated WordPress setup for Toronto dentists”? This page breaks down a practical setup for wordpress automation in Toronto — plus how to get a ready system without waiting weeks.,How fast can I launch a wordpress automation solution?,Most turnkey Shopify transfers happen the same day after payment. WordPress lead automation usually goes live within 48–72 hours.,Is this DIY or done-for-you?,"Both paths exist: buy a prebuilt store, or get the same automation wired on your site. Start with a free WhatsApp mockup.",What do I need before we start?,"A WhatsApp number, niche preference, and budget range. Domain and Shopify/WordPress access come after the mockup call."
Toronto dentists WhatsApp lead automation,wordpress automation,Toronto,commercial,Toronto Dentists WhatsApp Lead Automation,Toronto Dentists WhatsApp Lead Automation (2026),Practical guide for Toronto dentists WhatsApp lead automation. Get a free AI mockup for your wordpress automation store or lead system — reply in under 60 ,form fields|AI proposal|Whapi/Twilio|speed reply|CTA,automation_demo,toronto-dentists-whatsapp-lead-automation,Searching for “Toronto dentists WhatsApp lead automation”? This page breaks down a practical setup for wordpress automation in Toronto — plus how to get a ready system without waiting weeks.,How fast can I launch a wordpress automation solution?,Most turnkey Shopify transfers happen the same day after payment. WordPress lead automation usually goes live within 48–72 hours.,Is this DIY or done-for-you?,"Both paths exist: buy a prebuilt store, or get the same automation wired on your site. Start with a free WhatsApp mockup.",What do I need before we start?,"A WhatsApp number, niche preference, and budget range. Domain and Shopify/WordPress access come after the mockup call."
best automated WordPress setup for Toronto gym owners,wordpress automation,Toronto,commercial,Best Automated WordPress Setup For Toronto Gym Owners,Best Automated WordPress Setup For Toronto Gym Owners (2026),Practical guide for best automated WordPress setup for Toronto gym owners. Get a free AI mockup for your wordpress automation store or lead system — reply ,Fluent Forms|Make.com|WhatsApp reply|CRM sheet|follow-up sequence,automation_demo,best-automated-wordpress-setup-for-toronto-gym-owners,Searching for “best automated WordPress setup for Toronto gym owners”? This page breaks down a practical setup for wordpress automation in Toronto — plus how to get a ready system without waiting weeks.,How fast can I launch a wordpress automation solution?,Most turnkey Shopify transfers happen the same day after payment. WordPress lead automation usually goes live within 48–72 hours.,Is this DIY or done-for-you?,"Both paths exist: buy a prebuilt store, or get the same automation wired on your site. Start with a free WhatsApp mockup.",What do I need before we start?,"A WhatsApp number, niche preference, and budget range. Domain and Shopify/WordPress access come after the mockup call."
Toronto gym owners WhatsApp lead automation,wordpress automation,Toronto,commercial,Toronto Gym Owners WhatsApp Lead Automation,Toronto Gym Owners WhatsApp Lead Automation (2026),Practical guide for Toronto gym owners WhatsApp lead automation. Get a free AI mockup for your wordpress automation store or lead system — reply in under 6,form fields|AI proposal|Whapi/Twilio|speed reply|CTA,automation_demo,toronto-gym-owners-whatsapp-lead-automation,Searching for “Toronto gym owners WhatsApp lead automation”? This page breaks down a practical setup for wordpress automation in Toronto — plus how to get a ready system without waiting weeks.,How fast can I launch a wordpress automation solution?,Most turnkey Shopify transfers happen the same day after payment. WordPress lead automation usually goes live within 48–72 hours.,Is this DIY or done-for-you?,"Both paths exist: buy a prebuilt store, or get the same automation wired on your site. Start with a free WhatsApp mockup.",What do I need before we start?,"A WhatsApp number, niche preference, and budget range. Domain and Shopify/WordPress access come after the mockup call."
best automated WordPress setup for Toronto salon owners,wordpress automation,Toronto,commercial,Best Automated WordPress Setup For Toronto Salon Owners,Best Automated WordPress Setup For Toronto Salon Owners (2026),Practical guide for best automated WordPress setup for Toronto salon owners. Get a free AI mockup for your wordpress automation store or lead system — repl,Fluent Forms|Make.com|WhatsApp reply|CRM sheet|follow-up sequence,automation_demo,best-automated-wordpress-setup-for-toronto-salon-owners,Searching for “best automated WordPress setup for Toronto salon owners”? This page breaks down a practical setup for wordpress automation in Toronto — plus how to get a ready system without waiting weeks.,How fast can I launch a wordpress automation solution?,Most turnkey Shopify transfers happen the same day after payment. WordPress lead automation usually goes live within 48–72 hours.,Is this DIY or done-for-you?,"Both paths exist: buy a prebuilt store, or get the same automation wired on your site. Start with a free WhatsApp mockup.",What do I need before we start?,"A WhatsApp number, niche preference, and budget range. Domain and Shopify/WordPress access come after the mockup call."
Toronto salon owners WhatsApp lead automation,wordpress automation,Toronto,commercial,Toronto Salon Owners WhatsApp Lead Automation,Toronto Salon Owners WhatsApp Lead Automation (2026),Practical guide for Toronto salon owners WhatsApp lead automation. Get a free AI mockup for your wordpress automation store or lead system — reply in under,form fields|AI proposal|Whapi/Twilio|speed reply|CTA,automation_demo,toronto-salon-owners-whatsapp-lead-automation,Searching for “Toronto salon owners WhatsApp lead automation”? This page breaks down a practical setup for wordpress automation in Toronto — plus how to get a ready system without waiting weeks.,How fast can I launch a wordpress automation solution?,Most turnkey Shopify transfers happen the same day after payment. WordPress lead automation usually goes live within 48–72 hours.,Is this DIY or done-for-you?,"Both paths exist: buy a prebuilt store, or get the same automation wired on your site. Start with a free WhatsApp mockup.",What do I need before we start?,"A WhatsApp number, niche preference, and budget range. Domain and Shopify/WordPress access come after the mockup call."
best automated WordPress setup for Toronto restaurant owners,wordpress automation,Toronto,commercial,Best Automated WordPress Setup For Toronto Restaurant Owners,Best Automated WordPress Setup For Toronto Restaurant O...,Practical guide for best automated WordPress setup for Toronto restaurant owners. Get a free AI mockup for your wordpress automation store or lead system —,Fluent Forms|Make.com|WhatsApp reply|CRM sheet|follow-up sequence,automation_demo,best-automated-wordpress-setup-for-toronto-restaurant-owners,Searching for “best automated WordPress setup for Toronto restaurant owners”? This page breaks down a practical setup for wordpress automation in Toronto — plus how to get a ready system without waiting weeks.,How fast can I launch a wordpress automation solution?,Most turnkey Shopify transfers happen the same day after payment. WordPress lead automation usually goes live within 48–72 hours.,Is this DIY or done-for-you?,"Both paths exist: buy a prebuilt store, or get the same automation wired on your site. Start with a free WhatsApp mockup.",What do I need before we start?,"A WhatsApp number, niche preference, and budget range. Domain and Shopify/WordPress access come after the mockup call."
Toronto restaurant owners WhatsApp lead automation,wordpress automation,Toronto,commercial,Toronto Restaurant Owners WhatsApp Lead Automation,Toronto Restaurant Owners WhatsApp Lead Automation (2026),Practical guide for Toronto restaurant owners WhatsApp lead automation. Get a free AI mockup for your wordpress automation store or lead system — reply in ,form fields|AI proposal|Whapi/Twilio|speed reply|CTA,automation_demo,toronto-restaurant-owners-whatsapp-lead-automation,Searching for “Toronto restaurant owners WhatsApp lead automation”? This page breaks down a practical setup for wordpress automation in Toronto — plus how to get a ready system without waiting weeks.,How fast can I launch a wordpress automation solution?,Most turnkey Shopify transfers happen the same day after payment. WordPress lead automation usually goes live within 48–72 hours.,Is this DIY or done-for-you?,"Both paths exist: buy a prebuilt store, or get the same automation wired on your site. Start with a free WhatsApp mockup.",What do I need before we start?,"A WhatsApp number, niche preference, and budget range. Domain and Shopify/WordPress access come after the mockup call."
best automated WordPress setup for Toronto chiropractors,wordpress automation,Toronto,commercial,Best Automated WordPress Setup For Toronto Chiropractors,Best Automated WordPress Setup For Toronto Chiropractors (2026),Practical guide for best automated WordPress setup for Toronto chiropractors. Get a free AI mockup for your wordpress automation store or lead system — rep,Fluent Forms|Make.com|WhatsApp reply|CRM sheet|follow-up sequence,automation_demo,best-automated-wordpress-setup-for-toronto-chiropractors,Searching for “best automated WordPress setup for Toronto chiropractors”? This page breaks down a practical setup for wordpress automation in Toronto — plus how to get a ready system without waiting weeks.,How fast can I launch a wordpress automation solution?,Most turnkey Shopify transfers happen the same day after payment. WordPress lead automation usually goes live within 48–72 hours.,Is this DIY or done-for-you?,"Both paths exist: buy a prebuilt store, or get the same automation wired on your site. Start with a free WhatsApp mockup.",What do I need before we start?,"A WhatsApp number, niche preference, and budget range. Domain and Shopify/WordPress access come after the mockup call."
Toronto chiropractors WhatsApp lead automation,wordpress automation,Toronto,commercial,Toronto Chiropractors WhatsApp Lead Automation,Toronto Chiropractors WhatsApp Lead Automation (2026),Practical guide for Toronto chiropractors WhatsApp lead automation. Get a free AI mockup for your wordpress automation store or lead system — reply in unde,form fields|AI proposal|Whapi/Twilio|speed reply|CTA,automation_demo,toronto-chiropractors-whatsapp-lead-automation,Searching for “Toronto chiropractors WhatsApp lead automation”? This page breaks down a practical setup for wordpress automation in Toronto — plus how to get a ready system without waiting weeks.,How fast can I launch a wordpress automation solution?,Most turnkey Shopify transfers happen the same day after payment. WordPress lead automation usually goes live within 48–72 hours.,Is this DIY or done-for-you?,"Both paths exist: buy a prebuilt store, or get the same automation wired on your site. Start with a free WhatsApp mockup.",What do I need before we start?,"A WhatsApp number, niche preference, and budget range. Domain and Shopify/WordPress access come after the mockup call."
best automated WordPress setup for Toronto tutors,wordpress automation,Toronto,commercial,Best Automated WordPress Setup For Toronto Tutors,Best Automated WordPress Setup For Toronto Tutors (2026),Practical guide for best automated WordPress setup for Toronto tutors. Get a free AI mockup for your wordpress automation store or lead system — reply in u,Fluent Forms|Make.com|WhatsApp reply|CRM sheet|follow-up sequence,automation_demo,best-automated-wordpress-setup-for-toronto-tutors,Searching for “best automated WordPress setup for Toronto tutors”? This page breaks down a practical setup for wordpress automation in Toronto — plus how to get a ready system without waiting weeks.,How fast can I launch a wordpress automation solution?,Most turnkey Shopify transfers happen the same day after payment. WordPress lead automation usually goes live within 48–72 hours.,Is this DIY or done-for-you?,"Both paths exist: buy a prebuilt store, or get the same automation wired on your site. Start with a free WhatsApp mockup.",What do I need before we start?,"A WhatsApp number, niche preference, and budget range. Domain and Shopify/WordPress access come after the mockup call."
Toronto tutors WhatsApp lead automation,wordpress automation,Toronto,commercial,Toronto Tutors WhatsApp Lead Automation,Toronto Tutors WhatsApp Lead Automation (2026),Practical guide for Toronto tutors WhatsApp lead automation. Get a free AI mockup for your wordpress automation store or lead system — reply in under 60 se,form fields|AI proposal|Whapi/Twilio|speed reply|CTA,automation_demo,toronto-tutors-whatsapp-lead-automation,Searching for “Toronto tutors WhatsApp lead automation”? This page breaks down a practical setup for wordpress automation in Toronto — plus how to get a ready system without waiting weeks.,How fast can I launch a wordpress automation solution?,Most turnkey Shopify transfers happen the same day after payment. WordPress lead automation usually goes live within 48–72 hours.,Is this DIY or done-for-you?,"Both paths exist: buy a prebuilt store, or get the same automation wired on your site. Start with a free WhatsApp mockup.",What do I need before we start?,"A WhatsApp number, niche preference, and budget range. Domain and Shopify/WordPress access come after the mockup call."
best automated WordPress setup for Toronto clinic managers,wordpress automation,Toronto,commercial,Best Automated WordPress Setup For Toronto Clinic Managers,Best Automated WordPress Setup For Toronto Clinic Managers (2026),Practical guide for best automated WordPress setup for Toronto clinic managers. Get a free AI mockup for your wordpress automation store or lead system — r,Fluent Forms|Make.com|WhatsApp reply|CRM sheet|follow-up sequence,automation_demo,best-automated-wordpress-setup-for-toronto-clinic-managers,Searching for “best automated WordPress setup for Toronto clinic managers”? This page breaks down a practical setup for wordpress automation in Toronto — plus how to get a ready system without waiting weeks.,How fast can I launch a wordpress automation solution?,Most turnkey Shopify transfers happen the same day after payment. WordPress lead automation usually goes live within 48–72 hours.,Is this DIY or done-for-you?,"Both paths exist: buy a prebuilt store, or get the same automation wired on your site. Start with a free WhatsApp mockup.",What do I need before we start?,"A WhatsApp number, niche preference, and budget range. Domain and Shopify/WordPress access come after the mockup call."
Toronto clinic managers WhatsApp lead automation,wordpress automation,Toronto,commercial,Toronto Clinic Managers WhatsApp Lead Automation,Toronto Clinic Managers WhatsApp Lead Automation (2026),Practical guide for Toronto clinic managers WhatsApp lead automation. Get a free AI mockup for your wordpress automation store or lead system — reply in un,form fields|AI proposal|Whapi/Twilio|speed reply|CTA,automation_demo,toronto-clinic-managers-whatsapp-lead-automation,Searching for “Toronto clinic managers WhatsApp lead automation”? This page breaks down a practical setup for wordpress automation in Toronto — plus how to get a ready system without waiting weeks.,How fast can I launch a wordpress automation solution?,Most turnkey Shopify transfers happen the same day after payment. WordPress lead automation usually goes live within 48–72 hours.,Is this DIY or done-for-you?,"Both paths exist: buy a prebuilt store, or get the same automation wired on your site. Start with a free WhatsApp mockup.",What do I need before we start?,"A WhatsApp number, niche preference, and budget range. Domain and Shopify/WordPress access come after the mockup call."
best automated WordPress setup for Toronto spa owners,wordpress automation,Toronto,commercial,Best Automated WordPress Setup For Toronto Spa Owners,Best Automated WordPress Setup For Toronto Spa Owners (2026),Practical guide for best automated WordPress setup for Toronto spa owners. Get a free AI mockup for your wordpress automation store or lead system — reply ,Fluent Forms|Make.com|WhatsApp reply|CRM sheet|follow-up sequence,automation_demo,best-automated-wordpress-setup-for-toronto-spa-owners,Searching for “best automated WordPress setup for Toronto spa owners”? This page breaks down a practical setup for wordpress automation in Toronto — plus how to get a ready system without waiting weeks.,How fast can I launch a wordpress automation solution?,Most turnkey Shopify transfers happen the same day after payment. WordPress lead automation usually goes live within 48–72 hours.,Is this DIY or done-for-you?,"Both paths exist: buy a prebuilt store, or get the same automation wired on your site. Start with a free WhatsApp mockup.",What do I need before we start?,"A WhatsApp number, niche preference, and budget range. Domain and Shopify/WordPress access come after the mockup call."
Toronto spa owners WhatsApp lead automation,wordpress automation,Toronto,commercial,Toronto Spa Owners WhatsApp Lead Automation,Toronto Spa Owners WhatsApp Lead Automation (2026),Practical guide for Toronto spa owners WhatsApp lead automation. Get a free AI mockup for your wordpress automation store or lead system — reply in under 6,form fields|AI proposal|Whapi/Twilio|speed reply|CTA,automation_demo,toronto-spa-owners-whatsapp-lead-automation,Searching for “Toronto spa owners WhatsApp lead automation”? This page breaks down a practical setup for wordpress automation in Toronto — plus how to get a ready system without waiting weeks.,How fast can I launch a wordpress automation solution?,Most turnkey Shopify transfers happen the same day after payment. WordPress lead automation usually goes live within 48–72 hours.,Is this DIY or done-for-you?,"Both paths exist: buy a prebuilt store, or get the same automation wired on your site. Start with a free WhatsApp mockup.",What do I need before we start?,"A WhatsApp number, niche preference, and budget range. Domain and Shopify/WordPress access come after the mockup call."
best automated WordPress setup for Toronto coaches,wordpress automation,Toronto,commercial,Best Automated WordPress Setup For Toronto Coaches,Best Automated WordPress Setup For Toronto Coaches (2026),Practical guide for best automated WordPress setup for Toronto coaches. Get a free AI mockup for your wordpress automation store or lead system — reply in ,Fluent Forms|Make.com|WhatsApp reply|CRM sheet|follow-up sequence,automation_demo,best-automated-wordpress-setup-for-toronto-coaches,Searching for “best automated WordPress setup for Toronto coaches”? This page breaks down a practical setup for wordpress automation in Toronto — plus how to get a ready system without waiting weeks.,How fast can I launch a wordpress automation solution?,Most turnkey Shopify transfers happen the same day after payment. WordPress lead automation usually goes live within 48–72 hours.,Is this DIY or done-for-you?,"Both paths exist: buy a prebuilt store, or get the same automation wired on your site. Start with a free WhatsApp mockup.",What do I need before we start?,"A WhatsApp number, niche preference, and budget range. Domain and Shopify/WordPress access come after the mockup call."
Toronto coaches WhatsApp lead automation,wordpress automation,Toronto,commercial,Toronto Coaches WhatsApp Lead Automation,Toronto Coaches WhatsApp Lead Automation (2026),Practical guide for Toronto coaches WhatsApp lead automation. Get a free AI mockup for your wordpress automation store or lead system — reply in under 60 s,form fields|AI proposal|Whapi/Twilio|speed reply|CTA,automation_demo,toronto-coaches-whatsapp-lead-automation,Searching for “Toronto coaches WhatsApp lead automation”? This page breaks down a practical setup for wordpress automation in Toronto — plus how to get a ready system without waiting weeks.,How fast can I launch a wordpress automation solution?,Most turnkey Shopify transfers happen the same day after payment. WordPress lead automation usually goes live within 48–72 hours.,Is this DIY or done-for-you?,"Both paths exist: buy a prebuilt store, or get the same automation wired on your site. Start with a free WhatsApp mockup.",What do I need before we start?,"A WhatsApp number, niche preference, and budget range. Domain and Shopify/WordPress access come after the mockup call."
best automated WordPress setup for Vancouver realtors,wordpress automation,Vancouver,commercial,Best Automated WordPress Setup For Vancouver Realtors,Best Automated WordPress Setup For Vancouver Realtors (2026),Practical guide for best automated WordPress setup for Vancouver realtors. Get a free AI mockup for your wordpress automation store or lead system — reply ,Fluent Forms|Make.com|WhatsApp reply|CRM sheet|follow-up sequence,automation_demo,best-automated-wordpress-setup-for-vancouver-realtors,Searching for “best automated WordPress setup for Vancouver realtors”? This page breaks down a practical setup for wordpress automation in Vancouver — plus how to get a ready system without waiting weeks.,How fast can I launch a wordpress automation solution?,Most turnkey Shopify transfers happen the same day after payment. WordPress lead automation usually goes live within 48–72 hours.,Is this DIY or done-for-you?,"Both paths exist: buy a prebuilt store, or get the same automation wired on your site. Start with a free WhatsApp mockup.",What do I need before we start?,"A WhatsApp number, niche preference, and budget range. Domain and Shopify/WordPress access come after the mockup call."
Vancouver realtors WhatsApp lead automation,wordpress automation,Vancouver,commercial,Vancouver Realtors WhatsApp Lead Automation,Vancouver Realtors WhatsApp Lead Automation (2026),Practical guide for Vancouver realtors WhatsApp lead automation. Get a free AI mockup for your wordpress automation store or lead system — reply in under 6,form fields|AI proposal|Whapi/Twilio|speed reply|CTA,automation_demo,vancouver-realtors-whatsapp-lead-automation,Searching for “Vancouver realtors WhatsApp lead automation”? This page breaks down a practical setup for wordpress automation in Vancouver — plus how to get a ready system without waiting weeks.,How fast can I launch a wordpress automation solution?,Most turnkey Shopify transfers happen the same day after payment. WordPress lead automation usually goes live within 48–72 hours.,Is this DIY or done-for-you?,"Both paths exist: buy a prebuilt store, or get the same automation wired on your site. Start with a free WhatsApp mockup.",What do I need before we start?,"A WhatsApp number, niche preference, and budget range. Domain and Shopify/WordPress access come after the mockup call."
best automated WordPress setup for Vancouver dentists,wordpress automation,Vancouver,commercial,Best Automated WordPress Setup For Vancouver Dentists,Best Automated WordPress Setup For Vancouver Dentists (2026),Practical guide for best automated WordPress setup for Vancouver dentists. Get a free AI mockup for your wordpress automation store or lead system — reply ,Fluent Forms|Make.com|WhatsApp reply|CRM sheet|follow-up sequence,automation_demo,best-automated-wordpress-setup-for-vancouver-dentists,Searching for “best automated WordPress setup for Vancouver dentists”? This page breaks down a practical setup for wordpress automation in Vancouver — plus how to get a ready system without waiting weeks.,How fast can I launch a wordpress automation solution?,Most turnkey Shopify transfers happen the same day after payment. WordPress lead automation usually goes live within 48–72 hours.,Is this DIY or done-for-you?,"Both paths exist: buy a prebuilt store, or get the same automation wired on your site. Start with a free WhatsApp mockup.",What do I need before we start?,"A WhatsApp number, niche preference, and budget range. Domain and Shopify/WordPress access come after the mockup call."
Vancouver dentists WhatsApp lead automation,wordpress automation,Vancouver,commercial,Vancouver Dentists WhatsApp Lead Automation,Vancouver Dentists WhatsApp Lead Automation (2026),Practical guide for Vancouver dentists WhatsApp lead automation. Get a free AI mockup for your wordpress automation store or lead system — reply in under 6,form fields|AI proposal|Whapi/Twilio|speed reply|CTA,automation_demo,vancouver-dentists-whatsapp-lead-automation,Searching for “Vancouver dentists WhatsApp lead automation”? This page breaks down a practical setup for wordpress automation in Vancouver — plus how to get a ready system without waiting weeks.,How fast can I launch a wordpress automation solution?,Most turnkey Shopify transfers happen the same day after payment. WordPress lead automation usually goes live within 48–72 hours.,Is this DIY or done-for-you?,"Both paths exist: buy a prebuilt store, or get the same automation wired on your site. Start with a free WhatsApp mockup.",What do I need before we start?,"A WhatsApp number, niche preference, and budget range. Domain and Shopify/WordPress access come after the mockup call."
best automated WordPress setup for Vancouver gym owners,wordpress automation,Vancouver,commercial,Best Automated WordPress Setup For Vancouver Gym Owners,Best Automated WordPress Setup For Vancouver Gym Owners (2026),Practical guide for best automated WordPress setup for Vancouver gym owners. Get a free AI mockup for your wordpress automation store or lead system — repl,Fluent Forms|Make.com|WhatsApp reply|CRM sheet|follow-up sequence,automation_demo,best-automated-wordpress-setup-for-vancouver-gym-owners,Searching for “best automated WordPress setup for Vancouver gym owners”? This page breaks down a practical setup for wordpress automation in Vancouver — plus how to get a ready system without waiting weeks.,How fast can I launch a wordpress automation solution?,Most turnkey Shopify transfers happen the same day after payment. WordPress lead automation usually goes live within 48–72 hours.,Is this DIY or done-for-you?,"Both paths exist: buy a prebuilt store, or get the same automation wired on your site. Start with a free WhatsApp mockup.",What do I need before we start?,"A WhatsApp number, niche preference, and budget range. Domain and Shopify/WordPress access come after the mockup call."
Vancouver gym owners WhatsApp lead automation,wordpress automation,Vancouver,commercial,Vancouver Gym Owners WhatsApp Lead Automation,Vancouver Gym Owners WhatsApp Lead Automation (2026),Practical guide for Vancouver gym owners WhatsApp lead automation. Get a free AI mockup for your wordpress automation store or lead system — reply in under,form fields|AI proposal|Whapi/Twilio|speed reply|CTA,automation_demo,vancouver-gym-owners-whatsapp-lead-automation,Searching for “Vancouver gym owners WhatsApp lead automation”? This page breaks down a practical setup for wordpress automation in Vancouver — plus how to get a ready system without waiting weeks.,How fast can I launch a wordpress automation solution?,Most turnkey Shopify transfers happen the same day after payment. WordPress lead automation usually goes live within 48–72 hours.,Is this DIY or done-for-you?,"Both paths exist: buy a prebuilt store, or get the same automation wired on your site. Start with a free WhatsApp mockup.",What do I need before we start?,"A WhatsApp number, niche preference, and budget range. Domain and Shopify/WordPress access come after the mockup call."
best automated WordPress setup for Vancouver salon owners,wordpress automation,Vancouver,commercial,Best Automated WordPress Setup For Vancouver Salon Owners,Best Automated WordPress Setup For Vancouver Salon Owners (2026),Practical guide for best automated WordPress setup for Vancouver salon owners. Get a free AI mockup for your wordpress automation store or lead system — re,Fluent Forms|Make.com|WhatsApp reply|CRM sheet|follow-up sequence,automation_demo,best-automated-wordpress-setup-for-vancouver-salon-owners,Searching for “best automated WordPress setup for Vancouver salon owners”? This page breaks down a practical setup for wordpress automation in Vancouver — plus how to get a ready system without waiting weeks.,How fast can I launch a wordpress automation solution?,Most turnkey Shopify transfers happen the same day after payment. WordPress lead automation usually goes live within 48–72 hours.,Is this DIY or done-for-you?,"Both paths exist: buy a prebuilt store, or get the same automation wired on your site. Start with a free WhatsApp mockup.",What do I need before we start?,"A WhatsApp number, niche preference, and budget range. Domain and Shopify/WordPress access come after the mockup call."
Vancouver salon owners WhatsApp lead automation,wordpress automation,Vancouver,commercial,Vancouver Salon Owners WhatsApp Lead Automation,Vancouver Salon Owners WhatsApp Lead Automation (2026),Practical guide for Vancouver salon owners WhatsApp lead automation. Get a free AI mockup for your wordpress automation store or lead system — reply in und,form fields|AI proposal|Whapi/Twilio|speed reply|CTA,automation_demo,vancouver-salon-owners-whatsapp-lead-automation,Searching for “Vancouver salon owners WhatsApp lead automation”? This page breaks down a practical setup for wordpress automation in Vancouver — plus how to get a ready system without waiting weeks.,How fast can I launch a wordpress automation solution?,Most turnkey Shopify transfers happen the same day after payment. WordPress lead automation usually goes live within 48–72 hours.,Is this DIY or done-for-you?,"Both paths exist: buy a prebuilt store, or get the same automation wired on your site. Start with a free WhatsApp mockup.",What do I need before we start?,"A WhatsApp number, niche preference, and budget range. Domain and Shopify/WordPress access come after the mockup call."
best automated WordPress setup for Vancouver restaurant owners,wordpress automation,Vancouver,commercial,Best Automated WordPress Setup For Vancouver Restaurant Owners,Best Automated WordPress Setup For Vancouver Restaurant...,Practical guide for best automated WordPress setup for Vancouver restaurant owners. Get a free AI mockup for your wordpress automation store or lead system,Fluent Forms|Make.com|WhatsApp reply|CRM sheet|follow-up sequence,automation_demo,best-automated-wordpress-setup-for-vancouver-restaurant-owners,Searching for “best automated WordPress setup for Vancouver restaurant owners”? This page breaks down a practical setup for wordpress automation in Vancouver — plus how to get a ready system without waiting weeks.,How fast can I launch a wordpress automation solution?,Most turnkey Shopify transfers happen the same day after payment. WordPress lead automation usually goes live within 48–72 hours.,Is this DIY or done-for-you?,"Both paths exist: buy a prebuilt store, or get the same automation wired on your site. Start with a free WhatsApp mockup.",What do I need before we start?,"A WhatsApp number, niche preference, and budget range. Domain and Shopify/WordPress access come after the mockup call."
Vancouver restaurant owners WhatsApp lead automation,wordpress automation,Vancouver,commercial,Vancouver Restaurant Owners WhatsApp Lead Automation,Vancouver Restaurant Owners WhatsApp Lead Automation (2026),Practical guide for Vancouver restaurant owners WhatsApp lead automation. Get a free AI mockup for your wordpress automation store or lead system — reply i,form fields|AI proposal|Whapi/Twilio|speed reply|CTA,automation_demo,vancouver-restaurant-owners-whatsapp-lead-automation,Searching for “Vancouver restaurant owners WhatsApp lead automation”? This page breaks down a practical setup for wordpress automation in Vancouver — plus how to get a ready system without waiting weeks.,How fast can I launch a wordpress automation solution?,Most turnkey Shopify transfers happen the same day after payment. WordPress lead automation usually goes live within 48–72 hours.,Is this DIY or done-for-you?,"Both paths exist: buy a prebuilt store, or get the same automation wired on your site. Start with a free WhatsApp mockup.",What do I need before we start?,"A WhatsApp number, niche preference, and budget range. Domain and Shopify/WordPress access come after the mockup call."
best automated WordPress setup for Vancouver chiropractors,wordpress automation,Vancouver,commercial,Best Automated WordPress Setup For Vancouver Chiropractors,Best Automated WordPress Setup For Vancouver Chiropractors (2026),Practical guide for best automated WordPress setup for Vancouver chiropractors. Get a free AI mockup for your wordpress automation store or lead system — r,Fluent Forms|Make.com|WhatsApp reply|CRM sheet|follow-up sequence,automation_demo,best-automated-wordpress-setup-for-vancouver-chiropractors,Searching for “best automated WordPress setup for Vancouver chiropractors”? This page breaks down a practical setup for wordpress automation in Vancouver — plus how to get a ready system without waiting weeks.,How fast can I launch a wordpress automation solution?,Most turnkey Shopify transfers happen the same day after payment. WordPress lead automation usually goes live within 48–72 hours.,Is this DIY or done-for-you?,"Both paths exist: buy a prebuilt store, or get the same automation wired on your site. Start with a free WhatsApp mockup.",What do I need before we start?,"A WhatsApp number, niche preference, and budget range. Domain and Shopify/WordPress access come after the mockup call."
Vancouver chiropractors WhatsApp lead automation,wordpress automation,Vancouver,commercial,Vancouver Chiropractors WhatsApp Lead Automation,Vancouver Chiropractors WhatsApp Lead Automation (2026),Practical guide for Vancouver chiropractors WhatsApp lead automation. Get a free AI mockup for your wordpress automation store or lead system — reply in un,form fields|AI proposal|Whapi/Twilio|speed reply|CTA,automation_demo,vancouver-chiropractors-whatsapp-lead-automation,Searching for “Vancouver chiropractors WhatsApp lead automation”? This page breaks down a practical setup for wordpress automation in Vancouver — plus how to get a ready system without waiting weeks.,How fast can I launch a wordpress automation solution?,Most turnkey Shopify transfers happen the same day after payment. WordPress lead automation usually goes live within 48–72 hours.,Is this DIY or done-for-you?,"Both paths exist: buy a prebuilt store, or get the same automation wired on your site. Start with a free WhatsApp mockup.",What do I need before we start?,"A WhatsApp number, niche preference, and budget range. Domain and Shopify/WordPress access come after the mockup call."
best automated WordPress setup for Vancouver tutors,wordpress automation,Vancouver,commercial,Best Automated WordPress Setup For Vancouver Tutors,Best Automated WordPress Setup For Vancouver Tutors (2026),Practical guide for best automated WordPress setup for Vancouver tutors. Get a free AI mockup for your wordpress automation store or lead system — reply in,Fluent Forms|Make.com|WhatsApp reply|CRM sheet|follow-up sequence,automation_demo,best-automated-wordpress-setup-for-vancouver-tutors,Searching for “best automated WordPress setup for Vancouver tutors”? This page breaks down a practical setup for wordpress automation in Vancouver — plus how to get a ready system without waiting weeks.,How fast can I launch a wordpress automation solution?,Most turnkey Shopify transfers happen the same day after payment. WordPress lead automation usually goes live within 48–72 hours.,Is this DIY or done-for-you?,"Both paths exist: buy a prebuilt store, or get the same automation wired on your site. Start with a free WhatsApp mockup.",What do I need before we start?,"A WhatsApp number, niche preference, and budget range. Domain and Shopify/WordPress access come after the mockup call."
Vancouver tutors WhatsApp lead automation,wordpress automation,Vancouver,commercial,Vancouver Tutors WhatsApp Lead Automation,Vancouver Tutors WhatsApp Lead Automation (2026),Practical guide for Vancouver tutors WhatsApp lead automation. Get a free AI mockup for your wordpress automation store or lead system — reply in under 60 ,form fields|AI proposal|Whapi/Twilio|speed reply|CTA,automation_demo,vancouver-tutors-whatsapp-lead-automation,Searching for “Vancouver tutors WhatsApp lead automation”? This page breaks down a practical setup for wordpress automation in Vancouver — plus how to get a ready system without waiting weeks.,How fast can I launch a wordpress automation solution?,Most turnkey Shopify transfers happen the same day after payment. WordPress lead automation usually goes live within 48–72 hours.,Is this DIY or done-for-you?,"Both paths exist: buy a prebuilt store, or get the same automation wired on your site. Start with a free WhatsApp mockup.",What do I need before we start?,"A WhatsApp number, niche preference, and budget range. Domain and Shopify/WordPress access come after the mockup call."
best automated WordPress setup for Vancouver clinic managers,wordpress automation,Vancouver,commercial,Best Automated WordPress Setup For Vancouver Clinic Managers,Best Automated WordPress Setup For Vancouver Clinic Man...,Practical guide for best automated WordPress setup for Vancouver clinic managers. Get a free AI mockup for your wordpress automation store or lead system —,Fluent Forms|Make.com|WhatsApp reply|CRM sheet|follow-up sequence,automation_demo,best-automated-wordpress-setup-for-vancouver-clinic-managers,Searching for “best automated WordPress setup for Vancouver clinic managers”? This page breaks down a practical setup for wordpress automation in Vancouver — plus how to get a ready system without waiting weeks.,How fast can I launch a wordpress automation solution?,Most turnkey Shopify transfers happen the same day after payment. WordPress lead automation usually goes live within 48–72 hours.,Is this DIY or done-for-you?,"Both paths exist: buy a prebuilt store, or get the same automation wired on your site. Start with a free WhatsApp mockup.",What do I need before we start?,"A WhatsApp number, niche preference, and budget range. Domain and Shopify/WordPress access come after the mockup call."
Vancouver clinic managers WhatsApp lead automation,wordpress automation,Vancouver,commercial,Vancouver Clinic Managers WhatsApp Lead Automation,Vancouver Clinic Managers WhatsApp Lead Automation (2026),Practical guide for Vancouver clinic managers WhatsApp lead automation. Get a free AI mockup for your wordpress automation store or lead system — reply in ,form fields|AI proposal|Whapi/Twilio|speed reply|CTA,automation_demo,vancouver-clinic-managers-whatsapp-lead-automation,Searching for “Vancouver clinic managers WhatsApp lead automation”? This page breaks down a practical setup for wordpress automation in Vancouver — plus how to get a ready system without waiting weeks.,How fast can I launch a wordpress automation solution?,Most turnkey Shopify transfers happen the same day after payment. WordPress lead automation usually goes live within 48–72 hours.,Is this DIY or done-for-you?,"Both paths exist: buy a prebuilt store, or get the same automation wired on your site. Start with a free WhatsApp mockup.",What do I need before we start?,"A WhatsApp number, niche preference, and budget range. Domain and Shopify/WordPress access come after the mockup call."
best automated WordPress setup for Vancouver spa owners,wordpress automation,Vancouver,commercial,Best Automated WordPress Setup For Vancouver Spa Owners,Best Automated WordPress Setup For Vancouver Spa Owners (2026),Practical guide for best automated WordPress setup for Vancouver spa owners. Get a free AI mockup for your wordpress automation store or lead system — repl,Fluent Forms|Make.com|WhatsApp reply|CRM sheet|follow-up sequence,automation_demo,best-automated-wordpress-setup-for-vancouver-spa-owners,Searching for “best automated WordPress setup for Vancouver spa owners”? This page breaks down a practical setup for wordpress automation in Vancouver — plus how to get a ready system without waiting weeks.,How fast can I launch a wordpress automation solution?,Most turnkey Shopify transfers happen the same day after payment. WordPress lead automation usually goes live within 48–72 hours.,Is this DIY or done-for-you?,"Both paths exist: buy a prebuilt store, or get the same automation wired on your site. Start with a free WhatsApp mockup.",What do I need before we start?,"A WhatsApp number, niche preference, and budget range. Domain and Shopify/WordPress access come after the mockup call."
Vancouver spa owners WhatsApp lead automation,wordpress automation,Vancouver,commercial,Vancouver Spa Owners WhatsApp Lead Automation,Vancouver Spa Owners WhatsApp Lead Automation (2026),Practical guide for Vancouver spa owners WhatsApp lead automation. Get a free AI mockup for your wordpress automation store or lead system — reply in under,form fields|AI proposal|Whapi/Twilio|speed reply|CTA,automation_demo,vancouver-spa-owners-whatsapp-lead-automation,Searching for “Vancouver spa owners WhatsApp lead automation”? This page breaks down a practical setup for wordpress automation in Vancouver — plus how to get a ready system without waiting weeks.,How fast can I launch a wordpress automation solution?,Most turnkey Shopify transfers happen the same day after payment. WordPress lead automation usually goes live within 48–72 hours.,Is this DIY or done-for-you?,"Both paths exist: buy a prebuilt store, or get the same automation wired on your site. Start with a free WhatsApp mockup.",What do I need before we start?,"A WhatsApp number, niche preference, and budget range. Domain and Shopify/WordPress access come after the mockup call."
best automated WordPress setup for Vancouver coaches,wordpress automation,Vancouver,commercial,Best Automated WordPress Setup For Vancouver Coaches,Best Automated WordPress Setup For Vancouver Coaches (2026),Practical guide for best automated WordPress setup for Vancouver coaches. Get a free AI mockup for your wordpress automation store or lead system — reply i,Fluent Forms|Make.com|WhatsApp reply|CRM sheet|follow-up sequence,automation_demo,best-automated-wordpress-setup-for-vancouver-coaches,Searching for “best automated WordPress setup for Vancouver coaches”? This page breaks down a practical setup for wordpress automation in Vancouver — plus how to get a ready system without waiting weeks.,How fast can I launch a wordpress automation solution?,Most turnkey Shopify transfers happen the same day after payment. WordPress lead automation usually goes live within 48–72 hours.,Is this DIY or done-for-you?,"Both paths exist: buy a prebuilt store, or get the same automation wired on your site. Start with a free WhatsApp mockup.",What do I need before we start?,"A WhatsApp number, niche preference, and budget range. Domain and Shopify/WordPress access come after the mockup call."
Vancouver coaches WhatsApp lead automation,wordpress automation,Vancouver,commercial,Vancouver Coaches WhatsApp Lead Automation,Vancouver Coaches WhatsApp Lead Automation (2026),Practical guide for Vancouver coaches WhatsApp lead automation. Get a free AI mockup for your wordpress automation store or lead system — reply in under 60,form fields|AI proposal|Whapi/Twilio|speed reply|CTA,automation_demo,vancouver-coaches-whatsapp-lead-automation,Searching for “Vancouver coaches WhatsApp lead automation”? This page breaks down a practical setup for wordpress automation in Vancouver — plus how to get a ready system without waiting weeks.,How fast can I launch a wordpress automation solution?,Most turnkey Shopify transfers happen the same day after payment. WordPress lead automation usually goes live within 48–72 hours.,Is this DIY or done-for-you?,"Both paths exist: buy a prebuilt store, or get the same automation wired on your site. Start with a free WhatsApp mockup.",What do I need before we start?,"A WhatsApp number, niche preference, and budget range. Domain and Shopify/WordPress access come after the mockup call."
best automated WordPress setup for Melbourne realtors,wordpress automation,Melbourne,commercial,Best Automated WordPress Setup For Melbourne Realtors,Best Automated WordPress Setup For Melbourne Realtors (2026),Practical guide for best automated WordPress setup for Melbourne realtors. Get a free AI mockup for your wordpress automation store or lead system — reply ,Fluent Forms|Make.com|WhatsApp reply|CRM sheet|follow-up sequence,automation_demo,best-automated-wordpress-setup-for-melbourne-realtors,Searching for “best automated WordPress setup for Melbourne realtors”? This page breaks down a practical setup for wordpress automation in Melbourne — plus how to get a ready system without waiting weeks.,How fast can I launch a wordpress automation solution?,Most turnkey Shopify transfers happen the same day after payment. WordPress lead automation usually goes live within 48–72 hours.,Is this DIY or done-for-you?,"Both paths exist: buy a prebuilt store, or get the same automation wired on your site. Start with a free WhatsApp mockup.",What do I need before we start?,"A WhatsApp number, niche preference, and budget range. Domain and Shopify/WordPress access come after the mockup call."
Melbourne realtors WhatsApp lead automation,wordpress automation,Melbourne,commercial,Melbourne Realtors WhatsApp Lead Automation,Melbourne Realtors WhatsApp Lead Automation (2026),Practical guide for Melbourne realtors WhatsApp lead automation. Get a free AI mockup for your wordpress automation store or lead system — reply in under 6,form fields|AI proposal|Whapi/Twilio|speed reply|CTA,automation_demo,melbourne-realtors-whatsapp-lead-automation,Searching for “Melbourne realtors WhatsApp lead automation”? This page breaks down a practical setup for wordpress automation in Melbourne — plus how to get a ready system without waiting weeks.,How fast can I launch a wordpress automation solution?,Most turnkey Shopify transfers happen the same day after payment. WordPress lead automation usually goes live within 48–72 hours.,Is this DIY or done-for-you?,"Both paths exist: buy a prebuilt store, or get the same automation wired on your site. Start with a free WhatsApp mockup.",What do I need before we start?,"A WhatsApp number, niche preference, and budget range. Domain and Shopify/WordPress access come after the mockup call."
best automated WordPress setup for Melbourne dentists,wordpress automation,Melbourne,commercial,Best Automated WordPress Setup For Melbourne Dentists,Best Automated WordPress Setup For Melbourne Dentists (2026),Practical guide for best automated WordPress setup for Melbourne dentists. Get a free AI mockup for your wordpress automation store or lead system — reply ,Fluent Forms|Make.com|WhatsApp reply|CRM sheet|follow-up sequence,automation_demo,best-automated-wordpress-setup-for-melbourne-dentists,Searching for “best automated WordPress setup for Melbourne dentists”? This page breaks down a practical setup for wordpress automation in Melbourne — plus how to get a ready system without waiting weeks.,How fast can I launch a wordpress automation solution?,Most turnkey Shopify transfers happen the same day after payment. WordPress lead automation usually goes live within 48–72 hours.,Is this DIY or done-for-you?,"Both paths exist: buy a prebuilt store, or get the same automation wired on your site. Start with a free WhatsApp mockup.",What do I need before we start?,"A WhatsApp number, niche preference, and budget range. Domain and Shopify/WordPress access come after the mockup call."
Melbourne dentists WhatsApp lead automation,wordpress automation,Melbourne,commercial,Melbourne Dentists WhatsApp Lead Automation,Melbourne Dentists WhatsApp Lead Automation (2026),Practical guide for Melbourne dentists WhatsApp lead automation. Get a free AI mockup for your wordpress automation store or lead system — reply in under 6,form fields|AI proposal|Whapi/Twilio|speed reply|CTA,automation_demo,melbourne-dentists-whatsapp-lead-automation,Searching for “Melbourne dentists WhatsApp lead automation”? This page breaks down a practical setup for wordpress automation in Melbourne — plus how to get a ready system without waiting weeks.,How fast can I launch a wordpress automation solution?,Most turnkey Shopify transfers happen the same day after payment. WordPress lead automation usually goes live within 48–72 hours.,Is this DIY or done-for-you?,"Both paths exist: buy a prebuilt store, or get the same automation wired on your site. Start with a free WhatsApp mockup.",What do I need before we start?,"A WhatsApp number, niche preference, and budget range. Domain and Shopify/WordPress access come after the mockup call."
best automated WordPress setup for Melbourne gym owners,wordpress automation,Melbourne,commercial,Best Automated WordPress Setup For Melbourne Gym Owners,Best Automated WordPress Setup For Melbourne Gym Owners (2026),Practical guide for best automated WordPress setup for Melbourne gym owners. Get a free AI mockup for your wordpress automation store or lead system — repl,Fluent Forms|Make.com|WhatsApp reply|CRM sheet|follow-up sequence,automation_demo,best-automated-wordpress-setup-for-melbourne-gym-owners,Searching for “best automated WordPress setup for Melbourne gym owners”? This page breaks down a practical setup for wordpress automation in Melbourne — plus how to get a ready system without waiting weeks.,How fast can I launch a wordpress automation solution?,Most turnkey Shopify transfers happen the same day after payment. WordPress lead automation usually goes live within 48–72 hours.,Is this DIY or done-for-you?,"Both paths exist: buy a prebuilt store, or get the same automation wired on your site. Start with a free WhatsApp mockup.",What do I need before we start?,"A WhatsApp number, niche preference, and budget range. Domain and Shopify/WordPress access come after the mockup call."
Melbourne gym owners WhatsApp lead automation,wordpress automation,Melbourne,commercial,Melbourne Gym Owners WhatsApp Lead Automation,Melbourne Gym Owners WhatsApp Lead Automation (2026),Practical guide for Melbourne gym owners WhatsApp lead automation. Get a free AI mockup for your wordpress automation store or lead system — reply in under,form fields|AI proposal|Whapi/Twilio|speed reply|CTA,automation_demo,melbourne-gym-owners-whatsapp-lead-automation,Searching for “Melbourne gym owners WhatsApp lead automation”? This page breaks down a practical setup for wordpress automation in Melbourne — plus how to get a ready system without waiting weeks.,How fast can I launch a wordpress automation solution?,Most turnkey Shopify transfers happen the same day after payment. WordPress lead automation usually goes live within 48–72 hours.,Is this DIY or done-for-you?,"Both paths exist: buy a prebuilt store, or get the same automation wired on your site. Start with a free WhatsApp mockup.",What do I need before we start?,"A WhatsApp number, niche preference, and budget range. Domain and Shopify/WordPress access come after the mockup call."
best automated WordPress setup for Melbourne salon owners,wordpress automation,Melbourne,commercial,Best Automated WordPress Setup For Melbourne Salon Owners,Best Automated WordPress Setup For Melbourne Salon Owners (2026),Practical guide for best automated WordPress setup for Melbourne salon owners. Get a free AI mockup for your wordpress automation store or lead system — re,Fluent Forms|Make.com|WhatsApp reply|CRM sheet|follow-up sequence,automation_demo,best-automated-wordpress-setup-for-melbourne-salon-owners,Searching for “best automated WordPress setup for Melbourne salon owners”? This page breaks down a practical setup for wordpress automation in Melbourne — plus how to get a ready system without waiting weeks.,How fast can I launch a wordpress automation solution?,Most turnkey Shopify transfers happen the same day after payment. WordPress lead automation usually goes live within 48–72 hours.,Is this DIY or done-for-you?,"Both paths exist: buy a prebuilt store, or get the same automation wired on your site. Start with a free WhatsApp mockup.",What do I need before we start?,"A WhatsApp number, niche preference, and budget range. Domain and Shopify/WordPress access come after the mockup call."
Melbourne salon owners WhatsApp lead automation,wordpress automation,Melbourne,commercial,Melbourne Salon Owners WhatsApp Lead Automation,Melbourne Salon Owners WhatsApp Lead Automation (2026),Practical guide for Melbourne salon owners WhatsApp lead automation. Get a free AI mockup for your wordpress automation store or lead system — reply in und,form fields|AI proposal|Whapi/Twilio|speed reply|CTA,automation_demo,melbourne-salon-owners-whatsapp-lead-automation,Searching for “Melbourne salon owners WhatsApp lead automation”? This page breaks down a practical setup for wordpress automation in Melbourne — plus how to get a ready system without waiting weeks.,How fast can I launch a wordpress automation solution?,Most turnkey Shopify transfers happen the same day after payment. WordPress lead automation usually goes live within 48–72 hours.,Is this DIY or done-for-you?,"Both paths exist: buy a prebuilt store, or get the same automation wired on your site. Start with a free WhatsApp mockup.",What do I need before we start?,"A WhatsApp number, niche preference, and budget range. Domain and Shopify/WordPress access come after the mockup call."
best automated WordPress setup for Melbourne restaurant owners,wordpress automation,Melbourne,commercial,Best Automated WordPress Setup For Melbourne Restaurant Owners,Best Automated WordPress Setup For Melbourne Restaurant...,Practical guide for best automated WordPress setup for Melbourne restaurant owners. Get a free AI mockup for your wordpress automation store or lead system,Fluent Forms|Make.com|WhatsApp reply|CRM sheet|follow-up sequence,automation_demo,best-automated-wordpress-setup-for-melbourne-restaurant-owners,Searching for “best automated WordPress setup for Melbourne restaurant owners”? This page breaks down a practical setup for wordpress automation in Melbourne — plus how to get a ready system without waiting weeks.,How fast can I launch a wordpress automation solution?,Most turnkey Shopify transfers happen the same day after payment. WordPress lead automation usually goes live within 48–72 hours.,Is this DIY or done-for-you?,"Both paths exist: buy a prebuilt store, or get the same automation wired on your site. Start with a free WhatsApp mockup.",What do I need before we start?,"A WhatsApp number, niche preference, and budget range. Domain and Shopify/WordPress access come after the mockup call."
Melbourne restaurant owners WhatsApp lead automation,wordpress automation,Melbourne,commercial,Melbourne Restaurant Owners WhatsApp Lead Automation,Melbourne Restaurant Owners WhatsApp Lead Automation (2026),Practical guide for Melbourne restaurant owners WhatsApp lead automation. Get a free AI mockup for your wordpress automation store or lead system — reply i,form fields|AI proposal|Whapi/Twilio|speed reply|CTA,automation_demo,melbourne-restaurant-owners-whatsapp-lead-automation,Searching for “Melbourne restaurant owners WhatsApp lead automation”? This page breaks down a practical setup for wordpress automation in Melbourne — plus how to get a ready system without waiting weeks.,How fast can I launch a wordpress automation solution?,Most turnkey Shopify transfers happen the same day after payment. WordPress lead automation usually goes live within 48–72 hours.,Is this DIY or done-for-you?,"Both paths exist: buy a prebuilt store, or get the same automation wired on your site. Start with a free WhatsApp mockup.",What do I need before we start?,"A WhatsApp number, niche preference, and budget range. Domain and Shopify/WordPress access come after the mockup call."
best automated WordPress setup for Melbourne chiropractors,wordpress automation,Melbourne,commercial,Best Automated WordPress Setup For Melbourne Chiropractors,Best Automated WordPress Setup For Melbourne Chiropractors (2026),Practical guide for best automated WordPress setup for Melbourne chiropractors. Get a free AI mockup for your wordpress automation store or lead system — r,Fluent Forms|Make.com|WhatsApp reply|CRM sheet|follow-up sequence,automation_demo,best-automated-wordpress-setup-for-melbourne-chiropractors,Searching for “best automated WordPress setup for Melbourne chiropractors”? This page breaks down a practical setup for wordpress automation in Melbourne — plus how to get a ready system without waiting weeks.,How fast can I launch a wordpress automation solution?,Most turnkey Shopify transfers happen the same day after payment. WordPress lead automation usually goes live within 48–72 hours.,Is this DIY or done-for-you?,"Both paths exist: buy a prebuilt store, or get the same automation wired on your site. Start with a free WhatsApp mockup.",What do I need before we start?,"A WhatsApp number, niche preference, and budget range. Domain and Shopify/WordPress access come after the mockup call."
Melbourne chiropractors WhatsApp lead automation,wordpress automation,Melbourne,commercial,Melbourne Chiropractors WhatsApp Lead Automation,Melbourne Chiropractors WhatsApp Lead Automation (2026),Practical guide for Melbourne chiropractors WhatsApp lead automation. Get a free AI mockup for your wordpress automation store or lead system — reply in un,form fields|AI proposal|Whapi/Twilio|speed reply|CTA,automation_demo,melbourne-chiropractors-whatsapp-lead-automation,Searching for “Melbourne chiropractors WhatsApp lead automation”? This page breaks down a practical setup for wordpress automation in Melbourne — plus how to get a ready system without waiting weeks.,How fast can I launch a wordpress automation solution?,Most turnkey Shopify transfers happen the same day after payment. WordPress lead automation usually goes live within 48–72 hours.,Is this DIY or done-for-you?,"Both paths exist: buy a prebuilt store, or get the same automation wired on your site. Start with a free WhatsApp mockup.",What do I need before we start?,"A WhatsApp number, niche preference, and budget range. Domain and Shopify/WordPress access come after the mockup call."
best automated WordPress setup for Melbourne tutors,wordpress automation,Melbourne,commercial,Best Automated WordPress Setup For Melbourne Tutors,Best Automated WordPress Setup For Melbourne Tutors (2026),Practical guide for best automated WordPress setup for Melbourne tutors. Get a free AI mockup for your wordpress automation store or lead system — reply in,Fluent Forms|Make.com|WhatsApp reply|CRM sheet|follow-up sequence,automation_demo,best-automated-wordpress-setup-for-melbourne-tutors,Searching for “best automated WordPress setup for Melbourne tutors”? This page breaks down a practical setup for wordpress automation in Melbourne — plus how to get a ready system without waiting weeks.,How fast can I launch a wordpress automation solution?,Most turnkey Shopify transfers happen the same day after payment. WordPress lead automation usually goes live within 48–72 hours.,Is this DIY or done-for-you?,"Both paths exist: buy a prebuilt store, or get the same automation wired on your site. Start with a free WhatsApp mockup.",What do I need before we start?,"A WhatsApp number, niche preference, and budget range. Domain and Shopify/WordPress access come after the mockup call."
Melbourne tutors WhatsApp lead automation,wordpress automation,Melbourne,commercial,Melbourne Tutors WhatsApp Lead Automation,Melbourne Tutors WhatsApp Lead Automation (2026),Practical guide for Melbourne tutors WhatsApp lead automation. Get a free AI mockup for your wordpress automation store or lead system — reply in under 60 ,form fields|AI proposal|Whapi/Twilio|speed reply|CTA,automation_demo,melbourne-tutors-whatsapp-lead-automation,Searching for “Melbourne tutors WhatsApp lead automation”? This page breaks down a practical setup for wordpress automation in Melbourne — plus how to get a ready system without waiting weeks.,How fast can I launch a wordpress automation solution?,Most turnkey Shopify transfers happen the same day after payment. WordPress lead automation usually goes live within 48–72 hours.,Is this DIY or done-for-you?,"Both paths exist: buy a prebuilt store, or get the same automation wired on your site. Start with a free WhatsApp mockup.",What do I need before we start?,"A WhatsApp number, niche preference, and budget range. Domain and Shopify/WordPress access come after the mockup call."
best automated WordPress setup for Melbourne clinic managers,wordpress automation,Melbourne,commercial,Best Automated WordPress Setup For Melbourne Clinic Managers,Best Automated WordPress Setup For Melbourne Clinic Man...,Practical guide for best automated WordPress setup for Melbourne clinic managers. Get a free AI mockup for your wordpress automation store or lead system —,Fluent Forms|Make.com|WhatsApp reply|CRM sheet|follow-up sequence,automation_demo,best-automated-wordpress-setup-for-melbourne-clinic-managers,Searching for “best automated WordPress setup for Melbourne clinic managers”? This page breaks down a practical setup for wordpress automation in Melbourne — plus how to get a ready system without waiting weeks.,How fast can I launch a wordpress automation solution?,Most turnkey Shopify transfers happen the same day after payment. WordPress lead automation usually goes live within 48–72 hours.,Is this DIY or done-for-you?,"Both paths exist: buy a prebuilt store, or get the same automation wired on your site. Start with a free WhatsApp mockup.",What do I need before we start?,"A WhatsApp number, niche preference, and budget range. Domain and Shopify/WordPress access come after the mockup call."
Melbourne clinic managers WhatsApp lead automation,wordpress automation,Melbourne,commercial,Melbourne Clinic Managers WhatsApp Lead Automation,Melbourne Clinic Managers WhatsApp Lead Automation (2026),Practical guide for Melbourne clinic managers WhatsApp lead automation. Get a free AI mockup for your wordpress automation store or lead system — reply in ,form fields|AI proposal|Whapi/Twilio|speed reply|CTA,automation_demo,melbourne-clinic-managers-whatsapp-lead-automation,Searching for “Melbourne clinic managers WhatsApp lead automation”? This page breaks down a practical setup for wordpress automation in Melbourne — plus how to get a ready system without waiting weeks.,How fast can I launch a wordpress automation solution?,Most turnkey Shopify transfers happen the same day after payment. WordPress lead automation usually goes live within 48–72 hours.,Is this DIY or done-for-you?,"Both paths exist: buy a prebuilt store, or get the same automation wired on your site. Start with a free WhatsApp mockup.",What do I need before we start?,"A WhatsApp number, niche preference, and budget range. Domain and Shopify/WordPress access come after the mockup call."
best automated WordPress setup for Melbourne spa owners,wordpress automation,Melbourne,commercial,Best Automated WordPress Setup For Melbourne Spa Owners,Best Automated WordPress Setup For Melbourne Spa Owners (2026),Practical guide for best automated WordPress setup for Melbourne spa owners. Get a free AI mockup for your wordpress automation store or lead system — repl,Fluent Forms|Make.com|WhatsApp reply|CRM sheet|follow-up sequence,automation_demo,best-automated-wordpress-setup-for-melbourne-spa-owners,Searching for “best automated WordPress setup for Melbourne spa owners”? This page breaks down a practical setup for wordpress automation in Melbourne — plus how to get a ready system without waiting weeks.,How fast can I launch a wordpress automation solution?,Most turnkey Shopify transfers happen the same day after payment. WordPress lead automation usually goes live within 48–72 hours.,Is this DIY or done-for-you?,"Both paths exist: buy a prebuilt store, or get the same automation wired on your site. Start with a free WhatsApp mockup.",What do I need before we start?,"A WhatsApp number, niche preference, and budget range. Domain and Shopify/WordPress access come after the mockup call."
Melbourne spa owners WhatsApp lead automation,wordpress automation,Melbourne,commercial,Melbourne Spa Owners WhatsApp Lead Automation,Melbourne Spa Owners WhatsApp Lead Automation (2026),Practical guide for Melbourne spa owners WhatsApp lead automation. Get a free AI mockup for your wordpress automation store or lead system — reply in under,form fields|AI proposal|Whapi/Twilio|speed reply|CTA,automation_demo,melbourne-spa-owners-whatsapp-lead-automation,Searching for “Melbourne spa owners WhatsApp lead automation”? This page breaks down a practical setup for wordpress automation in Melbourne — plus how to get a ready system without waiting weeks.,How fast can I launch a wordpress automation solution?,Most turnkey Shopify transfers happen the same day after payment. WordPress lead automation usually goes live within 48–72 hours.,Is this DIY or done-for-you?,"Both paths exist: buy a prebuilt store, or get the same automation wired on your site. Start with a free WhatsApp mockup.",What do I need before we start?,"A WhatsApp number, niche preference, and budget range. Domain and Shopify/WordPress access come after the mockup call."
best automated WordPress setup for Melbourne coaches,wordpress automation,Melbourne,commercial,Best Automated WordPress Setup For Melbourne Coaches,Best Automated WordPress Setup For Melbourne Coaches (2026),Practical guide for best automated WordPress setup for Melbourne coaches. Get a free AI mockup for your wordpress automation store or lead system — reply i,Fluent Forms|Make.com|WhatsApp reply|CRM sheet|follow-up sequence,automation_demo,best-automated-wordpress-setup-for-melbourne-coaches,Searching for “best automated WordPress setup for Melbourne coaches”? This page breaks down a practical setup for wordpress automation in Melbourne — plus how to get a ready system without waiting weeks.,How fast can I launch a wordpress automation solution?,Most turnkey Shopify transfers happen the same day after payment. WordPress lead automation usually goes live within 48–72 hours.,Is this DIY or done-for-you?,"Both paths exist: buy a prebuilt store, or get the same automation wired on your site. Start with a free WhatsApp mockup.",What do I need before we start?,"A WhatsApp number, niche preference, and budget range. Domain and Shopify/WordPress access come after the mockup call."
Melbourne coaches WhatsApp lead automation,wordpress automation,Melbourne,commercial,Melbourne Coaches WhatsApp Lead Automation,Melbourne Coaches WhatsApp Lead Automation (2026),Practical guide for Melbourne coaches WhatsApp lead automation. Get a free AI mockup for your wordpress automation store or lead system — reply in under 60,form fields|AI proposal|Whapi/Twilio|speed reply|CTA,automation_demo,melbourne-coaches-whatsapp-lead-automation,Searching for “Melbourne coaches WhatsApp lead automation”? This page breaks down a practical setup for wordpress automation in Melbourne — plus how to get a ready system without waiting weeks.,How fast can I launch a wordpress automation solution?,Most turnkey Shopify transfers happen the same day after payment. WordPress lead automation usually goes live within 48–72 hours.,Is this DIY or done-for-you?,"Both paths exist: buy a prebuilt store, or get the same automation wired on your site. Start with a free WhatsApp mockup.",What do I need before we start?,"A WhatsApp number, niche preference, and budget range. Domain and Shopify/WordPress access come after the mockup call."
best automated WordPress setup for Brisbane realtors,wordpress automation,Brisbane,commercial,Best Automated WordPress Setup For Brisbane Realtors,Best Automated WordPress Setup For Brisbane Realtors (2026),Practical guide for best automated WordPress setup for Brisbane realtors. Get a free AI mockup for your wordpress automation store or lead system — reply i,Fluent Forms|Make.com|WhatsApp reply|CRM sheet|follow-up sequence,automation_demo,best-automated-wordpress-setup-for-brisbane-realtors,Searching for “best automated WordPress setup for Brisbane realtors”? This page breaks down a practical setup for wordpress automation in Brisbane — plus how to get a ready system without waiting weeks.,How fast can I launch a wordpress automation solution?,Most turnkey Shopify transfers happen the same day after payment. WordPress lead automation usually goes live within 48–72 hours.,Is this DIY or done-for-you?,"Both paths exist: buy a prebuilt store, or get the same automation wired on your site. Start with a free WhatsApp mockup.",What do I need before we start?,"A WhatsApp number, niche preference, and budget range. Domain and Shopify/WordPress access come after the mockup call."
Brisbane realtors WhatsApp lead automation,wordpress automation,Brisbane,commercial,Brisbane Realtors WhatsApp Lead Automation,Brisbane Realtors WhatsApp Lead Automation (2026),Practical guide for Brisbane realtors WhatsApp lead automation. Get a free AI mockup for your wordpress automation store or lead system — reply in under 60,form fields|AI proposal|Whapi/Twilio|speed reply|CTA,automation_demo,brisbane-realtors-whatsapp-lead-automation,Searching for “Brisbane realtors WhatsApp lead automation”? This page breaks down a practical setup for wordpress automation in Brisbane — plus how to get a ready system without waiting weeks.,How fast can I launch a wordpress automation solution?,Most turnkey Shopify transfers happen the same day after payment. WordPress lead automation usually goes live within 48–72 hours.,Is this DIY or done-for-you?,"Both paths exist: buy a prebuilt store, or get the same automation wired on your site. Start with a free WhatsApp mockup.",What do I need before we start?,"A WhatsApp number, niche preference, and budget range. Domain and Shopify/WordPress access come after the mockup call."
best automated WordPress setup for Brisbane dentists,wordpress automation,Brisbane,commercial,Best Automated WordPress Setup For Brisbane Dentists,Best Automated WordPress Setup For Brisbane Dentists (2026),Practical guide for best automated WordPress setup for Brisbane dentists. Get a free AI mockup for your wordpress automation store or lead system — reply i,Fluent Forms|Make.com|WhatsApp reply|CRM sheet|follow-up sequence,automation_demo,best-automated-wordpress-setup-for-brisbane-dentists,Searching for “best automated WordPress setup for Brisbane dentists”? This page breaks down a practical setup for wordpress automation in Brisbane — plus how to get a ready system without waiting weeks.,How fast can I launch a wordpress automation solution?,Most turnkey Shopify transfers happen the same day after payment. WordPress lead automation usually goes live within 48–72 hours.,Is this DIY or done-for-you?,"Both paths exist: buy a prebuilt store, or get the same automation wired on your site. Start with a free WhatsApp mockup.",What do I need before we start?,"A WhatsApp number, niche preference, and budget range. Domain and Shopify/WordPress access come after the mockup call."
Brisbane dentists WhatsApp lead automation,wordpress automation,Brisbane,commercial,Brisbane Dentists WhatsApp Lead Automation,Brisbane Dentists WhatsApp Lead Automation (2026),Practical guide for Brisbane dentists WhatsApp lead automation. Get a free AI mockup for your wordpress automation store or lead system — reply in under 60,form fields|AI proposal|Whapi/Twilio|speed reply|CTA,automation_demo,brisbane-dentists-whatsapp-lead-automation,Searching for “Brisbane dentists WhatsApp lead automation”? This page breaks down a practical setup for wordpress automation in Brisbane — plus how to get a ready system without waiting weeks.,How fast can I launch a wordpress automation solution?,Most turnkey Shopify transfers happen the same day after payment. WordPress lead automation usually goes live within 48–72 hours.,Is this DIY or done-for-you?,"Both paths exist: buy a prebuilt store, or get the same automation wired on your site. Start with a free WhatsApp mockup.",What do I need before we start?,"A WhatsApp number, niche preference, and budget range. Domain and Shopify/WordPress access come after the mockup call."
best automated WordPress setup for Brisbane gym owners,wordpress automation,Brisbane,commercial,Best Automated WordPress Setup For Brisbane Gym Owners,Best Automated WordPress Setup For Brisbane Gym Owners (2026),Practical guide for best automated WordPress setup for Brisbane gym owners. Get a free AI mockup for your wordpress automation store or lead system — reply,Fluent Forms|Make.com|WhatsApp reply|CRM sheet|follow-up sequence,automation_demo,best-automated-wordpress-setup-for-brisbane-gym-owners,Searching for “best automated WordPress setup for Brisbane gym owners”? This page breaks down a practical setup for wordpress automation in Brisbane — plus how to get a ready system without waiting weeks.,How fast can I launch a wordpress automation solution?,Most turnkey Shopify transfers happen the same day after payment. WordPress lead automation usually goes live within 48–72 hours.,Is this DIY or done-for-you?,"Both paths exist: buy a prebuilt store, or get the same automation wired on your site. Start with a free WhatsApp mockup.",What do I need before we start?,"A WhatsApp number, niche preference, and budget range. Domain and Shopify/WordPress access come after the mockup call."
Brisbane gym owners WhatsApp lead automation,wordpress automation,Brisbane,commercial,Brisbane Gym Owners WhatsApp Lead Automation,Brisbane Gym Owners WhatsApp Lead Automation (2026),Practical guide for Brisbane gym owners WhatsApp lead automation. Get a free AI mockup for your wordpress automation store or lead system — reply in under ,form fields|AI proposal|Whapi/Twilio|speed reply|CTA,automation_demo,brisbane-gym-owners-whatsapp-lead-automation,Searching for “Brisbane gym owners WhatsApp lead automation”? This page breaks down a practical setup for wordpress automation in Brisbane — plus how to get a ready system without waiting weeks.,How fast can I launch a wordpress automation solution?,Most turnkey Shopify transfers happen the same day after payment. WordPress lead automation usually goes live within 48–72 hours.,Is this DIY or done-for-you?,"Both paths exist: buy a prebuilt store, or get the same automation wired on your site. Start with a free WhatsApp mockup.",What do I need before we start?,"A WhatsApp number, niche preference, and budget range. Domain and Shopify/WordPress access come after the mockup call."
best automated WordPress setup for Brisbane salon owners,wordpress automation,Brisbane,commercial,Best Automated WordPress Setup For Brisbane Salon Owners,Best Automated WordPress Setup For Brisbane Salon Owners (2026),Practical guide for best automated WordPress setup for Brisbane salon owners. Get a free AI mockup for your wordpress automation store or lead system — rep,Fluent Forms|Make.com|WhatsApp reply|CRM sheet|follow-up sequence,automation_demo,best-automated-wordpress-setup-for-brisbane-salon-owners,Searching for “best automated WordPress setup for Brisbane salon owners”? This page breaks down a practical setup for wordpress automation in Brisbane — plus how to get a ready system without waiting weeks.,How fast can I launch a wordpress automation solution?,Most turnkey Shopify transfers happen the same day after payment. WordPress lead automation usually goes live within 48–72 hours.,Is this DIY or done-for-you?,"Both paths exist: buy a prebuilt store, or get the same automation wired on your site. Start with a free WhatsApp mockup.",What do I need before we start?,"A WhatsApp number, niche preference, and budget range. Domain and Shopify/WordPress access come after the mockup call."
Brisbane salon owners WhatsApp lead automation,wordpress automation,Brisbane,commercial,Brisbane Salon Owners WhatsApp Lead Automation,Brisbane Salon Owners WhatsApp Lead Automation (2026),Practical guide for Brisbane salon owners WhatsApp lead automation. Get a free AI mockup for your wordpress automation store or lead system — reply in unde,form fields|AI proposal|Whapi/Twilio|speed reply|CTA,automation_demo,brisbane-salon-owners-whatsapp-lead-automation,Searching for “Brisbane salon owners WhatsApp lead automation”? This page breaks down a practical setup for wordpress automation in Brisbane — plus how to get a ready system without waiting weeks.,How fast can I launch a wordpress automation solution?,Most turnkey Shopify transfers happen the same day after payment. WordPress lead automation usually goes live within 48–72 hours.,Is this DIY or done-for-you?,"Both paths exist: buy a prebuilt store, or get the same automation wired on your site. Start with a free WhatsApp mockup.",What do I need before we start?,"A WhatsApp number, niche preference, and budget range. Domain and Shopify/WordPress access come after the mockup call."
best automated WordPress setup for Brisbane restaurant owners,wordpress automation,Brisbane,commercial,Best Automated WordPress Setup For Brisbane Restaurant Owners,Best Automated WordPress Setup For Brisbane Restaurant ...,Practical guide for best automated WordPress setup for Brisbane restaurant owners. Get a free AI mockup for your wordpress automation store or lead system ,Fluent Forms|Make.com|WhatsApp reply|CRM sheet|follow-up sequence,automation_demo,best-automated-wordpress-setup-for-brisbane-restaurant-owners,Searching for “best automated WordPress setup for Brisbane restaurant owners”? This page breaks down a practical setup for wordpress automation in Brisbane — plus how to get a ready system without waiting weeks.,How fast can I launch a wordpress automation solution?,Most turnkey Shopify transfers happen the same day after payment. WordPress lead automation usually goes live within 48–72 hours.,Is this DIY or done-for-you?,"Both paths exist: buy a prebuilt store, or get the same automation wired on your site. Start with a free WhatsApp mockup.",What do I need before we start?,"A WhatsApp number, niche preference, and budget range. Domain and Shopify/WordPress access come after the mockup call."
Brisbane restaurant owners WhatsApp lead automation,wordpress automation,Brisbane,commercial,Brisbane Restaurant Owners WhatsApp Lead Automation,Brisbane Restaurant Owners WhatsApp Lead Automation (2026),Practical guide for Brisbane restaurant owners WhatsApp lead automation. Get a free AI mockup for your wordpress automation store or lead system — reply in,form fields|AI proposal|Whapi/Twilio|speed reply|CTA,automation_demo,brisbane-restaurant-owners-whatsapp-lead-automation,Searching for “Brisbane restaurant owners WhatsApp lead automation”? This page breaks down a practical setup for wordpress automation in Brisbane — plus how to get a ready system without waiting weeks.,How fast can I launch a wordpress automation solution?,Most turnkey Shopify transfers happen the same day after payment. WordPress lead automation usually goes live within 48–72 hours.,Is this DIY or done-for-you?,"Both paths exist: buy a prebuilt store, or get the same automation wired on your site. Start with a free WhatsApp mockup.",What do I need before we start?,"A WhatsApp number, niche preference, and budget range. Domain and Shopify/WordPress access come after the mockup call."
best automated WordPress setup for Brisbane chiropractors,wordpress automation,Brisbane,commercial,Best Automated WordPress Setup For Brisbane Chiropractors,Best Automated WordPress Setup For Brisbane Chiropractors (2026),Practical guide for best automated WordPress setup for Brisbane chiropractors. Get a free AI mockup for your wordpress automation store or lead system — re,Fluent Forms|Make.com|WhatsApp reply|CRM sheet|follow-up sequence,automation_demo,best-automated-wordpress-setup-for-brisbane-chiropractors,Searching for “best automated WordPress setup for Brisbane chiropractors”? This page breaks down a practical setup for wordpress automation in Brisbane — plus how to get a ready system without waiting weeks.,How fast can I launch a wordpress automation solution?,Most turnkey Shopify transfers happen the same day after payment. WordPress lead automation usually goes live within 48–72 hours.,Is this DIY or done-for-you?,"Both paths exist: buy a prebuilt store, or get the same automation wired on your site. Start with a free WhatsApp mockup.",What do I need before we start?,"A WhatsApp number, niche preference, and budget range. Domain and Shopify/WordPress access come after the mockup call."
Brisbane chiropractors WhatsApp lead automation,wordpress automation,Brisbane,commercial,Brisbane Chiropractors WhatsApp Lead Automation,Brisbane Chiropractors WhatsApp Lead Automation (2026),Practical guide for Brisbane chiropractors WhatsApp lead automation. Get a free AI mockup for your wordpress automation store or lead system — reply in und,form fields|AI proposal|Whapi/Twilio|speed reply|CTA,automation_demo,brisbane-chiropractors-whatsapp-lead-automation,Searching for “Brisbane chiropractors WhatsApp lead automation”? This page breaks down a practical setup for wordpress automation in Brisbane — plus how to get a ready system without waiting weeks.,How fast can I launch a wordpress automation solution?,Most turnkey Shopify transfers happen the same day after payment. WordPress lead automation usually goes live within 48–72 hours.,Is this DIY or done-for-you?,"Both paths exist: buy a prebuilt store, or get the same automation wired on your site. Start with a free WhatsApp mockup.",What do I need before we start?,"A WhatsApp number, niche preference, and budget range. Domain and Shopify/WordPress access come after the mockup call."
best automated WordPress setup for Brisbane tutors,wordpress automation,Brisbane,commercial,Best Automated WordPress Setup For Brisbane Tutors,Best Automated WordPress Setup For Brisbane Tutors (2026),Practical guide for best automated WordPress setup for Brisbane tutors. Get a free AI mockup for your wordpress automation store or lead system — reply in ,Fluent Forms|Make.com|WhatsApp reply|CRM sheet|follow-up sequence,automation_demo,best-automated-wordpress-setup-for-brisbane-tutors,Searching for “best automated WordPress setup for Brisbane tutors”? This page breaks down a practical setup for wordpress automation in Brisbane — plus how to get a ready system without waiting weeks.,How fast can I launch a wordpress automation solution?,Most turnkey Shopify transfers happen the same day after payment. WordPress lead automation usually goes live within 48–72 hours.,Is this DIY or done-for-you?,"Both paths exist: buy a prebuilt store, or get the same automation wired on your site. Start with a free WhatsApp mockup.",What do I need before we start?,"A WhatsApp number, niche preference, and budget range. Domain and Shopify/WordPress access come after the mockup call."
Brisbane tutors WhatsApp lead automation,wordpress automation,Brisbane,commercial,Brisbane Tutors WhatsApp Lead Automation,Brisbane Tutors WhatsApp Lead Automation (2026),Practical guide for Brisbane tutors WhatsApp lead automation. Get a free AI mockup for your wordpress automation store or lead system — reply in under 60 s,form fields|AI proposal|Whapi/Twilio|speed reply|CTA,automation_demo,brisbane-tutors-whatsapp-lead-automation,Searching for “Brisbane tutors WhatsApp lead automation”? This page breaks down a practical setup for wordpress automation in Brisbane — plus how to get a ready system without waiting weeks.,How fast can I launch a wordpress automation solution?,Most turnkey Shopify transfers happen the same day after payment. WordPress lead automation usually goes live within 48–72 hours.,Is this DIY or done-for-you?,"Both paths exist: buy a prebuilt store, or get the same automation wired on your site. Start with a free WhatsApp mockup.",What do I need before we start?,"A WhatsApp number, niche preference, and budget range. Domain and Shopify/WordPress access come after the mockup call."
best automated WordPress setup for Brisbane clinic managers,wordpress automation,Brisbane,commercial,Best Automated WordPress Setup For Brisbane Clinic Managers,Best Automated WordPress Setup For Brisbane Clinic Mana...,Practical guide for best automated WordPress setup for Brisbane clinic managers. Get a free AI mockup for your wordpress automation store or lead system — ,Fluent Forms|Make.com|WhatsApp reply|CRM sheet|follow-up sequence,automation_demo,best-automated-wordpress-setup-for-brisbane-clinic-managers,Searching for “best automated WordPress setup for Brisbane clinic managers”? This page breaks down a practical setup for wordpress automation in Brisbane — plus how to get a ready system without waiting weeks.,How fast can I launch a wordpress automation solution?,Most turnkey Shopify transfers happen the same day after payment. WordPress lead automation usually goes live within 48–72 hours.,Is this DIY or done-for-you?,"Both paths exist: buy a prebuilt store, or get the same automation wired on your site. Start with a free WhatsApp mockup.",What do I need before we start?,"A WhatsApp number, niche preference, and budget range. Domain and Shopify/WordPress access come after the mockup call."
Brisbane clinic managers WhatsApp lead automation,wordpress automation,Brisbane,commercial,Brisbane Clinic Managers WhatsApp Lead Automation,Brisbane Clinic Managers WhatsApp Lead Automation (2026),Practical guide for Brisbane clinic managers WhatsApp lead automation. Get a free AI mockup for your wordpress automation store or lead system — reply in u,form fields|AI proposal|Whapi/Twilio|speed reply|CTA,automation_demo,brisbane-clinic-managers-whatsapp-lead-automation,Searching for “Brisbane clinic managers WhatsApp lead automation”? This page breaks down a practical setup for wordpress automation in Brisbane — plus how to get a ready system without waiting weeks.,How fast can I launch a wordpress automation solution?,Most turnkey Shopify transfers happen the same day after payment. WordPress lead automation usually goes live within 48–72 hours.,Is this DIY or done-for-you?,"Both paths exist: buy a prebuilt store, or get the same automation wired on your site. Start with a free WhatsApp mockup.",What do I need before we start?,"A WhatsApp number, niche preference, and budget range. Domain and Shopify/WordPress access come after the mockup call."
best automated WordPress setup for Brisbane spa owners,wordpress automation,Brisbane,commercial,Best Automated WordPress Setup For Brisbane Spa Owners,Best Automated WordPress Setup For Brisbane Spa Owners (2026),Practical guide for best automated WordPress setup for Brisbane spa owners. Get a free AI mockup for your wordpress automation store or lead system — reply,Fluent Forms|Make.com|WhatsApp reply|CRM sheet|follow-up sequence,automation_demo,best-automated-wordpress-setup-for-brisbane-spa-owners,Searching for “best automated WordPress setup for Brisbane spa owners”? This page breaks down a practical setup for wordpress automation in Brisbane — plus how to get a ready system without waiting weeks.,How fast can I launch a wordpress automation solution?,Most turnkey Shopify transfers happen the same day after payment. WordPress lead automation usually goes live within 48–72 hours.,Is this DIY or done-for-you?,"Both paths exist: buy a prebuilt store, or get the same automation wired on your site. Start with a free WhatsApp mockup.",What do I need before we start?,"A WhatsApp number, niche preference, and budget range. Domain and Shopify/WordPress access come after the mockup call."
Brisbane spa owners WhatsApp lead automation,wordpress automation,Brisbane,commercial,Brisbane Spa Owners WhatsApp Lead Automation,Brisbane Spa Owners WhatsApp Lead Automation (2026),Practical guide for Brisbane spa owners WhatsApp lead automation. Get a free AI mockup for your wordpress automation store or lead system — reply in under ,form fields|AI proposal|Whapi/Twilio|speed reply|CTA,automation_demo,brisbane-spa-owners-whatsapp-lead-automation,Searching for “Brisbane spa owners WhatsApp lead automation”? This page breaks down a practical setup for wordpress automation in Brisbane — plus how to get a ready system without waiting weeks.,How fast can I launch a wordpress automation solution?,Most turnkey Shopify transfers happen the same day after payment. WordPress lead automation usually goes live within 48–72 hours.,Is this DIY or done-for-you?,"Both paths exist: buy a prebuilt store, or get the same automation wired on your site. Start with a free WhatsApp mockup.",What do I need before we start?,"A WhatsApp number, niche preference, and budget range. Domain and Shopify/WordPress access come after the mockup call."
best automated WordPress setup for Brisbane coaches,wordpress automation,Brisbane,commercial,Best Automated WordPress Setup For Brisbane Coaches,Best Automated WordPress Setup For Brisbane Coaches (2026),Practical guide for best automated WordPress setup for Brisbane coaches. Get a free AI mockup for your wordpress automation store or lead system — reply in,Fluent Forms|Make.com|WhatsApp reply|CRM sheet|follow-up sequence,automation_demo,best-automated-wordpress-setup-for-brisbane-coaches,Searching for “best automated WordPress setup for Brisbane coaches”? This page breaks down a practical setup for wordpress automation in Brisbane — plus how to get a ready system without waiting weeks.,How fast can I launch a wordpress automation solution?,Most turnkey Shopify transfers happen the same day after payment. WordPress lead automation usually goes live within 48–72 hours.,Is this DIY or done-for-you?,"Both paths exist: buy a prebuilt store, or get the same automation wired on your site. Start with a free WhatsApp mockup.",What do I need before we start?,"A WhatsApp number, niche preference, and budget range. Domain and Shopify/WordPress access come after the mockup call."
Brisbane coaches WhatsApp lead automation,wordpress automation,Brisbane,commercial,Brisbane Coaches WhatsApp Lead Automation,Brisbane Coaches WhatsApp Lead Automation (2026),Practical guide for Brisbane coaches WhatsApp lead automation. Get a free AI mockup for your wordpress automation store or lead system — reply in under 60 ,form fields|AI proposal|Whapi/Twilio|speed reply|CTA,automation_demo,brisbane-coaches-whatsapp-lead-automation,Searching for “Brisbane coaches WhatsApp lead automation”? This page breaks down a practical setup for wordpress automation in Brisbane — plus how to get a ready system without waiting weeks.,How fast can I launch a wordpress automation solution?,Most turnkey Shopify transfers happen the same day after payment. WordPress lead automation usually goes live within 48–72 hours.,Is this DIY or done-for-you?,"Both paths exist: buy a prebuilt store, or get the same automation wired on your site. Start with a free WhatsApp mockup.",What do I need before we start?,"A WhatsApp number, niche preference, and budget range. Domain and Shopify/WordPress access come after the mockup call."
WhatsApp lead automation for realtors,wordpress automation,,commercial,WhatsApp Lead Automation For Realtors,WhatsApp Lead Automation For Realtors (2026),Practical guide for WhatsApp lead automation for realtors. Get a free AI mockup for your wordpress automation store or lead system — reply in under 60 seco,form fields|AI proposal|Whapi/Twilio|speed reply|CTA,automation_demo,whatsapp-lead-automation-for-realtors,Searching for “WhatsApp lead automation for realtors”? This page breaks down a practical setup for wordpress automation — plus how to get a ready system without waiting weeks.,How fast can I launch a wordpress automation solution?,Most turnkey Shopify transfers happen the same day after payment. WordPress lead automation usually goes live within 48–72 hours.,Is this DIY or done-for-you?,"Both paths exist: buy a prebuilt store, or get the same automation wired on your site. Start with a free WhatsApp mockup.",What do I need before we start?,"A WhatsApp number, niche preference, and budget range. Domain and Shopify/WordPress access come after the mockup call."
Make.com Fluent Forms webhook for realtors,wordpress automation,,informational,Make.Com Fluent Forms Webhook For Realtors,Make.Com Fluent Forms Webhook For Realtors (2026),Practical guide for Make.com Fluent Forms webhook for realtors. Get a free AI mockup for your wordpress automation store or lead system — reply in under 60,Fluent Forms|Make.com|WhatsApp reply|CRM sheet|follow-up sequence,automation_demo,make-com-fluent-forms-webhook-for-realtors,Searching for “Make.com Fluent Forms webhook for realtors”? This page breaks down a practical setup for wordpress automation — plus how to get a ready system without waiting weeks.,How fast can I launch a wordpress automation solution?,Most turnkey Shopify transfers happen the same day after payment. WordPress lead automation usually goes live within 48–72 hours.,Is this DIY or done-for-you?,"Both paths exist: buy a prebuilt store, or get the same automation wired on your site. Start with a free WhatsApp mockup.",What do I need before we start?,"A WhatsApp number, niche preference, and budget range. Domain and Shopify/WordPress access come after the mockup call."
WhatsApp lead automation for dentists,wordpress automation,,commercial,WhatsApp Lead Automation For Dentists,WhatsApp Lead Automation For Dentists (2026),Practical guide for WhatsApp lead automation for dentists. Get a free AI mockup for your wordpress automation store or lead system — reply in under 60 seco,form fields|AI proposal|Whapi/Twilio|speed reply|CTA,automation_demo,whatsapp-lead-automation-for-dentists,Searching for “WhatsApp lead automation for dentists”? This page breaks down a practical setup for wordpress automation — plus how to get a ready system without waiting weeks.,How fast can I launch a wordpress automation solution?,Most turnkey Shopify transfers happen the same day after payment. WordPress lead automation usually goes live within 48–72 hours.,Is this DIY or done-for-you?,"Both paths exist: buy a prebuilt store, or get the same automation wired on your site. Start with a free WhatsApp mockup.",What do I need before we start?,"A WhatsApp number, niche preference, and budget range. Domain and Shopify/WordPress access come after the mockup call."
Make.com Fluent Forms webhook for dentists,wordpress automation,,informational,Make.Com Fluent Forms Webhook For Dentists,Make.Com Fluent Forms Webhook For Dentists (2026),Practical guide for Make.com Fluent Forms webhook for dentists. Get a free AI mockup for your wordpress automation store or lead system — reply in under 60,Fluent Forms|Make.com|WhatsApp reply|CRM sheet|follow-up sequence,automation_demo,make-com-fluent-forms-webhook-for-dentists,Searching for “Make.com Fluent Forms webhook for dentists”? This page breaks down a practical setup for wordpress automation — plus how to get a ready system without waiting weeks.,How fast can I launch a wordpress automation solution?,Most turnkey Shopify transfers happen the same day after payment. WordPress lead automation usually goes live within 48–72 hours.,Is this DIY or done-for-you?,"Both paths exist: buy a prebuilt store, or get the same automation wired on your site. Start with a free WhatsApp mockup.",What do I need before we start?,"A WhatsApp number, niche preference, and budget range. Domain and Shopify/WordPress access come after the mockup call."
WhatsApp lead automation for gym owners,wordpress automation,,commercial,WhatsApp Lead Automation For Gym Owners,WhatsApp Lead Automation For Gym Owners (2026),Practical guide for WhatsApp lead automation for gym owners. Get a free AI mockup for your wordpress automation store or lead system — reply in under 60 se,form fields|AI proposal|Whapi/Twilio|speed reply|CTA,automation_demo,whatsapp-lead-automation-for-gym-owners,Searching for “WhatsApp lead automation for gym owners”? This page breaks down a practical setup for wordpress automation — plus how to get a ready system without waiting weeks.,How fast can I launch a wordpress automation solution?,Most turnkey Shopify transfers happen the same day after payment. WordPress lead automation usually goes live within 48–72 hours.,Is this DIY or done-for-you?,"Both paths exist: buy a prebuilt store, or get the same automation wired on your site. Start with a free WhatsApp mockup.",What do I need before we start?,"A WhatsApp number, niche preference, and budget range. Domain and Shopify/WordPress access come after the mockup call."
Make.com Fluent Forms webhook for gym owners,wordpress automation,,informational,Make.Com Fluent Forms Webhook For Gym Owners,Make.Com Fluent Forms Webhook For Gym Owners (2026),Practical guide for Make.com Fluent Forms webhook for gym owners. Get a free AI mockup for your wordpress automation store or lead system — reply in under ,Fluent Forms|Make.com|WhatsApp reply|CRM sheet|follow-up sequence,automation_demo,make-com-fluent-forms-webhook-for-gym-owners,Searching for “Make.com Fluent Forms webhook for gym owners”? This page breaks down a practical setup for wordpress automation — plus how to get a ready system without waiting weeks.,How fast can I launch a wordpress automation solution?,Most turnkey Shopify transfers happen the same day after payment. WordPress lead automation usually goes live within 48–72 hours.,Is this DIY or done-for-you?,"Both paths exist: buy a prebuilt store, or get the same automation wired on your site. Start with a free WhatsApp mockup.",What do I need before we start?,"A WhatsApp number, niche preference, and budget range. Domain and Shopify/WordPress access come after the mockup call."
WhatsApp lead automation for salon owners,wordpress automation,,commercial,WhatsApp Lead Automation For Salon Owners,WhatsApp Lead Automation For Salon Owners (2026),Practical guide for WhatsApp lead automation for salon owners. Get a free AI mockup for your wordpress automation store or lead system — reply in under 60 ,form fields|AI proposal|Whapi/Twilio|speed reply|CTA,automation_demo,whatsapp-lead-automation-for-salon-owners,Searching for “WhatsApp lead automation for salon owners”? This page breaks down a practical setup for wordpress automation — plus how to get a ready system without waiting weeks.,How fast can I launch a wordpress automation solution?,Most turnkey Shopify transfers happen the same day after payment. WordPress lead automation usually goes live within 48–72 hours.,Is this DIY or done-for-you?,"Both paths exist: buy a prebuilt store, or get the same automation wired on your site. Start with a free WhatsApp mockup.",What do I need before we start?,"A WhatsApp number, niche preference, and budget range. Domain and Shopify/WordPress access come after the mockup call."
Make.com Fluent Forms webhook for salon owners,wordpress automation,,informational,Make.Com Fluent Forms Webhook For Salon Owners,Make.Com Fluent Forms Webhook For Salon Owners (2026),Practical guide for Make.com Fluent Forms webhook for salon owners. Get a free AI mockup for your wordpress automation store or lead system — reply in unde,Fluent Forms|Make.com|WhatsApp reply|CRM sheet|follow-up sequence,automation_demo,make-com-fluent-forms-webhook-for-salon-owners,Searching for “Make.com Fluent Forms webhook for salon owners”? This page breaks down a practical setup for wordpress automation — plus how to get a ready system without waiting weeks.,How fast can I launch a wordpress automation solution?,Most turnkey Shopify transfers happen the same day after payment. WordPress lead automation usually goes live within 48–72 hours.,Is this DIY or done-for-you?,"Both paths exist: buy a prebuilt store, or get the same automation wired on your site. Start with a free WhatsApp mockup.",What do I need before we start?,"A WhatsApp number, niche preference, and budget range. Domain and Shopify/WordPress access come after the mockup call."
WhatsApp lead automation for restaurant owners,wordpress automation,,commercial,WhatsApp Lead Automation For Restaurant Owners,WhatsApp Lead Automation For Restaurant Owners (2026),Practical guide for WhatsApp lead automation for restaurant owners. Get a free AI mockup for your wordpress automation store or lead system — reply in unde,form fields|AI proposal|Whapi/Twilio|speed reply|CTA,automation_demo,whatsapp-lead-automation-for-restaurant-owners,Searching for “WhatsApp lead automation for restaurant owners”? This page breaks down a practical setup for wordpress automation — plus how to get a ready system without waiting weeks.,How fast can I launch a wordpress automation solution?,Most turnkey Shopify transfers happen the same day after payment. WordPress lead automation usually goes live within 48–72 hours.,Is this DIY or done-for-you?,"Both paths exist: buy a prebuilt store, or get the same automation wired on your site. Start with a free WhatsApp mockup.",What do I need before we start?,"A WhatsApp number, niche preference, and budget range. Domain and Shopify/WordPress access come after the mockup call."
Make.com Fluent Forms webhook for restaurant owners,wordpress automation,,informational,Make.Com Fluent Forms Webhook For Restaurant Owners,Make.Com Fluent Forms Webhook For Restaurant Owners (2026),Practical guide for Make.com Fluent Forms webhook for restaurant owners. Get a free AI mockup for your wordpress automation store or lead system — reply in,Fluent Forms|Make.com|WhatsApp reply|CRM sheet|follow-up sequence,automation_demo,make-com-fluent-forms-webhook-for-restaurant-owners,Searching for “Make.com Fluent Forms webhook for restaurant owners”? This page breaks down a practical setup for wordpress automation — plus how to get a ready system without waiting weeks.,How fast can I launch a wordpress automation solution?,Most turnkey Shopify transfers happen the same day after payment. WordPress lead automation usually goes live within 48–72 hours.,Is this DIY or done-for-you?,"Both paths exist: buy a prebuilt store, or get the same automation wired on your site. Start with a free WhatsApp mockup.",What do I need before we start?,"A WhatsApp number, niche preference, and budget range. Domain and Shopify/WordPress access come after the mockup call."
WhatsApp lead automation for chiropractors,wordpress automation,,commercial,WhatsApp Lead Automation For Chiropractors,WhatsApp Lead Automation For Chiropractors (2026),Practical guide for WhatsApp lead automation for chiropractors. Get a free AI mockup for your wordpress automation store or lead system — reply in under 60,form fields|AI proposal|Whapi/Twilio|speed reply|CTA,automation_demo,whatsapp-lead-automation-for-chiropractors,Searching for “WhatsApp lead automation for chiropractors”? This page breaks down a practical setup for wordpress automation — plus how to get a ready system without waiting weeks.,How fast can I launch a wordpress automation solution?,Most turnkey Shopify transfers happen the same day after payment. WordPress lead automation usually goes live within 48–72 hours.,Is this DIY or done-for-you?,"Both paths exist: buy a prebuilt store, or get the same automation wired on your site. Start with a free WhatsApp mockup.",What do I need before we start?,"A WhatsApp number, niche preference, and budget range. Domain and Shopify/WordPress access come after the mockup call."
Make.com Fluent Forms webhook for chiropractors,wordpress automation,,informational,Make.Com Fluent Forms Webhook For Chiropractors,Make.Com Fluent Forms Webhook For Chiropractors (2026),Practical guide for Make.com Fluent Forms webhook for chiropractors. Get a free AI mockup for your wordpress automation store or lead system — reply in und,Fluent Forms|Make.com|WhatsApp reply|CRM sheet|follow-up sequence,automation_demo,make-com-fluent-forms-webhook-for-chiropractors,Searching for “Make.com Fluent Forms webhook for chiropractors”? This page breaks down a practical setup for wordpress automation — plus how to get a ready system without waiting weeks.,How fast can I launch a wordpress automation solution?,Most turnkey Shopify transfers happen the same day after payment. WordPress lead automation usually goes live within 48–72 hours.,Is this DIY or done-for-you?,"Both paths exist: buy a prebuilt store, or get the same automation wired on your site. Start with a free WhatsApp mockup.",What do I need before we start?,"A WhatsApp number, niche preference, and budget range. Domain and Shopify/WordPress access come after the mockup call."
WhatsApp lead automation for tutors,wordpress automation,,commercial,WhatsApp Lead Automation For Tutors,WhatsApp Lead Automation For Tutors (2026),Practical guide for WhatsApp lead automation for tutors. Get a free AI mockup for your wordpress automation store or lead system — reply in under 60 second,form fields|AI proposal|Whapi/Twilio|speed reply|CTA,automation_demo,whatsapp-lead-automation-for-tutors,Searching for “WhatsApp lead automation for tutors”? This page breaks down a practical setup for wordpress automation — plus how to get a ready system without waiting weeks.,How fast can I launch a wordpress automation solution?,Most turnkey Shopify transfers happen the same day after payment. WordPress lead automation usually goes live within 48–72 hours.,Is this DIY or done-for-you?,"Both paths exist: buy a prebuilt store, or get the same automation wired on your site. Start with a free WhatsApp mockup.",What do I need before we start?,"A WhatsApp number, niche preference, and budget range. Domain and Shopify/WordPress access come after the mockup call."
Make.com Fluent Forms webhook for tutors,wordpress automation,,informational,Make.Com Fluent Forms Webhook For Tutors,Make.Com Fluent Forms Webhook For Tutors (2026),Practical guide for Make.com Fluent Forms webhook for tutors. Get a free AI mockup for your wordpress automation store or lead system — reply in under 60 s,Fluent Forms|Make.com|WhatsApp reply|CRM sheet|follow-up sequence,automation_demo,make-com-fluent-forms-webhook-for-tutors,Searching for “Make.com Fluent Forms webhook for tutors”? This page breaks down a practical setup for wordpress automation — plus how to get a ready system without waiting weeks.,How fast can I launch a wordpress automation solution?,Most turnkey Shopify transfers happen the same day after payment. WordPress lead automation usually goes live within 48–72 hours.,Is this DIY or done-for-you?,"Both paths exist: buy a prebuilt store, or get the same automation wired on your site. Start with a free WhatsApp mockup.",What do I need before we start?,"A WhatsApp number, niche preference, and budget range. Domain and Shopify/WordPress access come after the mockup call."
WhatsApp lead automation for clinic managers,wordpress automation,,commercial,WhatsApp Lead Automation For Clinic Managers,WhatsApp Lead Automation For Clinic Managers (2026),Practical guide for WhatsApp lead automation for clinic managers. Get a free AI mockup for your wordpress automation store or lead system — reply in under ,form fields|AI proposal|Whapi/Twilio|speed reply|CTA,automation_demo,whatsapp-lead-automation-for-clinic-managers,Searching for “WhatsApp lead automation for clinic managers”? This page breaks down a practical setup for wordpress automation — plus how to get a ready system without waiting weeks.,How fast can I launch a wordpress automation solution?,Most turnkey Shopify transfers happen the same day after payment. WordPress lead automation usually goes live within 48–72 hours.,Is this DIY or done-for-you?,"Both paths exist: buy a prebuilt store, or get the same automation wired on your site. Start with a free WhatsApp mockup.",What do I need before we start?,"A WhatsApp number, niche preference, and budget range. Domain and Shopify/WordPress access come after the mockup call."
Make.com Fluent Forms webhook for clinic managers,wordpress automation,,informational,Make.Com Fluent Forms Webhook For Clinic Managers,Make.Com Fluent Forms Webhook For Clinic Managers (2026),Practical guide for Make.com Fluent Forms webhook for clinic managers. Get a free AI mockup for your wordpress automation store or lead system — reply in u,Fluent Forms|Make.com|WhatsApp reply|CRM sheet|follow-up sequence,automation_demo,make-com-fluent-forms-webhook-for-clinic-managers,Searching for “Make.com Fluent Forms webhook for clinic managers”? This page breaks down a practical setup for wordpress automation — plus how to get a ready system without waiting weeks.,How fast can I launch a wordpress automation solution?,Most turnkey Shopify transfers happen the same day after payment. WordPress lead automation usually goes live within 48–72 hours.,Is this DIY or done-for-you?,"Both paths exist: buy a prebuilt store, or get the same automation wired on your site. Start with a free WhatsApp mockup.",What do I need before we start?,"A WhatsApp number, niche preference, and budget range. Domain and Shopify/WordPress access come after the mockup call."
WhatsApp lead automation for spa owners,wordpress automation,,commercial,WhatsApp Lead Automation For Spa Owners,WhatsApp Lead Automation For Spa Owners (2026),Practical guide for WhatsApp lead automation for spa owners. Get a free AI mockup for your wordpress automation store or lead system — reply in under 60 se,form fields|AI proposal|Whapi/Twilio|speed reply|CTA,automation_demo,whatsapp-lead-automation-for-spa-owners,Searching for “WhatsApp lead automation for spa owners”? This page breaks down a practical setup for wordpress automation — plus how to get a ready system without waiting weeks.,How fast can I launch a wordpress automation solution?,Most turnkey Shopify transfers happen the same day after payment. WordPress lead automation usually goes live within 48–72 hours.,Is this DIY or done-for-you?,"Both paths exist: buy a prebuilt store, or get the same automation wired on your site. Start with a free WhatsApp mockup.",What do I need before we start?,"A WhatsApp number, niche preference, and budget range. Domain and Shopify/WordPress access come after the mockup call."
Make.com Fluent Forms webhook for spa owners,wordpress automation,,informational,Make.Com Fluent Forms Webhook For Spa Owners,Make.Com Fluent Forms Webhook For Spa Owners (2026),Practical guide for Make.com Fluent Forms webhook for spa owners. Get a free AI mockup for your wordpress automation store or lead system — reply in under ,Fluent Forms|Make.com|WhatsApp reply|CRM sheet|follow-up sequence,automation_demo,make-com-fluent-forms-webhook-for-spa-owners,Searching for “Make.com Fluent Forms webhook for spa owners”? This page breaks down a practical setup for wordpress automation — plus how to get a ready system without waiting weeks.,How fast can I launch a wordpress automation solution?,Most turnkey Shopify transfers happen the same day after payment. WordPress lead automation usually goes live within 48–72 hours.,Is this DIY or done-for-you?,"Both paths exist: buy a prebuilt store, or get the same automation wired on your site. Start with a free WhatsApp mockup.",What do I need before we start?,"A WhatsApp number, niche preference, and budget range. Domain and Shopify/WordPress access come after the mockup call."
WhatsApp lead automation for coaches,wordpress automation,,commercial,WhatsApp Lead Automation For Coaches,WhatsApp Lead Automation For Coaches (2026),Practical guide for WhatsApp lead automation for coaches. Get a free AI mockup for your wordpress automation store or lead system — reply in under 60 secon,form fields|AI proposal|Whapi/Twilio|speed reply|CTA,automation_demo,whatsapp-lead-automation-for-coaches,Searching for “WhatsApp lead automation for coaches”? This page breaks down a practical setup for wordpress automation — plus how to get a ready system without waiting weeks.,How fast can I launch a wordpress automation solution?,Most turnkey Shopify transfers happen the same day after payment. WordPress lead automation usually goes live within 48–72 hours.,Is this DIY or done-for-you?,"Both paths exist: buy a prebuilt store, or get the same automation wired on your site. Start with a free WhatsApp mockup.",What do I need before we start?,"A WhatsApp number, niche preference, and budget range. Domain and Shopify/WordPress access come after the mockup call."
Make.com Fluent Forms webhook for coaches,wordpress automation,,informational,Make.Com Fluent Forms Webhook For Coaches,Make.Com Fluent Forms Webhook For Coaches (2026),Practical guide for Make.com Fluent Forms webhook for coaches. Get a free AI mockup for your wordpress automation store or lead system — reply in under 60 ,Fluent Forms|Make.com|WhatsApp reply|CRM sheet|follow-up sequence,automation_demo,make-com-fluent-forms-webhook-for-coaches,Searching for “Make.com Fluent Forms webhook for coaches”? This page breaks down a practical setup for wordpress automation — plus how to get a ready system without waiting weeks.,How fast can I launch a wordpress automation solution?,Most turnkey Shopify transfers happen the same day after payment. WordPress lead automation usually goes live within 48–72 hours.,Is this DIY or done-for-you?,"Both paths exist: buy a prebuilt store, or get the same automation wired on your site. Start with a free WhatsApp mockup.",What do I need before we start?,"A WhatsApp number, niche preference, and budget range. Domain and Shopify/WordPress access come after the mockup call."
Austin pet supplies Shopify store for sale,pet supplies,Austin,transactional,Austin Pet Supplies Shopify Store For Sale,Austin Pet Supplies Shopify Store For Sale (2026),Practical guide for Austin pet supplies Shopify store for sale. Get a free AI mockup for your pet supplies store or lead system — reply in under 60 seconds,preloaded products|shipping policy|tracking page|supplier connected|same-day transfer,store_transfer,austin-pet-supplies-shopify-store-for-sale,Searching for “Austin pet supplies Shopify store for sale”? This page breaks down a practical setup for pet supplies in Austin — plus how to get a ready system without waiting weeks.,How fast can I launch a pet supplies solution?,Most turnkey Shopify transfers happen the same day after payment. WordPress lead automation usually goes live within 48–72 hours.,Is this DIY or done-for-you?,"Both paths exist: buy a prebuilt store, or get the same automation wired on your site. Start with a free WhatsApp mockup.",What do I need before we start?,"A WhatsApp number, niche preference, and budget range. Domain and Shopify/WordPress access come after the mockup call."
how to start pet supplies Shopify store in Austin,pet supplies,Austin,informational,How To Start Pet Supplies Shopify Store In Austin,How To Start Pet Supplies Shopify Store In Austin (2026),Practical guide for how to start pet supplies Shopify store in Austin. Get a free AI mockup for your pet supplies store or lead system — reply in under 60 ,supplier sync|low-stock alerts|SKU naming|bundles|returns workflow,whatsapp_mockup,how-to-start-pet-supplies-shopify-store-in-austin,Searching for “how to start pet supplies Shopify store in Austin”? This page breaks down a practical setup for pet supplies in Austin — plus how to get a ready system without waiting weeks.,How fast can I launch a pet supplies solution?,Most turnkey Shopify transfers happen the same day after payment. WordPress lead automation usually goes live within 48–72 hours.,Is this DIY or done-for-you?,"Both paths exist: buy a prebuilt store, or get the same automation wired on your site. Start with a free WhatsApp mockup.",What do I need before we start?,"A WhatsApp number, niche preference, and budget range. Domain and Shopify/WordPress access come after the mockup call."
Denver pet supplies Shopify store for sale,pet supplies,Denver,transactional,Denver Pet Supplies Shopify Store For Sale,Denver Pet Supplies Shopify Store For Sale (2026),Practical guide for Denver pet supplies Shopify store for sale. Get a free AI mockup for your pet supplies store or lead system — reply in under 60 seconds,preloaded products|shipping policy|tracking page|supplier connected|same-day transfer,store_transfer,denver-pet-supplies-shopify-store-for-sale,Searching for “Denver pet supplies Shopify store for sale”? This page breaks down a practical setup for pet supplies in Denver — plus how to get a ready system without waiting weeks.,How fast can I launch a pet supplies solution?,Most turnkey Shopify transfers happen the same day after payment. WordPress lead automation usually goes live within 48–72 hours.,Is this DIY or done-for-you?,"Both paths exist: buy a prebuilt store, or get the same automation wired on your site. Start with a free WhatsApp mockup.",What do I need before we start?,"A WhatsApp number, niche preference, and budget range. Domain and Shopify/WordPress access come after the mockup call."
how to start pet supplies Shopify store in Denver,pet supplies,Denver,informational,How To Start Pet Supplies Shopify Store In Denver,How To Start Pet Supplies Shopify Store In Denver (2026),Practical guide for how to start pet supplies Shopify store in Denver. Get a free AI mockup for your pet supplies store or lead system — reply in under 60 ,supplier sync|low-stock alerts|SKU naming|bundles|returns workflow,whatsapp_mockup,how-to-start-pet-supplies-shopify-store-in-denver,Searching for “how to start pet supplies Shopify store in Denver”? This page breaks down a practical setup for pet supplies in Denver — plus how to get a ready system without waiting weeks.,How fast can I launch a pet supplies solution?,Most turnkey Shopify transfers happen the same day after payment. WordPress lead automation usually goes live within 48–72 hours.,Is this DIY or done-for-you?,"Both paths exist: buy a prebuilt store, or get the same automation wired on your site. Start with a free WhatsApp mockup.",What do I need before we start?,"A WhatsApp number, niche preference, and budget range. Domain and Shopify/WordPress access come after the mockup call."
Portland pet supplies Shopify store for sale,pet supplies,Portland,transactional,Portland Pet Supplies Shopify Store For Sale,Portland Pet Supplies Shopify Store For Sale (2026),Practical guide for Portland pet supplies Shopify store for sale. Get a free AI mockup for your pet supplies store or lead system — reply in under 60 secon,preloaded products|shipping policy|tracking page|supplier connected|same-day transfer,store_transfer,portland-pet-supplies-shopify-store-for-sale,Searching for “Portland pet supplies Shopify store for sale”? This page breaks down a practical setup for pet supplies in Portland — plus how to get a ready system without waiting weeks.,How fast can I launch a pet supplies solution?,Most turnkey Shopify transfers happen the same day after payment. WordPress lead automation usually goes live within 48–72 hours.,Is this DIY or done-for-you?,"Both paths exist: buy a prebuilt store, or get the same automation wired on your site. Start with a free WhatsApp mockup.",What do I need before we start?,"A WhatsApp number, niche preference, and budget range. Domain and Shopify/WordPress access come after the mockup call."
how to start pet supplies Shopify store in Portland,pet supplies,Portland,informational,How To Start Pet Supplies Shopify Store In Portland,How To Start Pet Supplies Shopify Store In Portland (2026),Practical guide for how to start pet supplies Shopify store in Portland. Get a free AI mockup for your pet supplies store or lead system — reply in under 6,supplier sync|low-stock alerts|SKU naming|bundles|returns workflow,whatsapp_mockup,how-to-start-pet-supplies-shopify-store-in-portland,Searching for “how to start pet supplies Shopify store in Portland”? This page breaks down a practical setup for pet supplies in Portland — plus how to get a ready system without waiting weeks.,How fast can I launch a pet supplies solution?,Most turnkey Shopify transfers happen the same day after payment. WordPress lead automation usually goes live within 48–72 hours.,Is this DIY or done-for-you?,"Both paths exist: buy a prebuilt store, or get the same automation wired on your site. Start with a free WhatsApp mockup.",What do I need before we start?,"A WhatsApp number, niche preference, and budget range. Domain and Shopify/WordPress access come after the mockup call."
Nashville pet supplies Shopify store for sale,pet supplies,Nashville,transactional,Nashville Pet Supplies Shopify Store For Sale,Nashville Pet Supplies Shopify Store For Sale (2026),Practical guide for Nashville pet supplies Shopify store for sale. Get a free AI mockup for your pet supplies store or lead system — reply in under 60 seco,preloaded products|shipping policy|tracking page|supplier connected|same-day transfer,store_transfer,nashville-pet-supplies-shopify-store-for-sale,Searching for “Nashville pet supplies Shopify store for sale”? This page breaks down a practical setup for pet supplies in Nashville — plus how to get a ready system without waiting weeks.,How fast can I launch a pet supplies solution?,Most turnkey Shopify transfers happen the same day after payment. WordPress lead automation usually goes live within 48–72 hours.,Is this DIY or done-for-you?,"Both paths exist: buy a prebuilt store, or get the same automation wired on your site. Start with a free WhatsApp mockup.",What do I need before we start?,"A WhatsApp number, niche preference, and budget range. Domain and Shopify/WordPress access come after the mockup call."
how to start pet supplies Shopify store in Nashville,pet supplies,Nashville,informational,How To Start Pet Supplies Shopify Store In Nashville,How To Start Pet Supplies Shopify Store In Nashville (2026),Practical guide for how to start pet supplies Shopify store in Nashville. Get a free AI mockup for your pet supplies store or lead system — reply in under ,supplier sync|low-stock alerts|SKU naming|bundles|returns workflow,whatsapp_mockup,how-to-start-pet-supplies-shopify-store-in-nashville,Searching for “how to start pet supplies Shopify store in Nashville”? This page breaks down a practical setup for pet supplies in Nashville — plus how to get a ready system without waiting weeks.,How fast can I launch a pet supplies solution?,Most turnkey Shopify transfers happen the same day after payment. WordPress lead automation usually goes live within 48–72 hours.,Is this DIY or done-for-you?,"Both paths exist: buy a prebuilt store, or get the same automation wired on your site. Start with a free WhatsApp mockup.",What do I need before we start?,"A WhatsApp number, niche preference, and budget range. Domain and Shopify/WordPress access come after the mockup call."
Raleigh pet supplies Shopify store for sale,pet supplies,Raleigh,transactional,Raleigh Pet Supplies Shopify Store For Sale,Raleigh Pet Supplies Shopify Store For Sale (2026),Practical guide for Raleigh pet supplies Shopify store for sale. Get a free AI mockup for your pet supplies store or lead system — reply in under 60 second,preloaded products|shipping policy|tracking page|supplier connected|same-day transfer,store_transfer,raleigh-pet-supplies-shopify-store-for-sale,Searching for “Raleigh pet supplies Shopify store for sale”? This page breaks down a practical setup for pet supplies in Raleigh — plus how to get a ready system without waiting weeks.,How fast can I launch a pet supplies solution?,Most turnkey Shopify transfers happen the same day after payment. WordPress lead automation usually goes live within 48–72 hours.,Is this DIY or done-for-you?,"Both paths exist: buy a prebuilt store, or get the same automation wired on your site. Start with a free WhatsApp mockup.",What do I need before we start?,"A WhatsApp number, niche preference, and budget range. Domain and Shopify/WordPress access come after the mockup call."
how to start pet supplies Shopify store in Raleigh,pet supplies,Raleigh,informational,How To Start Pet Supplies Shopify Store In Raleigh,How To Start Pet Supplies Shopify Store In Raleigh (2026),Practical guide for how to start pet supplies Shopify store in Raleigh. Get a free AI mockup for your pet supplies store or lead system — reply in under 60,supplier sync|low-stock alerts|SKU naming|bundles|returns workflow,whatsapp_mockup,how-to-start-pet-supplies-shopify-store-in-raleigh,Searching for “how to start pet supplies Shopify store in Raleigh”? This page breaks down a practical setup for pet supplies in Raleigh — plus how to get a ready system without waiting weeks.,How fast can I launch a pet supplies solution?,Most turnkey Shopify transfers happen the same day after payment. WordPress lead automation usually goes live within 48–72 hours.,Is this DIY or done-for-you?,"Both paths exist: buy a prebuilt store, or get the same automation wired on your site. Start with a free WhatsApp mockup.",What do I need before we start?,"A WhatsApp number, niche preference, and budget range. Domain and Shopify/WordPress access come after the mockup call."
Tampa pet supplies Shopify store for sale,pet supplies,Tampa,transactional,Tampa Pet Supplies Shopify Store For Sale,Tampa Pet Supplies Shopify Store For Sale (2026),Practical guide for Tampa pet supplies Shopify store for sale. Get a free AI mockup for your pet supplies store or lead system — reply in under 60 seconds.,preloaded products|shipping policy|tracking page|supplier connected|same-day transfer,store_transfer,tampa-pet-supplies-shopify-store-for-sale,Searching for “Tampa pet supplies Shopify store for sale”? This page breaks down a practical setup for pet supplies in Tampa — plus how to get a ready system without waiting weeks.,How fast can I launch a pet supplies solution?,Most turnkey Shopify transfers happen the same day after payment. WordPress lead automation usually goes live within 48–72 hours.,Is this DIY or done-for-you?,"Both paths exist: buy a prebuilt store, or get the same automation wired on your site. Start with a free WhatsApp mockup.",What do I need before we start?,"A WhatsApp number, niche preference, and budget range. Domain and Shopify/WordPress access come after the mockup call."
how to start pet supplies Shopify store in Tampa,pet supplies,Tampa,informational,How To Start Pet Supplies Shopify Store In Tampa,How To Start Pet Supplies Shopify Store In Tampa (2026),Practical guide for how to start pet supplies Shopify store in Tampa. Get a free AI mockup for your pet supplies store or lead system — reply in under 60 s,supplier sync|low-stock alerts|SKU naming|bundles|returns workflow,whatsapp_mockup,how-to-start-pet-supplies-shopify-store-in-tampa,Searching for “how to start pet supplies Shopify store in Tampa”? This page breaks down a practical setup for pet supplies in Tampa — plus how to get a ready system without waiting weeks.,How fast can I launch a pet supplies solution?,Most turnkey Shopify transfers happen the same day after payment. WordPress lead automation usually goes live within 48–72 hours.,Is this DIY or done-for-you?,"Both paths exist: buy a prebuilt store, or get the same automation wired on your site. Start with a free WhatsApp mockup.",What do I need before we start?,"A WhatsApp number, niche preference, and budget range. Domain and Shopify/WordPress access come after the mockup call."
Phoenix pet supplies Shopify store for sale,pet supplies,Phoenix,transactional,Phoenix Pet Supplies Shopify Store For Sale,Phoenix Pet Supplies Shopify Store For Sale (2026),Practical guide for Phoenix pet supplies Shopify store for sale. Get a free AI mockup for your pet supplies store or lead system — reply in under 60 second,preloaded products|shipping policy|tracking page|supplier connected|same-day transfer,store_transfer,phoenix-pet-supplies-shopify-store-for-sale,Searching for “Phoenix pet supplies Shopify store for sale”? This page breaks down a practical setup for pet supplies in Phoenix — plus how to get a ready system without waiting weeks.,How fast can I launch a pet supplies solution?,Most turnkey Shopify transfers happen the same day after payment. WordPress lead automation usually goes live within 48–72 hours.,Is this DIY or done-for-you?,"Both paths exist: buy a prebuilt store, or get the same automation wired on your site. Start with a free WhatsApp mockup.",What do I need before we start?,"A WhatsApp number, niche preference, and budget range. Domain and Shopify/WordPress access come after the mockup call."
how to start pet supplies Shopify store in Phoenix,pet supplies,Phoenix,informational,How To Start Pet Supplies Shopify Store In Phoenix,How To Start Pet Supplies Shopify Store In Phoenix (2026),Practical guide for how to start pet supplies Shopify store in Phoenix. Get a free AI mockup for your pet supplies store or lead system — reply in under 60,supplier sync|low-stock alerts|SKU naming|bundles|returns workflow,whatsapp_mockup,how-to-start-pet-supplies-shopify-store-in-phoenix,Searching for “how to start pet supplies Shopify store in Phoenix”? This page breaks down a practical setup for pet supplies in Phoenix — plus how to get a ready system without waiting weeks.,How fast can I launch a pet supplies solution?,Most turnkey Shopify transfers happen the same day after payment. WordPress lead automation usually goes live within 48–72 hours.,Is this DIY or done-for-you?,"Both paths exist: buy a prebuilt store, or get the same automation wired on your site. Start with a free WhatsApp mockup.",What do I need before we start?,"A WhatsApp number, niche preference, and budget range. Domain and Shopify/WordPress access come after the mockup call."
Manchester pet supplies Shopify store for sale,pet supplies,Manchester,transactional,Manchester Pet Supplies Shopify Store For Sale,Manchester Pet Supplies Shopify Store For Sale (2026),Practical guide for Manchester pet supplies Shopify store for sale. Get a free AI mockup for your pet supplies store or lead system — reply in under 60 sec,preloaded products|shipping policy|tracking page|supplier connected|same-day transfer,store_transfer,manchester-pet-supplies-shopify-store-for-sale,Searching for “Manchester pet supplies Shopify store for sale”? This page breaks down a practical setup for pet supplies in Manchester — plus how to get a ready system without waiting weeks.,How fast can I launch a pet supplies solution?,Most turnkey Shopify transfers happen the same day after payment. WordPress lead automation usually goes live within 48–72 hours.,Is this DIY or done-for-you?,"Both paths exist: buy a prebuilt store, or get the same automation wired on your site. Start with a free WhatsApp mockup.",What do I need before we start?,"A WhatsApp number, niche preference, and budget range. Domain and Shopify/WordPress access come after the mockup call."
how to start pet supplies Shopify store in Manchester,pet supplies,Manchester,informational,How To Start Pet Supplies Shopify Store In Manchester,How To Start Pet Supplies Shopify Store In Manchester (2026),Practical guide for how to start pet supplies Shopify store in Manchester. Get a free AI mockup for your pet supplies store or lead system — reply in under,supplier sync|low-stock alerts|SKU naming|bundles|returns workflow,whatsapp_mockup,how-to-start-pet-supplies-shopify-store-in-manchester,Searching for “how to start pet supplies Shopify store in Manchester”? This page breaks down a practical setup for pet supplies in Manchester — plus how to get a ready system without waiting weeks.,How fast can I launch a pet supplies solution?,Most turnkey Shopify transfers happen the same day after payment. WordPress lead automation usually goes live within 48–72 hours.,Is this DIY or done-for-you?,"Both paths exist: buy a prebuilt store, or get the same automation wired on your site. Start with a free WhatsApp mockup.",What do I need before we start?,"A WhatsApp number, niche preference, and budget range. Domain and Shopify/WordPress access come after the mockup call."
Bristol pet supplies Shopify store for sale,pet supplies,Bristol,transactional,Bristol Pet Supplies Shopify Store For Sale,Bristol Pet Supplies Shopify Store For Sale (2026),Practical guide for Bristol pet supplies Shopify store for sale. Get a free AI mockup for your pet supplies store or lead system — reply in under 60 second,preloaded products|shipping policy|tracking page|supplier connected|same-day transfer,store_transfer,bristol-pet-supplies-shopify-store-for-sale,Searching for “Bristol pet supplies Shopify store for sale”? This page breaks down a practical setup for pet supplies in Bristol — plus how to get a ready system without waiting weeks.,How fast can I launch a pet supplies solution?,Most turnkey Shopify transfers happen the same day after payment. WordPress lead automation usually goes live within 48–72 hours.,Is this DIY or done-for-you?,"Both paths exist: buy a prebuilt store, or get the same automation wired on your site. Start with a free WhatsApp mockup.",What do I need before we start?,"A WhatsApp number, niche preference, and budget range. Domain and Shopify/WordPress access come after the mockup call."
how to start pet supplies Shopify store in Bristol,pet supplies,Bristol,informational,How To Start Pet Supplies Shopify Store In Bristol,How To Start Pet Supplies Shopify Store In Bristol (2026),Practical guide for how to start pet supplies Shopify store in Bristol. Get a free AI mockup for your pet supplies store or lead system — reply in under 60,supplier sync|low-stock alerts|SKU naming|bundles|returns workflow,whatsapp_mockup,how-to-start-pet-supplies-shopify-store-in-bristol,Searching for “how to start pet supplies Shopify store in Bristol”? This page breaks down a practical setup for pet supplies in Bristol — plus how to get a ready system without waiting weeks.,How fast can I launch a pet supplies solution?,Most turnkey Shopify transfers happen the same day after payment. WordPress lead automation usually goes live within 48–72 hours.,Is this DIY or done-for-you?,"Both paths exist: buy a prebuilt store, or get the same automation wired on your site. Start with a free WhatsApp mockup.",What do I need before we start?,"A WhatsApp number, niche preference, and budget range. Domain and Shopify/WordPress access come after the mockup call."
Leeds pet supplies Shopify store for sale,pet supplies,Leeds,transactional,Leeds Pet Supplies Shopify Store For Sale,Leeds Pet Supplies Shopify Store For Sale (2026),Practical guide for Leeds pet supplies Shopify store for sale. Get a free AI mockup for your pet supplies store or lead system — reply in under 60 seconds.,preloaded products|shipping policy|tracking page|supplier connected|same-day transfer,store_transfer,leeds-pet-supplies-shopify-store-for-sale,Searching for “Leeds pet supplies Shopify store for sale”? This page breaks down a practical setup for pet supplies in Leeds — plus how to get a ready system without waiting weeks.,How fast can I launch a pet supplies solution?,Most turnkey Shopify transfers happen the same day after payment. WordPress lead automation usually goes live within 48–72 hours.,Is this DIY or done-for-you?,"Both paths exist: buy a prebuilt store, or get the same automation wired on your site. Start with a free WhatsApp mockup.",What do I need before we start?,"A WhatsApp number, niche preference, and budget range. Domain and Shopify/WordPress access come after the mockup call."
how to start pet supplies Shopify store in Leeds,pet supplies,Leeds,informational,How To Start Pet Supplies Shopify Store In Leeds,How To Start Pet Supplies Shopify Store In Leeds (2026),Practical guide for how to start pet supplies Shopify store in Leeds. Get a free AI mockup for your pet supplies store or lead system — reply in under 60 s,supplier sync|low-stock alerts|SKU naming|bundles|returns workflow,whatsapp_mockup,how-to-start-pet-supplies-shopify-store-in-leeds,Searching for “how to start pet supplies Shopify store in Leeds”? This page breaks down a practical setup for pet supplies in Leeds — plus how to get a ready system without waiting weeks.,How fast can I launch a pet supplies solution?,Most turnkey Shopify transfers happen the same day after payment. WordPress lead automation usually goes live within 48–72 hours.,Is this DIY or done-for-you?,"Both paths exist: buy a prebuilt store, or get the same automation wired on your site. Start with a free WhatsApp mockup.",What do I need before we start?,"A WhatsApp number, niche preference, and budget range. Domain and Shopify/WordPress access come after the mockup call."